-91.234268
-15.744080
-14.966116
-90.695656
1.520190
-14.630775
-27.533913
-19.810667
-17.670031
-18.938602
-27.910528
-24.464926
-34.172382
-26.278687
-27.703156
-26.870506
-54.211712
-79.835365
-24.848680
-23.143326
-91.794510
-92.653687
-87.426468
-91.685410
-89.582123
-91.478157
-74.103752
-88.076271
-86.188957
-91.870468
-89.695946
-89.345108
-90.773048
-91.987617
-91.414490
-91.490082
-79.663063
-39.727802
-9.747396
-90.945969
-81.851837
-39.874340
-91.581940
-92.132050
-91.125381
-91.414589
-91.659897
-89.168884
-91.168129
-90.292419
-93.472092
-89.689728
-90.337685
-90.874176
-89.589897
-91.510086
-92.249359
-90.310417
-89.583618
-92.608475
-90.192429
-92.372528
-92.552734
-92.679199
-91.471817
-90.026627
-90.806190
-91.361092
-91.260040
-92.149872
-88.849327
-90.933784
-91.402061
-91.202942
-92.144203
-92.405930
-91.294579
-90.770264
-92.028183
-92.284508
-90.843407
-91.057358
-91.700790
-91.236313
-90.840378
-91.099136
-91.648308
-91.241249
-35.705070
-91.580421
-91.162674
-92.719643
-91.130997
-89.151917
-92.005798
-88.137886
-92.807549
-92.793190
-90.948074
-93.108185
-91.922859
-90.295341
-92.985069
-92.061523
-92.494827
-93.049812
-91.668045
-92.103577
-90.760529
-89.536514
-92.323105
-91.370392
-91.207298
-91.872757
-92.305275
-92.150017
-93.205978
-91.365097
-92.267578
-91.523643
-93.217537
-89.863144
-37.565033
-89.743385
-34.255711
-91.851974
-90.899788
-92.043747
-91.348953
-93.186989
-93.503220
-92.329910
-91.495277
-92.704369
-91.092537
-91.534439
-91.358177
-91.773788
-90.839470
-91.551804
-93.307434
-91.217087
-90.828285
-93.148117
-92.037285
-92.116974
-93.112480
-91.857300
-91.852142
-90.598099
-91.082260
-91.471504
-41.390526
-92.596718
-40.384602
-90.648193
-23.107246
-31.441763
-33.154804
-33.613678
-33.543938
-22.394886
-27.790163
-27.040468
-31.812260
-32.308613
-29.966801
-35.011162
-30.007751
-33.199600
-35.722557
-34.508041
-38.173058
-38.432861
-30.360388
-41.267570
-33.170570
-35.981731
-33.077991
-30.451977
-33.909271
-28.582916
-34.862072
-26.921947
-31.881039
-30.452984
-30.921043
-26.878956
-27.786966
-34.840664
-26.774765
-28.989727
-32.164658
-32.961716
-35.983490
-29.717665
-34.432030
-30.451534
-30.182520
-30.825523
-26.031662
-29.679697
-24.053631
-32.110825
-27.946945
-32.186306
-28.740335
-31.383718
-24.904770
-33.657578
-29.128256
-22.736923
-32.967529
-28.030359
-34.955597
-27.788197
-26.301849
-37.105762
-39.133678
-27.121332
-92.379730
-93.287865
-30.306911
-33.763168
-23.621414
-33.219414
-38.726631
-39.973503
-40.215981
-41.114216
-37.083588
-35.573303
-34.613476
-40.228714
-39.234428
-35.075809
-36.191723
-35.779125
-45.472919
-48.782375
-48.422035
-46.298355
-38.247459
-36.634506
-32.453384
-31.239925
-33.188347
-31.565250
-48.282478
-56.254265
-55.653584
-50.158783
-27.498112
-38.354679
-33.126225
-32.448242
-28.104986
-32.403862
-32.916618
-27.570150
-33.980431
-28.615471
-34.824188
-32.399651
-32.359993
-36.161045
-36.889866
-37.539799
-37.338223
-85.716919
-82.481972
-47.643673
-47.302502
-91.340851
-92.327690
-91.764557
-91.278427
-90.835495
-90.564316
-93.468582
-91.961975
-92.590103
-91.971558
-92.976814
-38.224205
-23.658920
-20.940207
-35.949463
-29.373363
-36.969990
-29.779249
-30.215618
-28.556690
-31.915096
-39.720333
-25.281713
-16.265541
-28.300215
-25.229713
-25.474216
-22.185211
-23.936954
-39.329025
-34.066254
-24.759975
-23.737677
-26.415491
-28.980148
-20.525976
-16.445950
-31.299202
-25.960062
-27.761927
-22.700363
-22.636574
-25.551746
-41.026478
-23.939304
-26.873880
-26.593418
-23.260998
-20.849703
-39.389412
-23.512451
-25.513947
-20.989079
-19.732441
-29.799311
-33.627792
-32.225815
-36.251385
-24.816677
-25.763546
-38.386726
-22.620070
-41.065697
-32.073936
-32.098118
-26.335522
-36.626938
-27.864031
-31.292891
-25.474995
-31.261425
-25.129374
-27.831322
-33.745251
-25.568497
-26.225946
-27.284645
-18.905008
-33.258598
-28.861423
-26.988983
-32.624271
-26.833225
-19.942808
-25.560249
-32.368839
-23.659941
-23.028957
-19.442841
-30.085833
-33.127239
-27.561657
-30.005947
-25.314861
-31.890285
-28.629915
-40.148533
-30.365433
-23.927467
-40.719646
-24.977924
-33.609138
-31.361567
-35.806084
-20.965122
-30.435970
-28.855108
-39.925625
-32.687126
-26.237131
-16.942820
-21.569180
-22.859961
-33.077000
-27.299351
-25.537128
-29.955677
-18.763000
-17.356396
-20.776646
-32.622929
-21.340969
-27.885132
-32.598389
-29.610577
-26.270695
-30.413902
-25.577129
-31.210911
-37.673687
-27.772741
-32.912979
-33.156063
-25.897718
-27.004698
-34.592693
-20.354498
-25.543247
-35.686493
-33.837326
-31.758413
-30.994135
-21.174072
-31.614317
-19.720310
-36.546791
-30.001272
-26.827955
-17.941805
-28.168037
-21.271519
-20.845421
-28.397434
-22.228029
-32.335766
-20.772161
-25.838650
-27.376495
-16.174530
-37.604553
-36.975868
-28.921675
-23.191147
-27.052185
-39.564785
-28.347244
-12.523500
-31.321142
-19.401115
-30.689632
-22.306650
-30.503557
-39.827816
-22.767017
-23.150791
-28.932983
-37.646736
-33.128082
-36.936012
-21.203949
-36.729721
-41.218739
-47.265244
-30.182079
-35.687737
-20.630882
-24.338642
-38.832111
-20.510788
-35.949219
-30.603233
-23.545883
-32.743446
-28.143431
-22.272636
-20.225658
-27.707848
-24.228287
-30.575058
-36.415421
-20.537170
-26.665804
-29.494289
-37.413837
-29.566301
-31.901690
-43.368916
-31.011417
-17.926792
-34.153404
-31.654373
-37.753647
-32.151134
-33.868767
-28.179523
-34.194759
-24.730785
-25.860344
-23.179312
-33.380157
-26.210741
-37.782692
-22.652069
-25.937778
-32.124386
-33.770336
-18.030628
-30.871307
-30.888618
-24.540073
-37.272331
-20.402462
-30.864613
-28.785946
-22.095148
-32.627132
-21.733061
-37.142250
-22.204466
-26.572096
-29.657425
-28.366985
-41.170731
-21.057680
-28.032219
-20.056847
-39.196629
-31.846218
-23.937635
-28.841988
-39.731689
-29.828297
-38.228249
-35.515720
-27.723343
-28.889408
-22.203962
-21.436468
-40.184040
-26.098833
-40.855663
-31.561613
-24.950520
-21.394043
-26.491488
-30.562756
-25.000927
-20.310625
-19.174850
-25.928349
-29.659014
-35.184387
-31.407845
-36.479042
-32.756214
-33.329983
-26.065189
-35.012432
-29.871367
-34.176270
-21.866470
-37.975300
-39.563522
-23.288515
-31.354618
-23.666872
-22.412287
-32.310848
-26.832741
-32.950615
-27.404118
-34.848686
-39.693352
-25.946316
-33.046505
-26.448034
-24.310854
-24.065905
-26.999327
-26.571028
-32.988358
-37.090363
-29.528572
-38.695480
-32.590588
-36.620258
-18.009165
-26.696678
-33.567738
-26.916824
-24.949890
-23.301575
-39.837372
-29.121918
-22.106245
-30.103210
-23.146198
-22.772343
-30.850996
-34.576492
-26.621773
-18.241217
-21.234512
-33.601814
-37.521446
-27.426292
-27.487677
-33.630684
-30.826221
-39.436565
-31.847567
-35.632385
-35.243759
-44.295643
-33.995975
-27.079861
-25.665968
-33.055191
-37.301659
-20.315170
-34.214764
-32.118614
-30.884991
-19.209366
-33.045048
-34.953129
-31.362688
-28.741056
-35.721920
-32.554050
-27.667482
-26.798203
-21.962843
-25.420143
-30.097830
-34.357517
-38.467831
-32.680386
-31.973101
-30.122377
-29.299168
-32.931816
-39.957939
-30.549597
-32.078781
-23.236992
-31.912271
-29.277376
-22.626352
-29.961769
-33.711948
-25.839512
-27.642185
-37.423157
-25.371990
-39.444607
-35.424858
-35.487469
-34.671387
-21.280581
-33.774578
-35.653687
-28.131269
-31.097942
-33.704617
-27.453394
-37.152210
-31.142128
-33.692104
-34.314594
-31.233995
-30.368015
-33.685093
-27.170734
-22.635326
-37.302887
-19.359331
-32.520363
-33.338432
-26.845255
-23.530981
-33.168472
-32.531498
-30.357634
-37.559380
-25.194036
-29.264622
-33.888325
-25.751383
-36.274872
-35.798553
-23.916447
-27.844566
-31.596882
-39.897934
-27.854351
-29.043514
-28.948095
-32.695225
-37.393032
-30.560795
-33.652542
-33.639996
-29.489201
-31.807777
-24.767242
-24.947525
-31.003403
-26.404537
-22.118082
-35.770382
-21.742146
-21.296631
-35.535404
-37.908173
-26.969032
-38.466553
-34.930649
-33.816887
-35.896198
-28.319798
-34.308403
-32.413036
-30.304134
-28.013535
-26.849983
-27.144167
-23.918291
-26.664146
-30.709158
-28.905727
-20.930199
-32.759655
-29.433384
-36.865822
-30.531097
-36.867035
-29.937021
-31.874107
-23.673876
-30.226208
-25.438053
-30.394796
-16.464287
-26.511820
-31.945301
-31.742268
-26.074566
-32.567886
-37.792576
-23.340782
-31.336773
-37.979637
-34.950016
-28.005787
-35.001984
-21.268415
-36.127285
-31.693703
-29.782078
-22.730318
-33.810715
-29.020441
-31.164959
-23.969828
-26.785172
-19.962803
-22.615456
-29.797054
-32.979195
-29.656927
-48.117264
-29.125057
-35.001518
-26.967239
-42.267776
-30.108526
-31.069050
-43.840168
-27.213995
-27.001478
-27.754910
-36.035896
-30.046471
-34.357353
-29.171368
-36.508648
-36.818520
-38.158714
-20.197363
-38.133698
-41.790707
-38.167843
-26.382111
-28.283333
-37.141945
-26.792101
-29.243191
-18.289227
-26.531353
-29.099329
-26.622520
-26.034002
-31.701849
-29.765591
-30.330780
-24.679567
-24.327354
-40.091396
-29.183111
-27.906309
-40.026791
-34.950119
-25.423285
-39.886532
-34.781029
-35.892994
-28.228724
-39.963375
-34.197506
-41.330822
-34.503799
-36.180584
-32.071407
-29.619682
-31.654022
-32.852619
-30.097370
-37.148895
-29.006321
-33.613033
-32.426369
-28.640293
-27.764866
-25.713259
-42.927620
-28.774727
-25.509687
-28.576387
-32.167648
-17.844294
-30.386829
-33.391228
-22.303610
-32.765083
-35.523575
-36.982243
-27.960266
-37.011272
-35.930580
-35.955189
-23.413425
-34.632656
-26.574568
-25.302109
-30.611340
-38.212925
-21.890030
-35.920929
-31.710337
-18.974108
-24.122196
-34.631832
-28.133402
-19.613968
-43.498047
-22.010239
-37.435173
-39.166790
-32.978642
-30.030928
-36.180527
-27.934128
-25.656660
-20.391577
-32.285465
-29.129862
-34.719051
-34.147938
-34.952724
-30.248123
-28.955734
-23.681753
-24.421007
-34.436146
-39.433193
-29.097643
-30.993498
-33.391579
-32.040680
-33.660706
-37.183437
-30.069139
-32.558464
-33.947205
-32.410061
-36.974747
-30.861734
-25.299210
-28.093472
-29.363647
-34.979256
-26.562092
-34.677059
-39.785210
-37.140606
-28.923283
-33.418995
-40.378883
-35.149982
-27.580269
-20.815353
-32.557240
-27.337233
-31.597830
-31.645660
-33.422405
-28.408405
-27.464224
-29.685400
-32.563629
-33.008167
-32.521381
-33.097332
-30.865711
-31.680874
-36.241390
-26.027559
-29.351496
-31.042992
-33.865292
-35.378906
-37.666119
-21.452162
-33.432339
-18.129442
-39.555767
-27.587162
-26.836363
-38.637878
-35.825962
-34.279663
-35.476410
-30.483894
-31.287809
-31.755959
-28.695393
-26.948803
-41.643559
-34.279434
-23.922215
-25.220467
-37.769104
-26.618719
-27.491789
-42.071846
-32.352394
-25.679960
-23.620598
-39.836742
-26.301931
-36.227234
-37.498318
-29.948246
-30.556307
-31.360752
-23.232944
-33.762455
-25.016790
-35.577785
-26.845491
-21.922750
-38.552029
-38.289944
-27.884851
-19.423723
-27.216249
-14.989216
-26.543472
-30.907839
-37.413036
-33.220997
-22.494249
-28.033108
-28.772408
-28.916382
-28.432995
-26.087286
-26.677830
-38.256046
-27.275324
-26.154730
-29.010246
-26.289492
-35.253998
-31.790501
-39.116016
-27.290365
-22.892530
-30.106619
-24.516228
-37.418564
-22.459768
-27.633978
-10.646286
-33.358669
-26.289984
-24.791441
-35.736652
-23.068699
-38.645931
-30.415615
-26.305893
-37.886623
-34.848213
-39.238174
-28.680794
-34.016678
-30.114815
-28.905193
-26.274956
-32.379879
-35.225845
-23.037275
-39.228390
-31.528660
-26.188822
-40.170475
-40.609169
-34.250420
-24.445869
-26.898659
-35.106136
-34.104996
-30.865400
-29.893114
-24.878582
-36.590672
-31.324760
-28.812880
-35.927837
-22.180506
-33.691216
-30.816645
-30.538612
-30.198677
-29.112768
-25.672087
-47.433540
-31.970295
-20.776274
-29.754812
-33.530346
-29.165890
-26.926714
-37.057800
-32.810333
-19.562847
-29.625061
-38.554363
-23.723885
-30.561724
-34.244488
-33.280735
-28.047867
-36.081730
-30.457363
-29.704813
-33.960861
-20.075220
-33.140194
-25.546999
-31.269711
-26.622431
-25.554287
-31.283239
-28.720890
-35.425461
-29.655573
-33.866467
-37.888115
-36.139088
-32.245949
-29.453230
-27.153112
-30.914558
-30.855158
-18.470329
-28.940248
-37.419441
-32.657143
-29.914898
-29.410480
-27.623095
-28.744907
-26.553635
-22.412178
-24.969948
-29.242283
-18.548216
-36.290188
-25.333271
-36.043537
-35.931767
-33.855103
-31.375881
-32.928986
-43.256599
-35.801056
-25.881475
-26.562939
-26.680182
-22.687117
-33.227921
-31.462660
-29.012131
-39.786377
-27.955490
-33.304298
-32.949467
-19.760628
-38.118423
-28.834293
-38.316364
-23.629795
-18.168690
-21.347563
-24.824522
-35.063068
-26.070559
-16.060608
-19.388735
-25.711634
-21.587593
-37.005829
-36.905518
-32.970280
-25.485056
-12.382512
-33.244186
-33.440987
-32.200253
-27.084822
-34.794460
-36.782768
-39.153988
-39.021980
-31.888000
-26.469654
-36.236382
-29.051111
-33.901348
-25.202724
-37.745510
-22.630184
-31.600334
-33.560272
-26.215370
-36.782143
-33.753048
-31.822979
-35.543110
-29.649664
-24.747057
-28.030325
-26.759333
-28.361000
-31.321011
-25.944838
-36.592823
-23.294296
-32.601700
-24.837563
-26.623400
-15.457669
-41.975239
-27.332455
-31.524807
-34.775421
-41.642979
-36.860329
-24.189682
-27.760275
-32.003983
-34.830711
-36.089954
-39.567741
-29.410036
-27.833803
-24.893105
-28.948219
-31.865501
-27.777620
-33.732288
-21.183670
-41.561684
-32.385609
-34.395420
-35.614254
-34.505726
-19.440880
-34.998833
-41.388466
-41.690292
-23.332422
-24.942398
-35.045109
-21.917282
-28.918819
-31.313107
-23.197321
-33.967209
-19.658161
-24.705254
-28.746769
-31.493565
-26.265240
-18.107553
-36.369392
-31.918098
-30.941305
-34.277397
-33.450729
-27.518253
-27.898430
-37.975548
-34.494888
-31.022564
-43.893261
-36.897865
-28.545652
-24.058117
-33.978336
-33.368771
-32.318974
-32.079117
-24.711111
-20.754913
-37.162521
-20.316475
-23.201092
-34.903889
-29.438677
-41.020046
-35.518822
-31.699402
-29.163931
-35.209961
-20.515329
-24.714092
-32.965569
-19.461193
-32.105301
-24.955042
-29.976271
-34.261890
-35.131607
-22.438126
-35.823589
-38.077126
-29.011810
-28.893364
-21.499378
-23.542934
-26.267609
-36.742950
-17.936480
-27.590113
-29.591730
-31.567795
-29.300014
-28.087868
-29.444780
-21.705458
-28.431019
-24.006170
-33.188335
-32.169804
-22.621990
-28.905291
-35.210102
-33.651955
-36.601154
-24.526640
-14.143499
-27.646309
-26.550163
-13.939288
-23.366329
-37.165707
-41.604561
-35.986053
-34.693958
-43.386063
-21.939514
-37.558189
-30.527477
-28.904711
-27.974678
-39.283333
-28.730070
-28.613916
-28.330700
-24.827471
-38.598793
-33.738125
-33.939491
-31.761497
-30.640553
-32.398827
-43.983833
-32.500969
-35.068626
-29.868185
-27.252821
-24.424215
-30.715950
-26.095341
-32.132130
-26.672894
-24.238945
-29.909298
-26.169453
-36.894867
-28.914612
-32.392662
-30.760769
-41.569748
-40.067062
-34.206284
-33.075562
-26.370483
-34.077606
-25.444283
-39.601486
-38.940201
-34.109077
-37.909824
-24.633583
-22.595188
-33.985245
-28.223524
-38.281731
-24.193554
-33.712109
-33.860378
-32.546074
-37.788944
-35.034981
-30.674061
-34.879395
-25.915565
-29.128111
-40.923466
-35.417187
-40.631496
-26.162483
-30.237293
-40.612617
-28.434212
-31.927956
-37.143250
-40.078552
-32.495304
-23.061930
-29.963326
-29.562778
-26.385668
-31.519224
-30.857857
-42.035110
-36.248531
-23.894934
-22.886168
-25.771820
-37.661400
-35.544056
-25.575052
-34.250366
-30.554054
-24.649174
-34.325729
-32.752258
-28.941807
-33.518845
-40.668369
-29.452673
-46.486542
-27.032547
-34.356636
-35.153980
-27.532967
-32.940388
-34.194542
-25.437698
-27.326447
-20.853222
-27.076162
-34.513763
-30.552832
-38.892685
-36.875256
-34.550430
-23.488974
-30.777088
-34.915859
-23.986763
-32.863823
-29.543188
-29.194561
-37.504372
-35.910305
-28.769012
-27.988773
-27.162710
-32.607773
-30.490379
-34.911987
-33.568653
-24.882610
-32.088104
-35.084736
-35.628807
-28.211596
-21.916449
-22.205523
-30.141394
-35.348602
-27.590668
-31.953287
-26.447515
-26.349810
-22.552773
-24.438864
-35.579128
-31.659433
-31.749846
-32.805737
-23.132883
-35.558289
-31.923920
-31.295620
-35.280701
-39.438835
-25.624487
-28.854015
-33.121597
-30.647858
-20.969152
-24.771193
-32.262699
-42.309631
-28.721218
-30.500645
-29.637928
-26.474789
-33.669346
-37.573242
-33.013954
-34.113594
-25.824617
-26.750391
-37.035168
-33.775322
-32.814297
-43.337837
-34.602234
-32.435303
-31.571836
-23.588711
-22.890743
-35.442722
-34.577827
-34.624817
-33.652084
-20.268719
-36.678711
-28.799795
-38.979092
-22.775574
-26.401386
-37.531513
-34.133202
-34.153278
-38.188652
-35.782425
-40.862144
-32.801247
-31.721060
-35.638626
-26.937862
-35.968536
-29.192818
-36.500450
-36.701973
-31.050911
-28.554663
-23.272102
-32.725723
-34.226364
-26.605261
-38.182098
-36.066410
-45.970154
-28.180592
-19.648455
-32.715878
-24.925875
-26.713802
-32.497398
-22.490456
-34.717514
-33.486019
-26.428171
-33.826027
-23.372814
-31.905951
-30.121567
-28.839626
-36.080608
-25.774776
-24.912663
-28.854454
-41.954277
-32.619194
-30.845261
-38.064137
-26.038229
-16.902071
-31.430727
-36.024151
-30.619854
-39.545258
-26.889359
-27.592079
-36.943325
-32.908180
-26.320707
-34.295197
-36.990147
-29.942173
-24.784611
-28.214911
-30.516640
-28.299057
-27.815460
-26.277355
-35.931118
-28.191536
-32.555397
-34.672218
-21.910278
-31.518690
-21.319393
-38.651058
-30.897274
-25.900108
-31.025238
-17.807152
-37.465641
-32.546223
-27.635870
-26.995745
-31.326920
-18.556671
-31.272217
-34.806938
-34.710369
-30.498886
-33.775482
-37.658825
-43.221584
-24.320511
-26.216242
-32.057957
-40.752129
-25.746931
-35.282562
-37.735382
-27.444057
-27.388214
-44.050365
-34.015205
-26.013449
-42.206699
-28.175911
-33.175247
-40.851120
-29.092541
-28.782707
-30.372601
-34.408592
-37.558182
-29.658146
-24.553585
-23.721140
-28.617466
-25.408541
-35.043240
-22.891413
-18.615688
-31.413006
-22.420881
-31.782776
-25.261520
-28.358398
-30.901196
-34.951683
-41.783951
-25.436024
-38.339745
-19.398928
-31.138050
-29.271259
-35.686546
-39.561310
-40.347881
-34.232956
-37.267494
-27.577103
-36.296352
-33.065971
-26.146997
-27.425146
-31.730850
-31.177568
-32.855671
-27.075077
-19.565151
-25.728767
-37.284397
-33.588829
-33.157715
-26.096733
-29.280996
-34.425713
-41.057327
-25.598701
-34.018085
-39.533676
-30.627094
-39.648487
-26.600811
-35.919964
-32.783466
-25.676739
-26.302889
-38.888084
-38.086548
-33.296494
-22.839613
-31.096584
-23.274767
-37.612606
-29.034567
-34.260277
-34.984409
-31.057339
-15.317522
-31.139364
-35.275436
-22.489712
-33.159046
-30.934742
-34.651283
-26.525749
-27.246683
-24.096611
-23.494562
-34.862671
-39.312576
-20.675430
-35.801811
-37.940193
-27.809092
-38.229130
-33.732533
-33.335255
-21.159790
-37.394417
-42.278877
-23.014063
-16.343401
-31.398590
-36.998177
-21.528694
-30.608671
-28.037901
-25.297543
-37.215881
-26.919008
-27.168694
-31.046339
-32.534405
-33.721916
-19.085960
-30.064707
-42.790070
-29.501602
-37.690140
-30.148495
-35.303589
-27.737791
-31.240206
-31.251049
-22.419817
-38.055958
-31.474609
-19.908358
-37.546642
-30.615189
-44.155125
-44.228958
-32.244343
-31.856533
-30.802238
-39.344582
-35.229866
-23.121002
-37.869255
-23.100033
-27.319378
-36.024822
-34.879883
-40.323570
-24.448086
-35.678898
-30.915556
-33.781887
-22.899649
-27.411938
-41.820595
-31.975939
-37.303143
-30.750496
-37.491383
-40.416595
-22.787308
-31.954956
-25.012829
-22.647079
-29.726713
-40.592674
-37.043381
-26.270584
-26.011311
-39.172424
-24.512583
-33.184750
-24.407841
-30.086954
-35.759113
-36.571163
-25.190144
-89.468842
-36.404556
-31.085907
-33.111893
-28.029514
-27.323847
-27.449577
-28.050329
-25.578173
-39.113564
-25.017839
-29.245996
-40.128433
-34.411270
-28.455132
-33.844749
-29.166691
-24.254543
-30.308914
-43.623283
-32.148098
-35.291191
-23.362888
-34.292801
-22.901623
-38.187630
-36.938797
-25.554867
-39.989120
-31.595739
-42.885994
-42.280079
-36.634388
-31.289003
-31.616470
-32.507904
-37.273041
-26.395376
-19.698994
-35.309902
-35.470940
-34.608215
-36.629276
-30.384052
-28.351675
-31.757568
-36.113537
-35.936375
-30.472126
-41.190292
-31.302923
-41.273132
-34.431694
-28.162617
-25.916481
-28.317020
-32.227997
-34.532555
-31.916697
-41.097900
-25.381260
-24.116627
-33.566624
-35.541626
-20.393229
-37.623779
-28.418684
-25.485140
-33.186966
-31.419508
-37.623993
-26.945023
-42.216640
-38.645481
-30.176346
-30.825460
-43.346111
-35.847065
-45.262894
-26.921459
-36.601524
-30.037548
-42.870670
-29.618469
-29.043783
-26.116739
-28.878532
-31.602623
-26.099493
-32.491020
-39.122696
-19.689962
-28.374657
-27.342354
-38.101425
-30.834946
-31.213964
-32.520363
-31.796637
-29.057837
-30.820704
-27.551702
-24.778145
-24.943100
-36.130173
-30.977030
-41.642094
-28.856712
-19.821556
-32.306522
-39.351952
-42.622032
-18.835394
-33.561199
-27.388180
-31.032290
-32.234520
-37.245720
-41.289536
-28.361439
-35.366573
-25.553768
-32.427166
-35.908020
-32.583221
-23.883873
-33.463131
-18.277985
-38.795998
-34.460323
-32.473515
-25.818165
-33.678684
-41.543850
-36.873905
-14.126847
-37.593254
-21.958820
-36.914547
-30.265709
-34.715321
-42.660942
-27.059032
-22.152664
-18.919369
-31.759296
-32.892445
-27.946438
-21.476595
-39.313675
-34.191803
-24.732744
-34.630489
-27.750797
-28.723816
-31.371920
-36.477097
-28.643600
-36.194496
-29.094007
-24.578821
-19.983934
-24.244421
-29.872768
-35.417229
-28.879322
-27.590002
-37.132935
-28.040829
-31.963251
-32.503494
-34.319904
-35.902786
-27.442448
-38.816475
-29.971287
-28.679642
-33.093040
-32.409874
-38.009308
-29.626150
-28.146479
-20.871586
-38.690033
-42.145901
-34.078789
-21.902657
-33.374275
-37.536484
-29.878386
-30.127806
-30.114067
-41.868313
-19.927530
-38.748474
-28.787472
-31.663406
-30.338940
-27.432455
-39.299118
-34.311680
-35.600937
-28.997044
-31.613327
-31.060043
-27.022758
-26.362995
-29.710016
-32.825943
-35.219810
-24.541479
-28.801342
-23.710169
-30.740433
-22.823013
-36.661354
-35.271015
-37.017231
-32.311203
-27.726303
-28.710974
-32.326633
-36.183334
-30.097181
-43.909584
-26.417330
-17.792164
-36.290520
-33.002739
-31.151125
-28.272045
-33.403965
-40.077927
-27.439749
-21.499701
-41.108173
-37.314575
-36.598694
-38.799034
-29.785994
-31.516439
-44.223995
-31.039875
-29.947411
-24.785751
-27.991301
-35.361259
-34.441124
-40.797836
-40.168983
-36.009716
-28.938435
-34.677334
-31.370916
-25.979431
-37.319504
-18.774485
-30.968479
-34.183208
-26.791098
-27.114855
-39.262249
-30.650099
-34.670662
-41.826256
-23.746687
-32.515079
-32.750431
-29.403265
-28.100393
-29.819324
-37.023052
-32.347675
-28.249411
-32.076679
-24.522285
-34.835682
-26.471119
-28.145943
-35.615665
-24.256008
-31.719467
-25.902573
-31.090870
-37.783920
-33.662102
-41.008774
-23.113914
-30.040081
-34.868309
-29.085485
-23.243282
-40.234650
-28.719772
-29.769003
-26.711372
-29.884548
-42.937180
-28.095976
-38.324295
-23.012398
-25.487909
-37.024666
-32.453682
-31.802433
-39.255611
-20.563318
-29.244322
-30.563585
-30.200527
-29.765615
-30.650318
-37.587723
-30.191074
-28.259277
-25.013973
-46.787601
-25.802588
-47.342068
-37.793354
-42.832817
-27.175528
-30.738735
-26.935064
-22.898325
-39.304008
-33.794445
-38.830570
-30.808117
-28.468773
-25.611376
-34.082798
-29.740265
-27.279816
-20.515892
-32.749012
-39.374104
-36.027042
-39.951057
-30.176102
-31.295818
-31.340145
-31.706810
-32.861519
-25.043135
-35.523472
-29.240685
-39.501495
-41.303162
-31.285721
-31.636395
-26.991144
-33.813061
-27.444548
-16.654829
-37.703892
-32.052925
-39.974785
-32.844807
-30.332933
-20.093739
-31.444473
-28.942215
-40.792824
-32.297298
-30.847048
-34.243687
-40.575871
-38.304688
-30.084389
-36.683754
-38.033825
-35.074104
-33.059208
-33.830452
-20.267960
-27.073418
-36.330425
-28.205656
-35.068470
-31.864199
-29.996880
-31.545986
-31.633625
-18.670202
-31.857773
-31.694664
-18.904787
-28.473083
-37.925117
-38.890289
-37.268333
-41.361412
-24.830822
-38.392101
-36.127048
-35.683170
-28.459194
-23.014442
-22.637871
-36.328453
-35.448090
-23.855574
-36.142006
-36.489414
-42.152260
-27.913889
-25.983913
-33.996986
-26.984552
-32.114334
-34.792629
-38.238174
-33.839378
-27.403629
-24.726990
-28.287830
-23.424030
-33.292793
-29.238960
-27.256721
-26.853516
-31.294163
-33.648506
-24.315126
-29.118296
-26.528786
-35.337772
-29.835838
-30.574484
-32.780876
-29.484890
-31.209126
-26.847956
-38.152035
-25.111835
-37.746719
-36.812210
-34.105270
-31.717125
-31.493740
-31.320021
-35.509972
-29.385506
-21.466665
-24.310740
-31.069021
-35.830048
-35.338120
-34.281528
-20.089045
-31.039360
-33.334072
-38.884178
-38.411713
-35.548397
-37.154388
-35.001431
-26.785917
-40.031528
-28.972691
-32.379528
-27.349777
-36.037331
-26.628979
-33.438560
-32.950615
-29.142786
-25.768007
-28.487036
-26.071447
-32.284870
-31.480146
-28.514053
-24.425949
-24.119272
-26.288593
-33.103920
-32.390106
-30.960712
-36.448360
-26.344387
-33.997944
-20.964451
-22.702787
-27.441580
-33.015762
-41.543697
-27.988216
-30.895489
-29.823118
-36.936462
-38.218330
-30.124815
-27.259960
-34.698109
-40.941124
-29.257601
-36.068016
-35.040333
-25.983879
-26.529175
-28.002621
-32.169163
-38.166122
-33.227772
-34.880772
-35.526108
-31.437881
-25.343681
-27.310940
-33.032356
-19.045164
-30.538811
-31.924372
-21.700970
-32.861393
-23.983728
-36.726437
-35.551411
-39.507370
-21.253330
-36.550304
-34.115425
-29.158518
-25.440508
-23.241638
-34.067833
-31.238804
-41.797588
-31.671535
-35.686771
-31.861122
-43.019985
-31.750090
-31.994696
-32.858044
-25.580406
-35.036381
-32.889847
-37.824581
-31.437508
-38.435150
-36.601173
-21.463760
-32.631336
-32.883087
-33.353470
-35.613327
-15.541575
-40.569328
-25.411791
-27.522324
-40.324234
-23.910202
-30.472181
-37.560997
-32.545605
-30.544846
-20.420013
-20.941219
-39.730267
-22.399664
-26.993036
-18.941658
-41.476738
-21.353231
-25.840836
-23.583672
-29.176861
-47.739578
-27.169010
-32.304131
-25.773819
-33.296967
-23.866293
-37.779182
-38.486355
-40.036331
-34.288677
-37.758659
-39.053310
-28.668396
-35.539497
-42.956764
-28.252678
-42.355858
-26.527845
-35.422024
-42.835270
-35.334053
-36.205181
-28.603729
-23.626614
-34.781448
-33.176201
-28.086084
-37.750076
-35.941193
-29.480003
-18.667089
-43.504642
-35.902523
-33.474495
-25.428492
-23.369772
-25.980072
-30.848669
-29.537689
-33.766418
-43.648430
-41.726231
-33.306690
-23.995365
-33.206856
-32.302719
-33.644604
-23.079342
-24.573692
-28.698179
-32.688297
-29.768957
-34.961941
-34.131954
-23.926579
-33.562668
-23.818920
-37.435940
-31.423622
-25.203735
-35.539936
-24.599863
-26.612196
-31.488863
-31.806936
-26.240887
-39.307709
-28.690578
-40.200462
-34.045467
-28.643648
-38.258015
-36.308998
-26.468838
-24.748642
-27.777750
-35.403397
-34.477299
-25.528276
-26.916052
-28.436119
-37.039196
-15.866952
-25.829470
-36.320713
-30.641298
-37.840267
-31.768278
-31.295887
-32.736519
-21.439623
-20.969294
-35.932922
-33.362625
-33.900856
-25.564119
-32.812069
-31.134907
-30.017658
-28.206141
-38.948242
-38.003777
-29.304741
-21.472820
-32.993629
-28.737230
-30.429653
-30.026302
-40.772038
-26.009954
-35.378624
-30.993671
-28.549404
-39.634857
-25.923176
-36.751354
-34.419739
-28.664707
-40.360168
-29.145742
-33.684757
-25.946243
-33.157940
-35.042412
-25.951523
-36.521614
-33.205151
-30.580769
-29.316193
-32.224091
-38.891663
-35.955643
-28.879894
-39.384651
-41.989243
-15.577705
-34.173717
-35.656460
-36.810432
-31.414839
-27.920477
-33.877106
-25.618233
-34.395237
-29.937391
-39.319317
-32.478806
-31.766457
-25.323488
-23.383387
-26.051523
-39.235683
-25.297037
-40.215916
-30.376835
-34.561359
-27.231419
-26.316799
-40.026226
-34.260204
-36.136524
-38.460606
-34.277462
-27.643051
-30.954103
-38.411003
-29.981548
-34.372684
-31.050610
-24.983416
-38.543739
-37.173573
-34.108120
-26.624763
-23.448832
-32.327202
-32.853424
-39.200493
-31.649618
-42.960152
-28.580635
-31.332500
-28.428856
-21.487793
-30.689230
-33.585789
-23.562881
-30.285961
-34.019245
-41.464500
-25.627205
-39.502254
-29.467258
-40.768105
-34.577068
-28.495495
-36.393471
-34.420235
-29.433472
-34.689400
-32.681740
-38.223415
-27.660278
-28.807953
-22.913603
-73.943390
-27.106813
-35.041756
-31.561140
-31.589199
-35.514847
-32.847851
-39.444744
-35.419334
-31.851124
-38.476639
-19.083590
-31.856735
-48.615868
-35.498535
-24.366674
-38.912884
-35.788254
-37.406898
-30.412098
-29.474339
-35.951420
-28.735714
-26.760052
-40.066887
-27.756710
-28.121798
-35.984913
-32.573307
-32.026867
-33.849163
-35.050095
-39.468994
-19.397821
-33.784042
-31.246538
-38.502613
-25.762928
-35.651188
-36.994583
-30.045448
-24.020853
-38.201309
-25.474497
-29.243866
-26.284004
-36.849125
-43.755466
-28.750639
-30.352287
-29.935463
-31.209219
-37.865170
-35.789837
-34.002541
-41.639755
-21.894196
-30.721733
-34.193924
-28.339565
-38.934280
-36.314571
-31.537661
-27.677071
-34.521763
-24.885109
-33.786446
-36.268921
-38.130302
-37.217133
-32.982029
-25.592157
-34.482666
-37.670334
-38.524971
-31.790890
-26.434055
-36.485329
-28.875490
-32.902782
-29.064367
-32.898193
-27.212566
-40.369175
-27.859938
-28.974155
-31.745337
-35.503643
-33.574905
-35.611015
-38.050720
-31.296669
-29.741390
-22.861790
-23.428808
-24.944391
-31.042355
-28.845531
-36.301197
-22.532955
-23.662169
-33.871998
-36.813442
-26.701344
-34.869617
-37.397377
-32.848625
-43.972778
-29.521763
-28.581612
-32.284294
-25.704079
-36.548294
-34.170162
-35.025490
-19.926807
-29.980673
-20.965010
-25.458193
-36.444260
-27.775198
-26.146511
-24.564188
-37.002743
-28.356030
-26.138985
-29.537415
-26.243210
-17.400602
-35.015179
-32.125404
-34.266758
-36.311745
-35.744080
-29.445736
-33.298489
-28.644577
-23.370663
-32.068996
-31.940027
-33.981205
-33.004444
-30.610439
-38.343845
-19.617292
-27.659496
-35.986340
-28.839382
-35.681335
-33.740662
-32.113400
-33.517281
-36.993954
-31.117256
-37.092289
-35.655548
-36.073662
-22.569981
-36.962944
-34.544090
-32.009991
-34.063881
-35.222958
-38.522110
-34.669075
-38.393047
-33.348679
-33.981071
-31.503780
-35.203449
-26.557613
-26.661987
-42.412464
-28.442698
-20.086859
-28.422884
-37.390923
-35.085793
-26.146469
-24.740774
-31.024429
-29.982895
-30.594812
-33.726536
-50.095276
-32.102631
-40.031593
-29.091763
-27.804420
-37.694035
-29.448994
-44.868317
-25.952808
-31.705681
-29.531099
-30.837917
-30.205158
-37.111492
-27.249874
-34.857616
-35.805256
-42.527195
-30.756876
-29.530390
-26.129623
-27.401268
-32.023205
-39.578823
-39.721397
-34.856194
-34.946602
-29.671650
-30.878904
-27.649523
-34.495026
-36.530567
-28.645985
-35.001614
-81.070107
-33.523491
-33.627403
-44.153751
-37.479092
-35.392044
-27.009747
-36.587070
-18.874369
-35.514507
-38.580864
-32.242645
-32.304253
-31.722488
-28.812832
-33.064529
-38.894489
-33.351246
-19.848175
-38.496773
-35.281212
-35.911053
-30.364511
-36.232002
-32.356194
-36.176170
-35.660072
-18.114544
-35.806854
-26.510363
-23.654808
-37.131069
-38.589615
-33.364384
-33.037621
-36.813526
-37.298859
-37.457310
-25.288200
-31.355715
-36.833046
-28.222385
-36.509415
-43.089436
-34.205433
-29.878763
-39.905537
-36.510426
-33.891151
-17.040720
-25.856684
-35.674091
-34.124714
-34.327682
-20.679239
-35.519421
-31.169645
-32.218746
-31.009968
-32.413208
-34.108238
-30.454275
-25.774986
-33.384392
-27.783493
-29.226185
-32.641106
-34.286804
-35.563263
-20.907993
-34.081078
-37.033783
-45.940628
-25.516239
-37.273037
-29.439182
-27.776049
-30.702934
-40.210297
-34.937756
-35.102459
-37.265121
-32.148285
-30.215235
-26.228815
-30.941761
-26.815701
-34.526947
-26.601408
-25.157013
-33.764221
-41.768299
-24.333347
-29.001616
-32.040203
-32.595032
-33.601376
-32.904930
-38.911221
-39.353363
-28.951399
-31.530653
-22.726568
-37.305107
-40.866055
-29.472536
-41.632732
-37.167450
-31.810825
-38.123608
-35.557003
-35.443321
-31.573467
-32.620346
-43.526192
-26.137394
-21.787661
-31.130470
-30.551954
-21.697729
-34.629498
-39.437176
-29.669041
-40.055187
-32.494362
-37.722057
-36.934677
-26.706646
-29.133825
-30.913876
-33.505024
-25.654556
-23.323780
-25.817984
-27.150688
-24.490677
-29.140024
-33.888268
-27.409359
-28.770052
-28.406818
-30.155704
-35.880562
-29.552055
-37.549477
-34.467262
-34.875244
-25.340872
-38.441467
-27.202547
-31.633919
-20.479801
-22.680433
-27.062435
-39.118042
-26.092810
-32.110012
-45.517433
-39.695919
-35.776974
-31.585938
-38.576256
-24.488188
-26.785271
-24.620211
-35.924538
-36.986725
-36.905449
-25.424553
-38.027897
-25.882704
-32.542934
-29.631523
-37.619591
-34.497593
-40.766205
-35.553154
-25.165062
-29.999655
-28.276939
-31.852631
-20.982059
-30.588234
-38.200455
-40.054230
-28.391659
-34.413540
-32.262157
-33.525955
-35.671577
-35.511875
-37.419399
-34.781143
-48.384636
-29.737066
-22.146997
-45.294655
-30.168509
-27.818569
-35.555042
-36.547672
-28.240984
-41.336819
-38.399925
-31.498823
-36.226040
-28.359865
-25.418211
-32.739883
-28.588989
-25.752869
-41.221554
-28.232933
-37.244904
-34.437923
-35.003632
-36.945576
-28.239895
-40.497124
-26.635883
-35.982372
-18.266386
-15.898364
-36.589600
-45.576073
-26.651379
-31.737234
-32.864304
-23.479177
-22.335197
-31.128141
-30.349989
-30.292715
-37.051079
-30.227190
-29.448221
-31.862488
-75.779633
-26.874632
-34.254395
-24.327562
-39.285900
-31.103163
-30.199362
-29.755606
-38.709148
-26.307728
-32.986149
-44.605755
-31.008677
-38.053932
-31.117504
-30.909050
-23.243774
-16.518202
-33.864956
-35.106014
-32.082703
-36.983498
-29.797106
-34.192253
-52.493317
-29.176352
-25.422615
-28.092300
-35.461174
-34.154243
-36.111492
-27.866554
-34.059036
-34.092976
-31.769182
-35.629272
-37.063282
-26.910154
-29.489120
-29.334440
-31.020069
-27.736277
-24.249500
-32.637592
-32.395031
-33.681046
-30.018198
-30.605927
-30.454075
-30.079830
-37.902271
-22.139805
-36.558556
-20.482533
-33.313904
-28.787775
-33.751595
-35.104103
-28.708717
-25.518370
-40.746033
-28.732134
-24.142551
-36.963348
-31.705305
-33.382843
-33.067913
-32.291904
-29.378832
-38.840401
-30.957708
-31.900444
-32.559284
-40.071194
-39.089527
-36.921207
-38.216400
-25.954651
-30.240082
-22.691397
-39.594887
-29.089218
-29.636909
-34.249607
-27.910072
-31.877405
-30.560230
-32.390156
-22.447069
-33.689461
-41.707851
-24.894253
-20.546049
-40.223602
-30.095907
-40.803776
-34.899864
-35.709694
-18.942282
-30.799690
-30.809740
-32.609234
-19.155285
-33.511143
-25.007439
-29.087738
-34.951702
-31.206127
-31.517168
-35.397392
-38.635826
-33.480614
-29.531277
-32.200600
-26.533403
-31.374063
-33.457336
-37.011749
-21.538153
-29.139858
-35.500778
-32.283546
-40.999969
-35.243324
-27.564646
-25.553528
-38.146713
-37.873806
-28.070034
-35.573654
-37.734966
-31.471889
-41.311554
-42.082493
-30.504900
-33.883663
-31.484791
-36.118828
-35.822468
-32.321175
-27.369591
-28.969631
-26.288475
-24.915157
-36.393688
-31.941322
-32.979275
-31.109043
-37.559387
-38.982880
-22.732357
-35.591412
-37.635780
-27.624792
-29.847336
-30.488573
-41.302010
-32.014374
-16.888664
-37.154732
-33.709282
-34.449413
-39.939865
-36.552536
-34.767853
-30.208242
-29.756550
-24.086992
-29.457022
-26.620996
-32.725368
-17.431412
-36.735710
-31.432314
-24.881300
-35.978416
-32.387165
-32.672081
-32.106350
-35.644875
-25.665058
-22.526606
-33.505474
-29.087202
-34.099037
-38.724022
-36.016533
-18.913713
-25.211660
-35.856659
-35.904850
-30.957262
-33.970642
-34.906811
-28.460300
-23.978102
-33.021984
-31.010569
-43.104076
-31.688160
-34.697884
-33.596558
-19.646519
-33.689693
-33.587120
-35.509529
-29.827295
-37.438263
-24.129549
-42.763966
-33.807110
-35.049671
-42.085331
-30.401093
-40.241867
-35.392891
-27.136101
-26.544809
-34.089306
-35.655190
-26.043798
-28.036037
-33.672737
-28.099796
-33.704456
-24.479263
-30.354744
-20.227631
-37.667007
-52.811996
-27.678823
-37.577988
-41.499264
-38.126656
-28.904583
-27.141691
-39.344967
-31.181454
-26.111528
-33.561222
-31.522814
-33.914085
-29.504570
-38.480907
-33.144451
-36.759617
-13.184617
-37.203121
-41.736359
-37.879089
-35.871277
-32.345776
-27.092840
-35.845043
-33.332504
-30.716644
-27.012724
-41.431503
-36.733814
-36.405056
-36.962337
-25.316269
-30.708792
-41.167419
-28.566759
-37.562679
-32.899380
-31.921547
-25.538286
-26.011343
-29.151960
-33.367336
-29.407185
-47.346573
-30.016773
-26.707418
-37.110481
-34.174824
-35.841076
-31.751783
-33.325348
-35.302849
-36.604855
-24.580267
-32.103657
-22.361357
-35.474995
-41.671467
-33.400909
-23.241152
-43.502876
-37.305206
-32.243080
-29.375280
-41.380878
-26.426304
-21.476240
-21.458195
-35.148026
-40.355297
-39.954403
-28.944777
-29.995480
-36.033649
-23.529959
-27.999599
-31.029604
-44.698112
-38.320496
-39.603455
-31.666382
-38.233322
-32.318157
-42.411133
-28.271841
-23.726830
-28.321009
-33.274246
-24.849735
-41.847477
-28.419136
-30.065235
-26.899179
-32.780617
-31.961586
-36.472721
-22.477409
-36.049351
-29.336605
-42.056046
-26.176958
-37.167427
-38.622395
-31.969280
-19.580538
-29.656088
-30.637953
-31.444489
-31.213345
-36.226444
-27.602541
-46.460064
-39.785439
-31.808004
-37.729954
-26.476011
-45.284485
-31.272980
-32.470203
-30.712988
-30.823853
-22.620319
-32.318989
-22.472853
-19.939592
-42.754547
-34.280525
-35.621899
-36.033215
-21.113453
-34.675407
-37.352436
-33.189751
-28.308977
-31.700855
-36.661133
-39.567318
-45.988449
-31.597069
-36.728981
-31.198162
-32.921310
-20.886232
-30.746367
-30.024563
-28.343933
-34.948997
-22.828526
-27.309713
-31.642044
-30.736408
-34.737209
-33.596619
-27.105753
-30.035681
-31.273445
-28.530973
-37.058765
-50.302071
-29.551422
-38.972137
-30.403969
-36.061615
-35.262253
-28.226107
-38.381531
-32.960827
-36.550297
-37.147263
-36.628086
-28.851580
-41.482719
-29.807653
-33.736385
-32.468513
-36.875034
-41.786156
-36.893421
-29.621511
-18.255302
-36.039604
-33.954201
-27.148088
-26.160568
-34.610447
-30.880058
-27.855156
-43.344360
-32.721149
-29.370861
-35.216511
-39.011902
-28.342503
-36.533573
-40.623539
-18.468147
-32.337727
-29.517803
-26.617945
-25.694139
-40.643383
-43.360260
-36.112041
-27.992762
-28.955559
-42.534172
-25.869366
-32.629425
-37.137383
-27.522552
-37.747284
-29.807076
-25.055067
-23.292797
-39.155186
-30.213402
-28.450270
-22.945850
-37.257828
-40.313473
-30.302639
-39.119743
-49.952209
-34.031498
-25.912399
-32.074989
-26.837223
-29.948919
-38.243034
-28.101837
-28.344873
-37.739304
-28.172913
-28.710993
-38.102089
-23.852074
-30.725252
-36.048077
-32.811581
-33.994263
-37.757099
-34.299599
-32.543015
-37.432289
-26.727825
-33.541790
-32.804592
-35.265305
-37.978130
-20.892017
-39.353218
-22.173153
-29.181955
-32.520523
-23.766127
-35.698421
-31.634153
-37.375477
-30.920824
-32.155231
-27.032576
-28.969234
-21.855404
-27.286606
-32.473419
-31.744295
-26.946980
-35.632706
-30.465916
-37.931847
-37.266228
-21.942516
-29.313143
-23.233566
-27.061363
-25.984636
-28.147120
-33.575237
-25.631557
-36.666149
-34.754547
-28.393915
-27.519314
-32.717331
-36.027550
-33.623043
-43.031528
-29.243662
-31.146694
-34.465446
-30.117645
-27.328327
-40.453835
-36.803921
-33.702927
-33.086388
-34.344616
-37.046223
-38.550110
-32.854038
-29.110197
-28.891308
-34.296810
-35.039276
-29.071236
-29.948118
-37.385151
-25.437456
-32.979839
-23.745537
-38.677353
-38.971142
-33.321964
-39.198109
-28.020414
-33.784878
-33.762852
-41.491241
-31.496075
-37.290035
-29.786613
-34.030884
-27.596003
-36.437199
-31.672836
-36.852737
-29.683781
-31.052979
-39.210579
-36.663288
-39.126118
-25.763556
-40.534550
-34.307961
-31.608448
-25.115532
-39.327000
-25.345203
-24.659742
-23.109095
-29.789721
-33.755157
-34.537525
-31.105289
-41.130325
-30.219902
-30.490206
-34.280937
-30.992887
-33.452049
-26.688303
-33.704193
-27.305454
-26.922167
-43.917377
-24.736221
-34.699402
-35.552521
-31.429499
-31.000669
-35.935432
-38.267811
-36.154274
-26.601442
-32.487759
-33.714493
-27.262770
-32.817352
-37.668564
-34.770107
-35.895744
-36.176884
-39.127949
-28.021484
-28.828110
-23.151834
-25.667068
-38.533001
-37.159637
-38.949490
-33.001705
-39.442810
-36.523178
-37.440708
-41.228394
-22.012608
-38.891075
-33.728268
-30.199862
-38.858959
-22.928795
-33.117676
-23.999680
-26.704224
-34.444614
-31.274466
-28.740303
-34.578693
-30.564003
-28.653065
-26.752626
-26.856348
-22.572033
-27.126167
-33.163105
-39.985523
-30.121872
-26.498825
-37.640045
-37.883480
-39.320801
-24.847401
-25.377447
-33.912266
-40.457912
-38.484474
-29.710384
-32.069443
-22.761303
-44.504223
-29.115982
-25.118248
-27.325291
-27.259987
-27.464636
-29.971727
-31.260284
-87.095245
-30.571150
-26.441105
-29.206059
-23.940678
-39.243664
-27.745586
-36.005417
-31.782068
-33.252441
-41.636276
-40.268845
-25.941645
-28.044426
-33.034992
-32.707981
-32.060474
-34.441685
-33.845360
-28.972301
-32.848728
-32.344872
-29.543381
-26.186169
-34.552624
-35.069313
-39.273483
-31.644814
-34.449619
-30.615047
-29.318449
-21.517965
-33.628681
-29.200176
-39.186913
-37.150436
-30.717381
-38.708561
-25.605259
-50.495083
-46.563503
-34.707836
-33.991592
-33.567986
-27.375443
-35.663383
-31.300140
-31.382658
-31.251408
-30.297161
-36.026588
-32.963230
-29.762915
-28.875811
-40.101116
-42.608139
-28.154140
-30.725264
-30.634665
-29.385143
-33.194798
-27.400032
-30.145868
-24.673985
-35.526661
-26.397255
-44.999775
-37.575146
-33.662067
-32.681835
-39.334911
-34.845764
-36.939167
-35.511311
-36.811428
-33.512100
-32.099483
-35.106850
-40.393055
-39.528732
-22.414186
-37.199051
-32.035057
-33.619919
-35.679672
-37.783447
-33.406013
-20.744585
-36.509132
-39.872833
-41.273296
-22.420362
-33.180096
-40.599449
-32.090420
-39.594383
-25.621964
-30.711975
-40.739326
-25.396704
-25.275480
-44.967690
-26.769938
-29.344835
-20.789062
-35.136700
-35.410065
-30.296753
-34.549870
-30.710527
-34.911274
-36.689102
-38.302151
-30.944687
-22.220299
-32.529961
-26.566462
-32.863895
-21.909901
-41.829288
-29.811668
-35.804478
-25.927336
-33.383774
-28.712040
-52.867035
-37.897987
-41.476200
-26.329823
-31.280806
-25.705544
-33.754036
-27.495270
-29.752211
-36.987946
-29.216263
-35.051155
-40.219589
-40.064407
-19.988249
-30.062332
-35.668907
-31.035583
-37.773445
-31.815792
-36.942989
-20.977404
-32.904099
-35.451649
-33.904278
-35.122078
-27.212320
-31.023582
-38.117764
-29.821314
-21.048845
-35.736790
-36.524029
-37.835255
-30.886711
-29.361811
-28.271976
-33.467083
-36.448402
-40.066170
-40.467518
-36.359154
-32.949181
-31.962709
-40.631100
-22.730606
-33.756561
-34.246067
-36.547215
-40.462067
-34.625881
-31.695345
-29.307413
-26.480801
-38.706833
-33.892059
-33.433140
-25.272697
-26.776245
-25.289867
-31.597189
-32.420109
-38.772091
-34.514133
-36.575172
-32.446373
-34.925068
-35.485771
-32.327652
-22.446159
-31.027088
-42.981491
-46.836246
-29.569212
-37.910877
-32.276241
-33.317478
-23.887016
-36.940628
-41.368629
-27.770363
-35.970631
-37.470596
-35.556805
-26.440651
-42.049225
-25.912107
-44.623627
-38.352169
-19.224432
-27.432789
-38.546181
-38.211731
-32.350487
-49.145958
-41.709831
-35.778717
-36.572323
-34.041199
-21.738283
-37.176727
-24.006660
-34.694881
-34.763439
-39.413452
-31.583855
-27.330698
-34.954517
-20.391659
-31.369823
-23.242767
-29.340609
-27.323181
-29.256779
-37.660355
-28.937635
-33.977562
-32.099300
-34.756836
-31.604115
-25.849285
-27.952572
-27.345026
-42.802071
-38.173702
-36.149170
-21.038759
-26.231869
-35.286911
-35.857101
-37.094357
-33.853832
-30.982204
-40.075356
-38.227146
-35.067833
-40.912952
-30.877451
-30.547318
-26.899914
-36.706486
-28.754564
-37.044815
-35.937832
-35.741848
-37.217682
-33.363457
-31.404331
-34.084099
-30.983551
-31.172543
-31.029217
-35.540489
-34.379749
-31.385708
-24.521576
-25.865183
-40.356194
-38.950603
-29.488552
-30.012732
-29.787746
-29.978376
-25.869354
-20.574961
-32.598816
-43.173496
-36.823597
-36.729141
-28.661665
-26.860182
-30.497082
-27.836462
-37.317486
-21.091318
-27.072187
-39.975494
-23.145790
-22.186647
-21.778715
-38.093300
-41.940670
-27.571058
-36.908405
-29.918322
-29.360788
-32.801682
-37.399036
-29.659996
-38.518147
-23.969690
-34.720985
-34.005192
-34.839901
-28.636770
-36.417473
-34.474701
-36.692459
-29.535496
-27.005413
-38.404762
-38.508087
-31.586802
-41.243450
-27.119423
-33.234276
-33.460430
-35.890797
-36.432491
-29.383743
-35.248577
-35.104748
-27.819883
-30.759369
-33.848316
-30.499325
-34.346535
-24.692827
-35.002861
-39.120201
-34.617908
-35.614304
-38.551670
-24.240200
-26.553915
-45.202145
-40.875259
-34.200169
-33.173603
-29.717262
-39.674683
-41.844025
-37.141777
-36.066933
-29.558403
-40.938171
-25.500965
-38.284740
-29.267952
-27.221733
-21.910833
-28.796473
-32.761208
-36.103664
-40.541191
-37.203712
-33.668976
-34.525318
-31.370518
-41.457901
-37.241066
-33.025490
-38.638332
-30.803183
-25.979237
-31.341187
-28.955833
-29.226717
-36.844170
-31.791687
-34.629822
-30.247475
-35.213829
-34.554634
-37.175426
-27.287014
-30.984800
-29.727694
-26.618996
-40.476139
-28.106045
-31.723604
-33.365707
-29.802834
-34.929478
-19.265839
-26.865572
-42.644020
-44.168964
-37.252457
-40.226192
-33.549366
-30.811796
-24.390345
-24.688341
-25.338972
-32.847652
-31.633934
-36.386971
-30.776390
-33.742744
-35.170795
-31.364758
-27.054230
-41.424129
-29.364414
-25.814182
-36.536606
-39.350937
-29.414270
-36.198868
-30.184248
-37.159790
-29.867794
-21.291231
-43.584648
-34.310627
-34.824017
-38.176430
-32.882046
-24.393517
-37.285374
-23.322741
-39.927746
-21.332272
-35.467846
-30.300175
-32.608238
-27.356209
-26.201849
-26.890469
-26.545458
-20.994678
-35.516769
-35.146255
-28.237341
-34.837139
-33.274574
-38.323353
-29.299376
-29.464746
-35.850079
-37.229504
-31.003544
-31.543222
-29.530861
-35.388763
-35.080616
-27.002199
-46.599747
-24.953699
-30.643785
-37.549469
-27.541445
-18.621361
-26.782202
-40.112431
-40.835907
-33.064770
-30.795599
-36.658642
-31.476923
-34.386715
-38.896351
-29.000826
-31.252525
-38.442863
-37.804134
-39.570412
-33.045662
-29.806856
-32.135670
-41.721596
-37.766247
-35.302608
-34.304207
-17.746922
-29.216480
-38.505272
-25.001913
-25.261086
-35.139912
-17.259558
-33.715199
-32.345676
-31.278847
-36.234711
-38.286415
-37.420521
-31.980682
-33.609745
-42.115005
-30.649956
-35.737274
-34.186527
-24.855227
-44.834759
-32.016991
-31.263985
-37.776329
-25.286598
-29.884905
-26.065918
-42.435120
-32.378761
-38.344391
-29.275074
-35.485893
-27.094444
-30.056782
-33.188854
-34.029118
-35.124252
-59.075077
-23.925268
-38.712414
-35.566963
-24.944820
-34.645245
-29.996881
-26.712917
-34.509678
-34.538719
-36.966652
-34.605721
-27.568295
-36.335712
-35.357059
-26.321096
-38.840107
-39.653969
-38.281181
-32.418739
-22.513857
-19.998034
-34.101685
-31.426725
-17.415241
-33.374062
-29.490244
-34.547081
-30.582876
-39.574207
-30.169548
-33.026741
-31.781355
-33.098129
-35.602772
-37.076580
-36.406902
-26.249369
-32.319042
-23.874979
-38.049519
-26.400713
-27.916344
-35.584084
-33.115147
-28.012169
-34.598709
-35.955933
-31.117350
-36.942963
-31.656128
-41.354942
-27.174252
-38.454109
-23.509136
-26.606266
-20.120070
-39.866264
-30.995892
-35.414253
-32.422775
-34.213577
-37.731598
-28.919167
-25.341059
-32.815437
-31.125118
-25.257509
-35.918926
-22.189695
-27.625940
-31.981365
-37.856125
-29.580643
-22.760494
-30.727318
-38.091736
-34.633621
-25.857132
-23.938238
-24.925175
-23.955059
-40.693321
-42.098042
-31.480448
-29.135973
-34.797207
-26.316996
-28.015221
-21.560888
-27.024366
-35.254192
-35.203663
-31.731953
-26.992424
-32.011837
-38.333488
-30.577141
-31.429596
-32.227486
-17.137215
-25.371494
-33.306458
-39.909687
-27.415272
-28.173439
-22.455797
-39.571865
-32.949276
-43.531982
-35.079277
-29.462465
-18.034397
-34.025600
-26.923925
-36.084576
-43.228256
-36.677834
-30.864555
-24.927801
-32.476791
-34.150898
-29.541079
-39.792206
-30.176826
-38.940334
-22.718447
-29.651346
-37.309521
-28.697186
-40.058903
-26.800478
-38.581261
-35.086639
-30.093357
-25.094410
-32.026169
-31.901703
-41.752922
-39.794079
-38.650932
-30.818884
-29.229767
-22.982073
-33.043465
-40.309032
-22.516010
-25.657478
-26.149775
-34.909954
-38.773453
-32.997162
-33.383484
-37.174538
-30.584076
-28.081856
-38.782265
-27.322372
-39.997669
-40.910477
-30.833729
-42.578323
-37.955639
-41.762489
-34.577129
-31.940861
-32.490471
-26.502110
-38.646568
-32.220016
-35.338024
-20.663404
-27.128716
-40.457226
-27.781315
-34.573536
-26.778547
-66.862396
-21.512341
-24.199020
-32.943333
-27.723963
-20.175430
-30.159243
-33.685345
-33.635937
-30.884569
-26.021168
-30.242380
-32.730602
-25.150894
-36.598022
-32.074890
-31.236155
-32.496574
-37.069885
-43.118034
-29.803995
-42.998596
-25.939867
-37.780056
-32.045574
-27.184704
-37.742840
-28.039572
-23.483301
-35.726494
-29.507599
-40.664497
-27.779915
-32.472404
-35.071125
-39.667255
-38.979961
-30.168882
-34.686714
-36.352787
-32.285339
-35.792950
-30.707115
-34.905380
-33.652527
-19.164602
-35.709389
-27.914917
-29.528646
-38.782207
-26.475109
-23.681612
-32.708950
-41.467571
-32.030113
-41.923710
-35.347450
-20.632765
-28.925596
-41.813503
-30.295618
-28.192690
-39.026661
-35.890102
-39.613365
-25.677193
-26.048834
-25.961538
-33.179516
-29.766785
-38.083820
-33.399548
-35.809120
-34.353142
-27.510855
-21.647373
-33.008678
-36.535645
-35.555775
-20.197954
-32.004040
-29.372101
-35.116806
-39.997589
-33.209385
-40.034870
-32.161201
-32.874313
-30.956009
-40.130154
-38.234436
-22.105473
-19.585770
-34.137905
-36.464710
-41.880856
-34.802433
-26.827793
-29.569517
-29.030384
-28.648376
-31.731134
-36.979221
-76.099342
-34.357918
-38.006622
-32.700577
-35.516903
-28.926329
-28.000484
-66.565140
-35.309258
-42.156857
-34.938393
-19.158361
-37.876881
-38.733997
-41.564400
-30.876745
-30.644871
-36.930695
-27.841421
-29.129400
-28.216324
-27.586710
-28.251925
-34.607944
-27.750803
-27.799419
-20.500830
-28.413059
-29.038382
-32.658470
-37.060104
-36.654305
-40.223812
-31.140947
-41.653812
-40.209530
-25.210556
-42.562611
-34.127941
-31.506695
-23.703636
-46.786991
-32.053696
-29.656858
-37.809093
-40.104748
-34.946838
-20.446314
-23.284481
-35.381119
-31.580620
-37.183723
-29.183435
-36.539703
-28.961039
-33.613949
-28.956791
-41.482277
-34.275219
-37.559189
-34.864693
-18.275768
-22.363457
-31.916763
-33.606258
-24.742149
-29.237236
-23.959742
-29.400097
-36.498138
-38.627144
-32.134235
-34.593502
-34.222229
-33.678009
-38.688812
-39.990009
-28.671907
-38.900646
-28.665180
-31.670309
-38.205429
-28.016335
-26.532547
-29.194786
-25.816723
-40.033962
-35.094398
-31.536840
-26.778702
-38.417290
-27.670588
-37.309925
-24.525148
-34.529755
-27.051758
-40.504135
-36.261314
-40.767002
-32.518848
-34.087360
-33.665718
-37.713127
-33.320648
-29.834417
-30.597515
-34.324146
-25.291405
-38.253071
-40.577839
-26.917601
-29.108738
-27.182718
-33.736866
-40.329720
-30.574896
-31.993263
-39.324287
-40.192303
-26.572329
-34.392052
-21.059931
-22.057518
-23.793716
-33.400135
-33.694477
-31.972900
-33.395065
-29.775272
-39.976921
-30.849672
-32.464630
-36.650173
-34.473259
-29.998600
-32.410698
-40.921806
-33.545536
-27.187084
-38.921848
-29.631689
-32.892933
-23.099613
-37.119259
-32.181751
-34.502308
-31.491280
-39.232628
-34.279472
-39.219337
-30.123039
-32.068588
-30.891081
-35.568382
-32.437073
-27.697708
-39.502831
-33.666866
-33.206860
-38.373692
-22.062782
-34.225239
-44.271061
-27.726109
-27.166834
-25.707315
-36.516655
-35.416225
-31.554121
-28.784851
-33.954922
-21.084217
-45.829811
-40.729225
-32.452122
-37.220989
-33.302094
-33.898785
-35.021008
-35.627617
-31.584652
-31.125408
-36.291691
-29.211491
-35.780140
-36.716316
-37.956738
-22.158823
-25.647280
-42.576370
-32.083530
-37.968933
-27.665562
-21.572298
-30.440510
-34.629147
-25.543308
-36.947815
-41.067326
-34.914589
-31.731680
-33.918171
-34.897305
-29.820642
-31.669773
-29.003294
-26.752993
-24.969364
-33.331837
-26.328831
-40.452793
-34.598816
-39.597595
-41.733513
-33.007286
-24.871447
-35.841923
-25.566359
-38.393120
-29.451605
-28.504316
-24.613703
-29.401247
-32.124767
-36.041309
-26.429115
-33.852974
-31.350330
-25.003607
-27.483189
-34.702862
-29.743378
-27.800482
-33.320572
-31.059071
-27.364307
-29.422161
-30.421127
-36.449528
-34.022736
-33.859352
-32.483746
-32.793755
-31.895363
-27.861961
-36.901871
-36.235226
-32.757904
-35.738483
-29.939831
-41.173027
-37.948257
-36.623859
-32.012371
-31.348940
-22.837795
-31.417727
-29.306995
-35.908016
-27.227219
-26.836071
-27.481630
-34.041164
-48.871952
-36.486866
-29.506889
-35.071453
-31.407944
-27.390799
-33.139267
-40.173065
-40.290924
-30.517244
-41.327942
-34.386696
-28.540085
-38.741516
-27.397200
-42.481171
-34.735283
-30.130291
-27.721691
-35.181332
-29.394070
-47.645199
-32.825058
-16.636623
-32.104034
-33.553619
-27.547850
-33.774036
-41.306190
-35.904560
-38.875122
-35.153381
-28.496719
-39.036217
-34.445026
-37.083641
-26.979570
-36.922218
-34.162479
-24.005205
-31.755535
-27.315228
-36.062263
-31.148643
-30.604677
-29.315525
-25.431297
-30.120058
-34.518841
-35.392712
-19.190981
-33.176498
-33.339550
-31.532764
-33.305889
-39.864891
-38.164505
-29.864971
-39.248375
-25.080610
-32.522125
-41.831226
-36.070766
-37.669815
-34.420338
-24.391705
-26.083986
-35.099422
-36.942410
-35.683022
-35.944695
-40.997143
-27.582781
-34.314140
-28.473627
-31.708803
-41.594437
-32.776112
-43.213459
-27.834730
-27.838840
-28.212009
-33.204205
-32.720524
-35.411247
-32.534954
-32.724621
-39.930786
-25.829391
-45.472313
-34.219059
-37.107918
-42.068031
-28.868793
-31.417204
-36.665173
-34.224998
-37.294868
-34.225346
-29.691250
-34.357590
-33.611469
-23.841656
-35.693039
-44.309982
-32.579388
-17.868393
-28.000484
-32.497341
-31.992378
-23.757195
-31.508974
-28.981625
-23.552586
-30.497498
-34.295837
-42.332123
-31.450912
-32.740475
-32.683418
-29.648348
-24.771748
-24.917152
-34.911800
-35.479416
-30.887764
-33.113972
-34.575138
-31.399000
-33.438362
-28.399899
-36.169079
-35.548988
-31.250864
-26.366844
-42.695072
-42.161167
-36.762005
-32.527222
-42.404411
-37.453861
-25.505276
-40.355339
-31.791883
-24.670092
-24.354155
-35.107327
-37.111202
-31.260757
-37.752857
-30.393570
-30.203182
-40.036263
-34.201370
-35.102871
-32.352489
-37.562099
-25.329758
-33.394890
-30.301704
-29.593437
-32.632744
-29.957102
-29.143263
-25.419580
-35.534580
-29.812826
-37.230995
-38.730392
-31.059118
-29.181885
-32.776100
-22.192066
-35.547302
-26.424051
-36.911205
-31.913761
-24.085117
-45.602341
-27.622953
-38.547684
-43.557842
-30.954453
-28.442432
-33.429008
-24.972071
-26.293718
-32.356110
-33.745914
-27.608021
-29.245419
-37.435631
-25.480701
-38.419300
-34.725792
-23.763916
-37.762161
-30.163029
-25.735847
-35.113121
-25.679087
-34.800972
-18.242428
-41.119301
-33.819908
-44.426933
-29.580072
-29.386837
-28.944607
-32.034420
-30.596439
-31.314150
-29.582651
-40.557255
-40.447742
-28.393780
-29.447277
-36.508808
-28.486790
-43.557854
-38.394760
-30.814184
-27.229317
-41.219624
-35.286018
-26.184690
-39.603573
-34.133678
-39.580189
-32.721581
-36.620346
-37.968864
-36.386684
-39.403477
-32.593075
-24.000910
-30.184837
-46.662266
-26.565510
-33.873848
-39.729031
-29.762245
-32.838177
-27.702072
-33.628078
-33.928185
-45.756699
-89.491196
-34.125080
-35.860527
-24.696701
-30.217886
-35.717800
-32.874306
-26.922901
-20.691391
-29.635998
-37.049686
-27.500479
-33.426460
-26.261967
-38.174389
-25.038546
-28.775782
-29.859543
-28.392036
-27.789480
-36.684483
-27.801367
-29.471680
-39.148151
-25.991104
-37.817543
-29.694138
-31.345634
-25.160038
-27.376255
-23.594307
-23.688808
-29.765701
-37.913769
-23.096170
-36.433537
-35.193577
-43.274853
-48.958420
-26.156355
-39.346573
-40.918663
-35.471516
-34.089642
-38.047413
-27.840027
-31.122269
-21.582132
-30.335913
-40.456841
-27.977936
-32.282894
-28.259830
-31.200129
-32.102192
-35.087761
-29.685741
-37.585922
-32.071522
-34.540680
-18.058577
-45.531994
-26.629429
-26.738384
-37.725662
-26.868429
-24.754410
-22.019419
-28.642036
-24.092020
-27.478153
-38.622246
-38.356140
-34.119831
-34.705658
-27.660395
-21.090155
-29.974592
-32.603203
-39.436428
-33.546509
-34.801399
-37.294270
-36.534111
-35.986923
-37.900101
-40.126465
-33.778355
-37.852692
-28.188831
-32.475128
-36.655373
-23.950315
-28.526766
-34.397930
-34.127876
-42.091518
-34.696465
-22.876242
-40.843636
-36.361343
-29.691086
-35.210541
-29.760712
-22.043364
-25.870129
-36.711227
-37.832489
-29.551188
-40.463654
-37.047981
-25.187080
-31.512302
-22.312805
-31.264412
-35.494598
-35.391510
-31.531998
-37.890842
-29.636250
-36.058025
-36.773888
-33.727257
-31.517441
-29.201065
-36.317394
-32.535805
-36.387779
-38.189629
-35.963089
-36.773693
-32.693058
-27.876770
-32.985409
-22.852303
-32.056877
-35.821518
-29.079151
-32.143429
-29.024191
-38.546989
-30.414570
-38.629940
-26.756783
-23.574478
-28.141994
-38.275375
-29.423603
-26.865450
-32.214069
-27.672760
-32.973068
-42.958454
-28.765326
-27.637680
-27.598938
-24.569195
-36.288010
-25.113224
-40.946541
-33.352531
-21.853958
-25.892275
-38.300568
-36.020226
-29.874876
-25.870171
-22.118391
-38.637978
-22.429676
-28.419956
-31.280067
-26.874006
-35.257042
-35.307674
-34.673210
-31.427961
-36.825115
-30.468500
-42.049118
-27.465885
-31.105160
-26.999783
-22.328484
-42.128365
-35.347603
-32.361675
-26.393311
-39.936825
-34.379936
-40.242889
-41.729431
-35.647205
-30.392853
-38.523518
-38.491760
-36.531151
-34.628288
-44.976402
-37.293037
-32.322269
-43.450356
-35.994492
-31.786304
-31.383448
-31.001425
-33.639587
-40.294041
-43.360741
-30.540552
-40.109009
-41.741379
-26.038424
-38.241882
-38.681965
-34.375404
-21.106098
-29.377419
-46.391853
-37.032925
-32.651993
-33.180019
-28.456125
-29.809044
-32.058266
-32.277023
-23.051785
-28.182871
-25.503740
-38.499050
-28.986170
-30.790760
-30.289940
-41.170200
-34.035175
-31.933668
-38.729019
-39.162132
-22.725046
-26.901649
-35.260090
-42.967892
-28.669540
-32.349621
-25.734047
-32.628235
-33.329269
-28.859997
-32.550785
-34.231319
-37.255772
-30.444237
-35.831543
-22.893351
-29.530125
-34.169540
-27.333513
-34.002151
-37.289654
-29.298698
-27.638834
-34.333481
-40.829563
-29.645390
-23.180992
-34.876770
-30.265976
-40.018639
-35.983936
-24.613714
-33.554405
-26.268291
-26.749359
-39.754768
-26.184429
-41.743103
-34.557854
-41.284599
-35.203453
-26.949841
-35.019310
-33.181427
-33.746365
-29.791967
-40.547939
-33.581142
-28.648468
-32.714901
-36.391388
-22.684301
-30.557739
-25.236443
-38.514843
-40.430611
-39.435368
-33.680038
-17.809322
-26.086123
-24.372091
-27.305195
-61.375916
-30.200739
-35.068253
-40.693180
-37.023743
-25.159552
-33.782494
-21.735977
-22.171337
-38.980927
-22.583399
-30.931498
-34.998882
-37.501678
-29.118008
-23.395351
-38.358093
-37.778305
-40.188351
-23.729404
-25.561453
-30.905891
-25.231295
-31.669563
-30.405500
-28.223614
-35.401978
-36.187477
-33.113789
-38.029202
-30.251482
-40.697353
-32.706955
-34.007820
-31.637543
-38.652790
-32.694180
-35.170906
-45.871490
-32.173523
-34.296795
-27.005377
-24.575884
-37.219387
-39.888157
-30.559177
-34.016567
-33.140915
-38.834236
-30.288666
-21.749249
-25.635771
-40.042366
-32.769871
-32.025661
-31.927090
-35.081554
-30.642122
-34.301765
-26.232687
-39.692139
-40.771317
-41.261314
-39.024090
-25.948826
-36.263432
-25.506292
-33.054523
-34.754749
-30.989651
-34.110355
-28.717052
-32.219200
-32.104969
-44.037632
-36.719883
-42.184864
-39.506454
-43.336945
-37.178398
-35.469254
-36.105030
-36.271648
-41.686768
-38.701042
-32.855202
-29.516136
-26.689846
-28.337120
-38.011757
-39.422489
-33.583317
-24.840124
-39.516842
-29.734556
-32.634212
-38.575817
-34.299477
-39.878838
-42.476696
-37.871582
-30.796133
-22.067331
-29.775492
-35.542091
-42.773151
-30.373714
-31.414867
-32.155037
-33.205704
-34.180294
-28.639755
-26.787991
-30.455227
-35.792568
-28.033066
-32.495003
-33.448513
-31.828140
-37.813705
-40.017807
-37.034752
-24.053442
-36.774956
-31.688148
-36.027443
-34.378174
-29.622101
-33.272186
-30.254036
-45.179726
-22.344143
-36.571617
-35.372234
-30.430431
-33.590492
-33.431694
-23.261242
-32.102375
-35.970726
-37.757523
-34.950859
-43.747246
-36.298977
-23.207642
-30.955378
-25.010130
-26.185465
-40.593170
-36.374763
-24.975763
-37.421497
-25.636324
-42.389530
-40.194973
-29.543888
-65.088417
-39.951595
-19.519297
-39.531315
-32.424553
-23.163307
-35.595802
-42.354187
-26.508120
-27.277954
-32.953293
-29.171682
-28.537382
-28.090837
-26.973862
-37.607227
-26.202236
-40.029110
-25.992270
-42.912743
-39.350033
-36.649635
-36.016926
-31.288307
-29.680130
-50.066463
-24.320789
-28.767288
-30.870121
-38.258957
-21.888552
-29.813700
-29.162907
-33.152176
-32.608753
-35.759937
-44.200687
-36.163628
-40.147091
-27.562899
-32.731331
-32.023293
-42.167004
-37.725475
-37.306427
-43.085972
-32.291042
-31.930065
-34.571735
-36.216290
-37.261654
-35.558384
-34.422409
-29.172985
-28.100666
-32.442673
-40.693268
-31.165174
-33.567169
-24.545431
-25.316441
-36.645832
-30.044258
-36.877365
-39.709713
-37.100056
-37.663311
-33.195068
-25.735273
-25.794453
-37.016529
-31.496799
-31.080347
-41.481716
-25.268002
-20.172245
-35.995987
-31.985500
-45.066219
-28.321014
-42.734158
-27.703835
-33.591522
-39.026646
-30.881250
-35.087631
-27.246952
-32.192276
-44.340897
-39.434483
-35.427029
-33.876045
-33.435032
-43.661362
-38.350483
-36.544411
-38.057354
-30.886694
-30.233227
-38.126961
-29.342163
-33.659000
-35.224468
-28.820263
-26.332232
-28.983810
-31.614653
-34.341759
-36.736721
-33.684738
-29.562912
-34.136009
-31.859596
-37.974018
-42.733128
-38.305939
-36.609070
-30.984428
-28.692329
-27.257084
-29.059145
-32.004299
-30.761274
-26.311813
-26.912746
-39.354546
-28.518568
-31.043116
-31.617714
-28.170343
-28.884403
-36.968414
-35.499657
-31.534527
-33.733814
-30.695816
-34.115738
-39.075420
-35.987247
-28.441063
-39.386921
-29.771595
-22.927343
-37.302128
-42.057175
-28.945141
-32.900181
-36.658562
-35.002842
-38.106079
-30.669477
-33.697639
-24.542370
-26.069092
-30.614813
-23.618168
-28.784040
-38.012409
-37.722042
-28.647457
-23.248188
-30.676302
-37.516800
-37.788483
-24.047451
-17.343803
-35.223270
-30.741058
-22.425299
-39.408695
-23.884840
-32.978306
-25.193714
-41.660496
-30.331642
-31.101450
-31.493055
-25.160717
-39.810047
-36.488594
-39.135269
-31.966497
-30.664391
-27.872158
-33.706615
-32.940701
-32.748386
-27.817942
-24.745012
-27.085754
-29.264660
-32.386139
-32.816471
-33.770222
-39.493504
-35.305115
-23.468540
-32.983311
-34.738365
-32.205383
-27.952492
-33.613213
-35.878696
-37.940601
-23.882656
-31.922611
-25.835972
-30.523966
-38.326027
-27.896225
-37.719635
-31.096798
-41.155167
-34.814304
-35.922558
-39.552425
-21.440580
-28.757772
-30.447252
-27.159029
-39.980698
-28.092884
-32.483940
-41.003769
-49.514194
-25.082880
-31.420282
-34.594208
-30.524111
-33.805656
-33.123753
-33.275223
-44.101738
-35.401848
-34.392822
-29.276192
-30.133629
-37.440220
-28.135523
-27.667007
-35.614792
-30.561760
-39.721825
-29.741379
-34.939201
-22.422646
-34.771488
-26.478127
-32.213276
-29.882853
-36.754082
-40.141129
-29.829647
-41.499020
-21.067650
-39.158398
-28.610096
-36.126495
-30.352522
-47.125141
-18.595774
-27.639849
-26.214357
-31.406948
-34.171062
-34.967915
-29.568228
-32.082340
-28.912588
-28.088593
-36.384460
-34.573944
-27.311842
-38.238861
-35.045303
-37.954983
-33.237469
-36.262222
-41.141678
-34.539978
-19.162661
-28.337639
-33.975990
-28.289028
-37.307938
-47.556923
-36.228615
-33.234665
-36.324871
-43.216881
-44.907658
-34.227627
-31.969524
-24.409752
-39.611992
-44.368774
-28.357687
-28.248549
-33.955147
-25.453772
-30.226223
-28.999418
-34.418564
-31.842350
-23.319485
-35.165276
-40.225388
-29.533728
-21.774742
-24.106842
-29.467911
-31.674957
-39.892654
-32.579929
-37.027092
-31.663836
-26.181946
-29.888613
-41.020573
-35.619461
-26.390196
-33.817871
-29.289043
-28.323929
-33.824337
-34.635704
-23.279114
-43.492962
-30.371611
-36.025192
-37.935036
-34.417942
-33.720779
-25.344179
-31.989641
-38.513481
-37.057571
-32.312176
-32.292847
-28.763779
-35.327969
-22.508104
-28.481024
-31.471628
-31.417614
-38.428970
-36.580620
-40.365902
-39.821552
-36.701286
-23.982111
-34.909100
-36.588467
-33.384388
-37.181919
-31.723080
-34.005455
-34.605835
-28.784523
-31.483816
-34.320351
-36.445576
-37.026985
-38.364819
-35.196560
-40.336067
-27.327427
-29.183784
-30.416626
-32.011436
-36.986519
-27.394640
-47.441319
-35.797451
-35.748909
-36.930901
-37.536655
-23.770861
-32.505615
-31.103205
-34.670288
-26.757587
-28.913551
-39.022224
-30.265223
-31.098324
-36.970062
-34.397816
-26.698128
-23.768663
-46.117615
-33.587337
-31.143192
-34.867359
-38.553890
-27.506767
-28.687492
-26.834702
-30.693867
-36.000954
-22.285276
-35.200104
-32.357227
-28.152813
-36.944210
-35.500504
-37.037212
-31.880924
-20.817026
-44.649933
-43.456631
-34.734005
-26.517803
-37.098270
-21.889265
-39.909222
-40.599918
-33.518120
-29.718597
-27.518644
-41.037239
-26.596224
-32.705002
-37.232555
-37.190910
-34.998238
-31.701902
-22.292192
-38.829750
-32.129311
-34.506107
-24.122452
-26.369486
-31.005009
-31.465651
-36.444500
-29.345631
-38.053337
-31.053200
-37.070282
-29.514553
-28.333342
-35.649567
-30.905128
-36.541397
-30.465157
-27.613312
-24.792021
-28.728354
-33.949894
-29.182169
-36.237061
-29.822624
-20.042961
-39.242352
-32.138680
-32.509972
-44.746731
-26.286434
-32.469475
-35.235832
-34.243465
-42.791466
-33.432888
-31.359324
-20.809156
-36.705738
-27.359606
-25.780792
-31.211178
-33.493382
-36.577049
-30.031672
-34.746681
-39.647476
-38.860878
-35.141228
-33.187298
-39.235302
-37.244049
-37.041237
-25.647259
-31.462503
-23.990643
-23.572712
-25.029430
-29.072418
-26.808167
-32.582985
-39.640888
-38.857391
-33.247448
-36.664803
-33.166592
-30.302738
-30.759911
-27.344263
-36.572453
-33.061157
-39.988785
-20.959911
-29.097580
-35.636963
-31.765623
-30.568899
-31.068583
-34.918053
-37.306438
-36.005749
-34.046825
-40.301720
-34.455441
-29.503876
-29.424520
-25.853758
-23.072517
-33.662354
-32.421391
-33.457283
-26.870516
-32.004684
-35.814812
-40.354568
-24.860146
-42.117298
-26.530010
-39.145073
-33.365589
-28.154268
-29.629351
-35.893509
-29.202888
-37.831326
-41.211514
-35.641151
-38.571667
-23.692413
-34.757099
-37.406605
-32.105671
-35.420269
-26.895452
-35.422939
-22.933630
-33.448902
-34.171722
-40.240864
-38.319508
-42.499596
-38.520477
-27.879827
-35.369099
-25.753464
-35.974442
-31.401432
-37.341148
-37.597099
-38.418365
-26.494465
-20.295597
-34.331539
-23.919491
-35.781178
-34.513264
-37.186382
-31.491852
-32.067093
-30.109102
-38.123062
-37.456856
-33.075069
-31.290379
-38.476521
-42.471767
-39.186539
-39.413128
-38.246902
-29.790640
-28.692183
-28.946026
-27.791866
-30.850897
-40.176033
-28.019119
-41.976810
-41.277428
-34.690186
-34.072544
-31.606977
-36.254826
-27.717899
-32.871674
-34.961498
-36.650753
-36.721790
-27.245909
-33.664032
-40.540855
-33.665329
-39.839455
-31.053705
-34.919720
-34.669743
-37.392933
-23.826784
-25.704979
-26.495079
-25.207756
-33.801323
-31.540287
-27.153967
-25.429689
-32.601196
-36.562668
-27.881462
-30.199093
-39.180779
-38.380150
-32.327431
-20.153816
-38.806107
-36.022701
-36.379677
-28.693205
-35.307907
-27.325615
-36.483700
-31.464252
-29.557838
-37.632996
-33.528637
-31.068493
-29.999073
-22.960039
-33.983074
-40.623276
-23.249401
-38.821468
-25.388037
-32.706947
-29.504795
-18.606852
-34.369236
-31.474197
-26.909466
-31.669136
-31.291843
-27.414513
-35.683231
-40.307468
-39.617126
-30.573092
-39.539055
-33.859200
-37.521736
-34.328892
-36.293312
-24.474279
-35.634136
-21.323923
-21.780548
-44.030537
-34.006607
-26.427345
-34.436874
-38.353924
-29.604027
-38.683674
-25.883137
-28.881565
-40.870560
-32.845253
-38.644119
-27.935005
-22.997002
-45.561035
-32.785305
-30.862759
-32.853115
-31.123430
-24.471554
-31.022102
-29.749203
-33.145180
-26.417797
-38.227814
-35.666473
-26.733017
-26.353655
-25.366489
-39.339375
-37.722786
-41.092545
-33.048077
-31.731813
-22.106047
-32.125648
-30.895054
-26.159214
-31.007900
-31.976673
-41.647717
-34.155579
-34.067348
-31.620855
-39.903053
-34.566132
-34.699898
-32.501091
-28.431040
-33.872440
-32.571339
-29.152891
-43.650291
-25.729622
-37.545879
-35.940804
-33.098446
-25.906080
-31.650650
-37.860992
-25.754608
-35.274155
-28.147667
-28.265579
-37.012691
-33.919804
-18.902744
-36.992130
-20.875612
-28.410398
-26.933748
-29.317524
-34.074608
-29.037354
-35.999660
-42.742836
-24.564285
-34.179554
-26.588364
-31.973866
-27.483509
-24.396729
-25.035774
-38.240417
-32.847023
-28.352592
-35.477196
-33.059731
-39.175312
-24.781191
-29.786118
-27.033684
-38.084286
-29.460632
-31.896244
-33.691788
-32.784275
-33.784931
-29.372398
-33.428131
-22.346756
-36.354755
-30.234715
-37.305576
-30.752533
-37.488617
-36.757263
-30.317543
-28.366270
-33.116428
-29.736443
-30.050152
-35.587440
-40.975456
-35.998295
-23.495544
-39.658081
-38.413151
-35.500381
-28.212711
-24.689953
-29.137186
-32.550175
-29.741146
-39.103886
-44.522221
-40.540806
-27.440031
-40.549881
-37.251640
-35.150402
-24.569162
-32.471512
-35.302032
-41.209717
-30.467220
-34.449539
-41.418156
-23.509077
-35.629246
-33.997185
-54.196571
-40.071190
-31.476494
-21.531399
-22.915712
-32.739693
-38.408352
-37.783115
-35.277496
-29.164236
-35.349030
-32.088749
-29.066582
-34.758015
-29.278696
-39.347458
-33.592869
-37.678944
-51.410194
-32.280647
-22.025730
-32.560104
-33.142487
-34.432133
-21.440687
-31.063185
-29.846235
-24.717934
-38.134594
-37.172680
-38.598339
-36.173279
-42.353210
-33.617882
-26.001877
-41.799709
-32.799675
-26.846195
-35.019630
-36.237099
-36.730831
-31.657026
-24.861853
-28.351097
-26.950966
-41.549179
-33.547966
-25.369289
-33.133621
-32.735767
-37.970493
-28.338371
-32.522007
-30.442432
-30.934856
-26.409382
-30.455671
-35.767685
-32.180935
-21.856997
-32.723511
-29.026030
-39.165981
-29.472847
-45.207134
-34.225704
-33.276047
-37.563477
-29.778866
-37.220135
-25.787167
-24.615011
-33.777348
-36.084164
-33.791824
-33.757736
-28.146109
-32.000359
-38.836651
-31.343040
-37.756023
-33.798569
-28.333855
-42.407486
-30.367474
-26.237488
-41.872372
-22.400433
-25.810593
-32.862354
-36.297894
-43.999584
-36.836426
-34.325680
-35.397652
-30.626911
-34.054512
-26.356134
-29.541708
-16.937437
-30.263762
-31.546898
-37.347855
-32.514729
-35.551933
-38.168980
-29.852312
-26.702705
-27.847961
-36.918114
-35.347916
-51.622326
-29.609098
-28.010176
-32.623981
-33.284561
-34.449539
-35.199074
-31.715673
-26.556511
-37.385353
-33.680988
-33.595627
-23.282108
-34.834099
-38.252209
-33.319302
-24.562138
-36.064304
-34.208103
-34.142937
-33.085693
-34.955315
-28.076139
-45.186077
-26.934410
-33.653069
-42.149567
-30.864239
-28.816513
-21.586914
-41.054382
-35.643280
-40.141830
-32.351486
-39.608711
-27.112761
-27.302288
-25.619701
-40.190533
-38.165600
-37.196949
-39.194668
-33.360744
-36.591549
-34.766205
-44.213448
-28.331430
-32.178085
-35.999863
-29.675253
-28.251949
-33.065830
-36.153374
-46.392822
-46.010254
-34.624649
-23.694252
-34.684727
-35.266365
-41.466545
-31.493898
-39.125683
-37.095081
-32.772205
-36.371075
-29.652035
-32.432804
-17.202898
-28.200010
-36.417004
-36.307007
-42.201546
-31.947939
-37.779392
-38.182934
-41.871666
-39.053188
-38.285839
-34.927727
-28.604408
-22.921778
-38.549675
-28.006708
-30.288538
-38.685081
-35.406551
-20.318756
-33.307693
-26.101702
-30.931549
-42.993759
-35.402653
-44.762123
-20.958841
-37.433357
-20.872614
-24.350128
-30.004734
-50.726631
-30.326939
-36.933422
-27.029043
-26.925312
-37.251625
-34.989975
-35.502190
-40.833965
-34.209969
-31.618656
-32.317833
-36.251614
-39.780571
-42.406391
-43.965286
-34.276234
-34.560295
-26.798180
-29.390448
-27.255455
-34.176743
-29.611313
-27.797123
-40.979359
-28.664162
-27.180553
-30.414680
-32.742538
-34.135033
-30.246685
-36.760445
-31.104969
-29.108427
-26.188633
-22.286226
-43.697514
-39.065918
-27.526957
-36.874119
-25.228430
-23.719791
-39.274826
-38.126282
-29.301805
-36.892128
-26.933496
-32.763378
-34.664165
-25.563915
-32.551949
-37.236576
-21.371456
-35.789738
-33.126926
-34.156055
-36.904999
-34.730663
-36.810974
-34.703571
-31.117350
-32.131714
-28.025707
-42.210388
-38.075832
-37.808315
-41.443924
-31.142647
-29.259115
-28.855686
-36.479870
-38.135941
-36.176998
-35.767303
-35.557304
-28.740726
-31.633965
-30.191299
-24.570810
-31.784702
-27.684742
-31.328823
-31.809671
-34.340523
-41.255547
-26.510450
-35.435585
-27.665339
-26.026011
-41.029171
-33.601280
-41.223072
-31.391005
-24.663345
-36.982288
-36.057877
-27.330147
-46.629940
-35.273258
-30.753384
-31.807457
-44.214966
-30.690411
-29.490494
-28.227348
-37.374737
-32.711681
-32.076107
-30.422358
-38.655499
-31.279949
-33.497822
-35.025677
-38.047398
-35.081558
-32.912819
-32.090298
-26.269726
-37.015835
-39.182533
-35.042194
-25.904432
-35.670799
-32.224598
-25.489527
-28.545969
-31.932884
-34.204933
-29.312195
-38.850105
-28.433010
-36.754917
-35.468689
-33.223572
-39.942284
-24.875320
-32.463154
-25.960236
-32.827568
-23.369345
-33.142746
-37.822861
-28.726954
-29.836758
-30.876015
-39.070992
-50.378571
-23.366457
-31.471886
-33.826523
-32.760860
-28.027222
-34.668343
-32.683987
-23.498968
-25.350029
-30.500925
-31.748203
-39.956696
-37.154415
-40.216877
-41.942017
-32.915165
-24.317167
-28.487522
-43.998611
-27.739666
-28.987911
-27.511557
-33.628815
-29.657942
-35.835091
-34.263557
-40.500809
-37.474518
-23.795698
-23.485811
-32.330330
-19.555281
-34.908142
-30.965836
-48.245468
-37.928757
-24.397087
-26.735672
-40.528549
-29.774151
-30.562664
-33.635422
-36.302078
-33.121883
-35.937130
-26.147305
-37.633762
-33.393776
-35.536461
-33.037914
-39.465527
-34.671879
-39.659569
-38.619171
-33.019966
-35.432079
-32.420494
-28.426550
-23.701515
-41.044632
-25.840889
-39.758484
-45.217056
-24.984827
-42.385536
-27.914307
-37.416313
-36.162270
-29.413094
-18.790874
-40.927086
-41.163155
-38.605640
-29.294525
-37.865822
-31.483255
-31.753214
-30.249298
-36.029099
-21.122667
-24.956011
-32.715687
-28.898766
-23.826511
-33.830059
-34.448448
-34.140766
-34.020039
-35.811668
-29.432112
-38.884659
-24.139366
-42.949615
-38.612000
-37.542149
-35.048130
-32.337299
-25.552975
-34.056763
-29.004335
-38.831585
-57.361496
-30.307350
-35.135983
-39.711815
-22.590557
-37.570564
-36.703121
-31.187414
-31.531191
-32.086681
-29.996098
-43.692898
-35.782150
-43.358383
-27.639072
-28.709452
-39.428268
-32.722321
-35.442848
-25.113174
-35.016052
-31.990473
-30.767220
-37.273991
-35.775604
-33.767998
-32.169800
-33.969501
-41.957031
-30.091875
-34.711319
-28.622904
-26.247066
-27.922445
-20.532194
-32.437374
-45.519939
-33.780888
-33.454750
-34.998016
-36.832401
-23.571770
-36.601913
-31.978201
-35.240929
-33.726727
-31.669888
-38.188427
-30.358730
-26.142456
-30.743528
-32.903450
-31.043015
-41.408428
-34.273769
-40.087654
-40.229870
-29.020761
-34.035141
-31.616865
-33.109871
-36.988625
-37.992596
-36.787743
-34.389557
-27.455832
-38.450108
-27.774975
-37.979240
-28.294825
-25.264084
-36.981884
-25.022890
-31.528173
-36.853428
-40.028687
-39.026253
-18.164192
-32.813274
-32.582272
-27.404716
-56.112770
-39.177902
-38.291035
-38.742985
-40.371998
-35.470024
-32.331841
-38.276955
-33.461716
-30.032183
-27.910223
-34.129585
-57.843609
-34.140697
-41.902447
-37.622616
-40.893002
-31.404470
-17.338936
-22.351063
-35.128700
-33.600746
-35.332237
-24.417755
-19.605358
-40.344238
-35.746365
-26.825970
-30.831892
-26.266001
-28.476973
-40.530754
-23.035055
-30.199648
-32.039154
-26.661201
-39.689148
-32.419197
-26.531590
-35.185699
-41.165627
-27.271706
-34.870674
-36.553600
-32.393379
-27.703167
-36.321445
-26.837051
-23.169523
-26.486641
-28.314880
-29.063931
-34.050079
-24.700609
-35.109272
-26.198162
-21.816048
-28.306202
-31.412233
-39.688675
-27.299065
-14.203956
-31.169294
-40.022381
-33.640797
-30.632231
-35.736233
-39.817307
-35.210327
-41.418514
-23.105217
-26.155323
-31.481926
-38.716419
-37.732742
-32.724949
-28.125675
-27.462467
-26.673855
-27.266581
-32.881439
-27.418718
-26.371508
-36.913662
-25.947987
-24.016455
-30.308716
-31.924427
-37.000271
-32.932762
-44.966057
-37.361420
-31.823162
-28.869911
-36.312744
-38.241119
-22.844048
-28.273611
-36.958923
-29.146034
-34.430485
-35.061287
-27.616573
-20.581774
-32.811588
-33.668713
-30.610046
-41.740211
-40.122375
-34.916561
-19.945568
-35.603687
-28.856934
-35.405350
-29.798706
-37.930096
-30.085213
-31.526396
-34.973251
-39.025837
-36.712345
-36.978546
-35.463055
-35.955917
-35.141922
-42.627106
-30.221397
-38.050644
-26.349569
-39.962578
-34.575508
-26.279354
-30.598875
-27.828617
-29.214100
-35.960747
-43.043770
-37.802818
-38.606773
-28.655020
-25.620613
-19.540344
-29.939442
-36.662655
-40.051105
-32.080959
-36.464748
-29.378546
-26.208548
-23.579130
-44.419811
-36.258945
-42.910202
-25.655626
-24.947868
-38.834099
-35.077465
-28.864748
-40.230198
-28.890326
-34.455807
-37.505402
-27.305744
-39.301754
-33.422501
-31.128630
-30.825436
-41.276638
-33.749763
-37.664715
-40.826542
-34.102417
-39.484848
-33.586269
-31.442970
-36.915520
-23.697380
-27.438871
-28.070389
-35.664635
-28.927807
-37.517708
-28.730076
-35.854122
-31.268972
-34.339825
-29.481218
-28.417955
-24.708220
-28.781082
-36.278969
-27.147360
-38.962891
-40.240543
-22.480986
-34.694744
-35.544659
-44.599045
-24.382349
-24.030485
-36.964466
-46.302448
-38.606743
-22.182777
-27.105469
-39.983715
-34.015877
-26.642792
-36.292797
-31.662523
-38.270912
-35.215599
-36.550282
-34.478027
-30.748058
-34.208633
-40.049107
-25.747370
-36.892067
-28.267355
-35.036060
-33.741703
-41.294079
-69.673080
-36.417885
-45.724918
-24.288774
-31.679344
-30.250973
-36.126534
-37.440403
-37.127735
-42.787704
-34.848652
-31.356697
-37.772934
-31.465731
-32.000011
-37.302414
-44.084980
-33.177647
-32.565422
-35.899925
-36.036655
-31.402561
-44.003273
-33.536320
-27.040176
-32.060223
-35.800041
-34.407322
-35.384663
-24.559954
-37.257973
-35.264442
-35.522747
-34.189316
-34.566532
-34.692139
-40.076061
-33.248646
-31.683174
-39.704601
-41.296425
-27.026686
-33.149071
-38.446301
-36.176170
-41.288925
-45.496861
-34.414749
-31.204212
-28.956516
-25.473473
-38.351749
-40.654358
-26.990002
-27.866911
-35.793671
-32.633339
-40.994473
-37.559284
-40.932285
-30.325066
-32.267570
-37.378395
-38.916927
-43.434174
-35.465481
-26.740345
-34.227909
-29.828514
-31.822870
-23.355440
-40.449844
-27.584818
-25.329231
-27.590050
-36.610611
-35.152298
-34.151421
-42.216728
-40.646023
-33.845947
-36.664085
-29.526524
-38.119774
-32.858032
-34.481339
-37.578487
-34.443649
-18.719694
-32.410671
-34.195446
-37.480309
-43.470913
-40.314007
-35.375141
-20.917072
-37.618641
-27.528460
-39.532066
-25.066296
-38.647545
-36.172550
-40.704025
-41.634857
-32.418266
-41.110813
-40.057728
-29.098846
-30.907406
-37.529869
-28.014380
-36.515945
-22.353191
-34.907318
-30.576160
-29.961287
-39.068237
-23.749245
-37.177273
-75.441719
-16.644817
-37.568954
-31.041014
-28.268400
-37.055279
-28.473921
-32.832203
-34.417557
-33.652897
-30.913101
-30.565699
-39.502037
-33.483150
-28.155659
-33.963562
-36.680935
-28.405596
-29.034851
-33.238750
-30.362175
-32.054134
-35.105469
-25.083349
-27.909494
-32.165657
-36.971165
-41.495621
-43.046368
-36.121830
-20.911388
-32.939278
-35.921959
-31.887791
-32.037304
-27.906902
-35.704128
-23.926960
-39.396580
-15.890432
-30.863510
-33.566765
-35.086063
-24.614595
-42.522079
-26.112621
-26.826897
-24.997877
-34.227371
-29.452869
-36.897419
-31.520266
-39.833607
-40.813454
-35.860573
-41.826607
-31.770359
-28.010666
-35.354073
-24.491898
-33.853096
-28.514997
-27.715767
-32.677132
-27.779602
-27.547945
-38.575844
-28.093639
-37.744102
-39.714237
-27.490414
-25.944267
-35.110214
-25.058525
-35.765285
-32.304676
-25.162916
-36.984653
-20.555283
-59.421497
-35.564213
-35.267155
-33.299992
-31.665459
-35.519733
-38.772648
-27.570860
-34.267864
-33.134872
-41.640297
-27.946375
-31.769960
-35.209145
-34.655502
-90.893524
-31.373497
-32.901360
-34.045242
-26.881809
-29.834724
-45.524693
-39.306911
-35.654369
-28.021303
-31.440577
-21.782753
-38.942635
-43.548721
-43.274719
-29.284412
-34.641907
-30.814280
-24.553513
-35.853901
-24.035275
-32.708740
-32.309509
-29.291466
-32.160545
-31.855164
-32.125298
-39.122429
-37.244057
-29.992004
-37.224171
-34.947735
-24.471258
-35.508770
-33.996410
-36.792175
-37.144478
-25.704481
-29.754171
-32.224747
-32.458858
-31.156639
-39.719887
-40.316460
-30.261864
-25.313944
-35.391212
-31.333828
-29.328024
-30.477259
-39.903465
-28.717880
-20.909073
-44.584183
-28.169758
-39.331898
-27.192406
-32.511986
-41.485435
-35.643391
-29.071960
-33.007042
-20.054951
-44.950867
-34.027798
-31.638462
-33.121410
-36.432163
-41.949993
-23.889549
-22.730150
-32.022636
-37.026249
-29.386452
-28.266468
-36.238235
-36.870441
-31.936108
-30.620132
-31.325491
-23.649862
-39.415813
-34.350441
-37.749802
-33.191875
-25.281422
-31.532150
-33.707668
-31.053278
-32.746849
-36.953270
-32.793716
-39.034065
-26.177488
-23.879618
-37.315655
-25.925213
-39.817314
-48.299911
-37.159294
-29.085783
-32.447243
-34.429512
-31.467754
-34.359947
-40.440269
-41.457291
-40.146618
-35.942875
-25.337856
-32.880825
-33.059013
-27.358749
-29.906263
-25.258114
-49.534180
-29.149696
-35.428616
-37.191216
-31.706648
-31.994553
-25.612045
-31.682676
-28.547029
-29.231920
-31.299314
-35.484219
-41.755577
-42.339859
-29.720013
-33.379391
-31.707438
-34.510731
-18.927418
-26.857807
-28.867165
-32.443520
-32.393700
-29.414701
-20.983490
-30.845978
-31.532001
-46.112469
-30.989180
-31.540255
-27.184910
-30.191689
-28.529684
-30.449829
-35.843693
-31.364559
-18.975471
-30.023872
-27.214630
-31.948017
-37.026142
-30.192354
-33.994514
-36.103874
-40.797733
-37.697643
-31.717236
-37.098228
-22.725222
-37.846283
-34.071655
-35.006695
-38.835167
-32.202274
-38.416946
-44.471069
-42.906895
-31.134094
-30.789078
-33.985634
-36.288158
-30.585617
-37.353943
-35.455360
-42.508022
-42.270874
-31.448097
-29.558285
-26.284971
-29.903490
-34.718048
-39.359367
-25.895109
-31.999393
-35.955685
-31.078913
-28.335466
-33.899574
-37.594608
-36.676849
-35.261383
-24.333288
-38.671650
-40.734745
-28.656569
-30.916906
-23.662582
-23.761223
-33.407719
-40.244587
-40.670185
-37.638008
-35.494549
-31.546562
-33.566280
-30.782505
-38.149448
-37.588448
-31.477625
-37.400944
-35.465687
-36.390217
-20.017393
-24.070288
-32.980778
-32.697861
-37.421906
-21.226070
-35.966003
-28.494129
-34.013493
-27.323364
-34.245331
-33.516251
-20.785009
-43.313751
-35.930645
-37.285946
-29.891546
-35.492500
-25.839191
-27.652098
-48.546635
-21.861034
-32.137123
-25.336943
-31.739473
-45.549522
-39.183815
-26.558966
-33.167118
-29.034376
-22.197487
-29.154673
-42.217537
-35.621513
-33.731705
-34.615768
-35.453568
-30.297358
-36.810757
-31.861986
-42.850780
-40.589291
-27.136789
-27.805882
-32.755890
-18.637453
-27.997082
-30.804558
-38.165543
-36.389938
-27.780918
-40.270927
-26.376282
-32.826725
-26.797274
-35.817757
-32.288696
-26.483788
-42.064445
-26.192814
-39.995201
-26.044483
-32.533669
-31.857706
-29.434099
-34.131012
-41.436806
-30.958200
-34.335133
-35.490093
-24.750523
-27.635773
-47.507545
-31.605770
-29.249264
-38.860840
-35.744743
-41.323822
-26.680145
-28.190899
-25.056158
-21.435593
-31.435444
-37.441116
-30.357950
-32.264359
-35.563026
-37.979107
-17.834642
-25.588959
-32.864929
-38.252415
-34.995419
-34.681786
-34.388393
-40.713512
-38.616447
-26.169151
-33.042717
-27.475414
-35.897434
-28.208420
-23.141483
-33.719860
-30.026688
-32.827408
-33.259537
-28.047405
-34.557480
-30.848909
-38.441513
-40.854828
-36.219521
-24.557247
-32.908287
-36.773750
-33.613541
-33.485104
-35.085117
-35.158913
-22.531670
-36.928890
-38.352955
-33.521282
-34.076912
-35.215263
-31.338093
-36.376602
-35.428501
-31.846758
-38.363712
-32.009926
-29.957560
-35.266590
-30.083958
-34.973171
-33.768177
-26.836885
-73.651672
-45.115200
-29.742016
-32.500736
-30.078283
-30.705156
-29.570066
-33.788830
-26.256525
-23.919678
-21.113377
-29.468534
-35.463440
-26.972683
-28.133972
-31.484089
-36.447174
-30.027546
-37.464569
-35.289253
-30.300568
-21.061800
-33.575890
-22.786674
-36.730209
-30.154243
-38.200207
-27.295549
-40.171696
-50.459164
-30.181011
-47.947968
-33.886192
-36.718536
-35.813980
-29.410780
-30.104532
-36.983841
-24.122883
-37.921856
-47.201107
-34.346386
-33.890640
-20.569942
-37.163750
-28.490103
-31.980457
-34.634384
-26.089710
-37.784088
-35.718910
-32.059799
-41.071400
-28.642719
-39.649155
-40.941139
-36.731865
-34.044582
-39.514656
-42.320423
-38.442581
-18.168159
-33.316998
-33.665466
-41.368034
-38.959244
-33.696613
-33.911812
-39.149750
-44.327881
-39.159012
-24.106388
-25.898304
-39.745773
-30.187881
-33.610786
-36.424805
-30.515326
-28.985983
-35.365757
-27.445324
-32.499794
-36.866760
-38.386497
-28.775097
-40.253288
-38.494331
-32.876534
-33.684448
-31.318481
-34.646576
-28.410072
-28.178896
-33.645851
-35.249897
-41.443153
-29.731714
-39.707672
-27.507053
-31.854376
-34.760956
-41.499096
-39.828629
-35.589558
-38.261368
-28.574245
-38.673477
-39.002682
-30.997307
-35.770939
-37.486179
-35.316299
-27.521427
-29.569260
-37.352566
-31.287203
-21.722509
-86.714340
-42.270367
-31.693790
-30.088095
-29.372511
-36.862484
-31.232714
-35.384068
-37.184448
-33.095181
-38.946133
-32.597168
-27.845057
-29.428211
-41.505123
-39.533001
-28.695749
-31.687893
-27.597597
-44.922077
-41.359451
-32.247189
-26.496441
-37.034130
-27.686920
-38.220184
-32.679832
-36.460323
-28.420879
-19.958591
-34.514679
-30.396873
-34.339439
-35.494972
-32.204582
-25.856375
-33.360622
-29.774746
-36.370659
-28.006170
-39.720692
-24.778486
-30.066818
-34.640015
-37.597450
-36.800037
-23.561802
-41.045811
-32.076553
-28.286535
-34.014683
-37.285397
-28.426548
-31.923676
-46.545486
-31.805798
-35.611462
-26.811058
-37.022438
-18.769901
-34.439545
-25.915855
-33.304878
-27.824005
-32.192760
-38.899017
-24.165377
-27.733648
-45.561291
-33.573948
-39.316818
-38.316162
-37.817764
-29.195744
-29.850557
-31.661612
-44.628113
-27.980478
-39.116776
-33.885849
-44.457085
-33.390465
-29.362604
-38.374264
-27.507629
-32.195435
-40.267197
-36.745098
-37.516880
-42.498791
-46.126099
-42.191471
-33.798454
-31.730320
-36.251183
-31.971439
-34.708004
-28.416981
-41.433258
-36.303879
-32.304600
-37.185699
-31.916328
-40.113483
-34.201103
-36.521179
-32.012394
-29.057783
-32.165695
-32.789066
-42.016880
-27.806049
-34.813251
-37.098816
-36.470810
-37.037350
-21.250416
-34.818375
-34.206535
-30.403826
-37.669983
-33.978832
-34.280949
-24.875233
-40.700317
-33.163128
-30.073664
-33.496719
-31.480906
-36.853397
-34.912453
-43.542412
-41.058945
-34.850956
-30.779793
-43.076031
-33.590401
-36.347351
-29.888176
-35.118755
-39.942348
-31.406548
-34.628685
-37.458115
-37.116550
-29.576120
-38.502892
-28.865255
-34.715012
-31.561981
-30.082920
-36.265091
-28.270054
-30.894791
-35.276936
-29.060253
-29.843481
-31.135809
-37.088551
-42.706142
-33.081135
-34.818966
-34.540627
-34.709740
-33.626373
-30.257383
-38.657448
-26.684996
-28.994993
-32.845585
-35.103981
-34.204784
-37.247250
-36.175327
-25.725269
-37.879459
-28.896742
-29.732624
-30.819635
-35.422623
-27.452309
-33.752644
-34.720173
-31.769676
-34.606781
-36.839428
-37.699821
-25.952843
-27.146809
-28.629917
-34.887115
-31.999002
-34.084499
-37.559067
-24.214560
-30.462605
-29.788118
-38.769703
-29.889931
-34.396637
-36.625435
-41.048126
-30.770103
-39.486908
-28.494362
-34.047100
-27.925409
-37.144485
-40.070572
-32.388580
-35.491100
-29.978315
-39.481251
-40.032963
-25.133091
-29.950495
-31.556915
-28.256416
-28.911812
-40.762512
-27.793671
-35.240143
-33.679562
-31.405203
-32.271824
-24.998798
-42.699566
-34.871521
-30.277981
-37.036148
-40.742329
-34.332977
-30.214016
-45.192860
-37.389980
-25.044865
-37.897980
-38.701962
-40.039597
-36.149635
-31.148058
-42.414131
-33.941223
-34.417377
-31.798769
-39.758884
-36.546242
-38.642883
-28.430851
-30.218220
-32.341320
-29.006363
-29.102533
-41.763401
-31.977989
-27.713076
-35.039814
-23.952070
-23.995087
-25.109009
-29.872452
-29.249969
-33.274448
-38.781544
-38.415600
-30.917755
-41.306873
-30.475981
-27.487326
-39.061199
-35.673424
-37.822121
-33.722832
-30.002075
-33.510475
-33.369400
-29.224438
-32.671898
-34.819420
-27.907045
-25.894667
-30.054287
-30.500391
-40.988190
-70.082672
-48.087612
-32.954311
-28.208529
-39.864548
-35.238747
-27.837862
-34.233521
-25.680199
-36.105385
-26.707708
-37.275425
-39.284996
-39.205574
-32.399384
-37.824715
-39.936588
-31.672779
-30.531912
-32.189369
-35.985806
-37.158859
-36.008713
-34.626328
-30.657360
-29.589531
-32.256649
-28.846897
-28.845058
-36.119987
-36.675514
-37.176788
-30.203409
-30.970112
-37.709763
-43.873867
-35.117245
-32.653748
-29.575615
-37.661362
-38.293583
-31.547323
-36.228119
-37.580410
-28.093042
-82.169891
-34.627193
-34.115620
-36.396019
-19.118132
-32.546257
-35.193951
-34.653679
-24.259752
-34.792976
-28.717690
-33.542923
-31.466074
-37.336502
-37.682171
-46.853111
-29.299431
-28.044567
-27.152830
-37.495640
-31.691017
-35.779217
-32.056259
-41.802650
-38.302696
-25.541454
-28.534386
-24.663897
-32.433174
-26.287531
-31.579887
-20.406006
-36.803234
-43.760048
-32.085541
-37.716499
-41.523685
-15.252272
-36.361000
-29.779274
-34.605961
-40.490509
-32.002064
-35.661469
-33.650963
-32.090309
-25.744877
-33.521275
-36.852158
-26.646399
-34.536713
-28.830450
-30.348206
-32.013409
-36.044762
-31.767920
-30.424335
-32.404175
-29.974380
-33.414074
-24.098087
-32.742737
-40.096001
-31.845148
-38.326653
-43.630764
-38.832401
-41.881756
-45.003067
-31.673992
-31.333313
-24.897617
-34.866138
-36.738766
-31.478554
-34.904907
-38.371456
-37.033386
-32.726307
-31.297800
-32.916401
-38.965855
-36.221077
-30.997229
-34.933239
-39.329910
-26.565372
-26.895967
-37.067947
-30.570255
-35.780609
-22.324020
-32.609268
-37.444206
-34.754314
-30.152781
-28.382170
-26.792517
-34.775200
-30.991646
-39.947220
-31.731821
-33.952709
-32.103558
-31.311588
-40.885735
-45.850258
-16.066177
-31.698488
-22.541615
-36.422020
-25.981306
-23.612640
-34.838112
-22.753445
-23.998468
-35.093853
-32.642094
-26.079824
-23.322371
-32.715042
-30.887497
-20.462088
-36.151840
-30.006758
-21.701775
-25.144611
-20.842510
-28.374184
-38.830063
-29.262913
-19.832033
-39.016186
-34.115597
-36.410091
-37.629948
-30.138647
-30.830343
-23.724426
-34.016468
-31.762409
-27.751930
-30.912304
-41.011768
-31.104763
-29.268288
-37.149616
-41.589012
-35.761585
-34.824310
-28.540302
-33.178070
-26.374893
-35.692036
-31.783184
-29.629660
-35.868031
-23.373882
-33.265766
-42.579052
-31.609623
-23.669508
-36.112560
-35.770176
-38.233795
-40.017330
-34.845753
-29.703651
-34.885273
-41.171078
-35.335052
-37.246647
-21.633022
-37.239742
-40.540359
-47.012901
-34.472321
-43.897266
-42.100662
-34.671207
-39.082619
-33.445602
-31.377274
-39.918861
-33.670441
-37.028511
-35.392715
-41.332077
-31.662626
-29.554905
-42.643127
-37.285599
-41.804150
-24.804779
-35.139732
-39.356911
-42.656113
-32.194096
-35.360149
-32.653355
-41.617008
-39.826679
-43.367817
-38.340855
-28.677917
-27.021149
-33.276287
-1.524263
-1.069966
-3.470697
-1.043930
-0.021656
-2.647870
-1.854300
-3.965231
-1.388920
-3.985182
-2.537640
-3.115571
-1.800141
-2.882727
3.401735
-3.733814
5.666966
0.924137
-3.260080
-2.016464
-1.928325
-1.818318
-2.044991
-1.632523
-0.638441
-0.909113
4.567707
-0.691193
-1.816930
-1.352679
-1.416985
-1.323536
-1.845152
-1.479970
-1.186905
-1.701510
-2.288089
3.177098
-1.355413
-1.980019
-0.060933
4.755318
-0.610576
-1.886323
-1.405719
-1.014603
-1.454037
-1.184387
-1.760436
-0.401763
-1.648058
-1.465113
-1.623511
-1.334499
-0.510396
-1.466775
-0.923169
-2.318474
-2.433479
-1.514695
-1.258987
-1.530067
-1.459795
-0.909904
-1.807794
-1.766606
-1.330093
-2.156595
-2.198198
-2.003970
-1.706844
-1.013826
-1.936595
-1.206407
-0.705521
-1.191026
-1.813704
-1.097001
-1.734128
-2.049962
-1.643119
-1.319988
-1.123300
-1.699852
-1.549115
-2.108032
-2.025952
-1.255784
-2.189764
-1.443507
-1.222932
-1.873030
-2.305448
-1.851880
-1.176486
-1.002142
-1.397036
-0.937239
-1.568791
-2.370547
-1.575590
-0.718062
-2.197603
-2.127674
-1.898517
-1.860338
-0.645420
-1.737453
-1.124607
-1.356538
-1.982455
-1.664187
-1.300760
-1.128628
-1.642457
-1.143717
-2.189613
-2.110688
-2.264851
-1.703800
-1.908082
-1.778461
-6.798173
-0.854934
-2.121156
-1.703324
-0.670259
-1.271239
-1.785400
-1.618664
-2.145023
-0.906205
-1.933815
-1.504058
-2.169215
-2.012376
-1.786239
-2.554549
-1.493603
-0.707326
-1.532768
-1.904704
-0.387876
-1.649561
-1.828617
-1.515146
-1.946187
-2.186714
-1.990168
-0.997472
-1.756809
-1.479114
-7.060039
-1.749282
-3.158322
-1.366083
-3.386231
0.367615
-3.357935
0.651183
-0.521484
-2.142229
-1.125377
2.404638
-0.266198
-1.630362
-0.763081
-0.206479
0.908594
0.537191
0.172324
0.828580
1.711522
0.394513
3.521357
0.623757
1.258466
-1.785892
-3.190341
-1.336264
-1.695961
1.570403
-0.492828
-1.429515
-0.779657
1.728057
-2.154849
0.756702
-2.213341
-1.048620
-1.965390
-0.176029
-1.641154
1.345551
-0.808561
-0.692577
-0.300850
1.390772
0.664804
-0.822949
1.624275
1.114442
1.434944
1.834584
1.020411
2.710140
1.406332
-0.048216
1.561315
0.402771
-2.911940
1.705730
1.701306
0.294434
0.377138
0.992806
-0.742065
-0.550444
-0.473970
-0.552022
-2.048967
-1.757926
-10.821868
-4.142671
-5.303940
-9.413241
-3.319139
-6.281534
-0.956204
-4.759031
-6.493698
-6.029633
-2.348423
-3.531008
-7.363052
-5.040099
-3.238854
-3.197795
-2.687832
-1.049076
-0.506082
-2.411972
-4.736298
-3.146836
-2.150954
-3.431751
-3.378827
-2.349385
0.546633
2.480104
3.296734
-0.324971
-4.956806
-4.892535
-2.095070
-4.931435
-6.101318
-4.740092
-4.591946
-4.352021
-4.735568
-4.336994
-4.910214
-4.201309
-4.584139
-3.205779
-2.774213
-5.915044
-6.396910
-0.197819
-0.646063
2.102829
4.926435
-2.378406
-1.408179
-2.088215
-1.204751
-1.302145
-0.901218
-0.984802
-2.268456
-1.975847
-1.853364
-1.065341
-2.618864
-0.144749
-7.877220
-1.792777
3.822230
-4.129832
-5.200047
0.187343
-2.079666
-3.903832
-3.352418
-0.097768
-6.926644
-2.403184
-1.624266
-7.414618
-2.028974
4.794462
-4.568979
-6.602413
0.418622
-1.500171
-10.947716
2.480254
-7.775338
-1.527600
-3.097332
-9.681925
-4.439176
-9.855111
-7.545342
-8.274759
-1.332324
-2.052963
-2.465175
-8.961420
-0.874392
-9.371857
-2.823459
-3.152289
-1.837189
-9.439241
1.004312
2.788321
-0.452306
-7.729200
-0.996248
-3.105060
-3.546032
-4.571227
3.259367
-6.208263
-4.175576
-5.783563
-0.188074
-4.201276
-2.019001
-1.679394
-11.364260
1.140925
-10.685451
-0.129455
-3.364526
-7.177430
-4.635138
-3.651996
-5.675719
-0.843358
1.913980
-0.830936
-3.594931
-0.015330
-8.143721
-1.347264
1.096573
-3.739124
-5.721351
1.132609
-1.332197
-1.183891
-11.101063
-1.785695
-7.449771
-2.892646
-3.993476
-6.103080
-1.118620
-4.762116
-4.474575
-2.777137
0.632633
-6.901505
-2.206884
-1.375718
-5.302541
-5.264985
-6.320290
-10.538800
-0.374005
-4.146895
-1.165020
-6.583993
-9.795826
-9.661952
-4.374998
0.414618
-1.581927
-2.512731
-3.525557
-7.658081
1.165496
-5.717227
-1.571759
-4.929365
-7.315760
-1.567658
-9.380409
0.712649
-5.498240
0.258841
-2.417011
-7.468805
-5.571340
-1.732846
-3.348312
-4.671017
-4.437155
0.386664
-3.821689
-3.090438
-1.923253
-6.479018
-5.589515
-1.825357
-2.581161
-2.674675
-8.418856
-3.189336
3.340745
-4.776802
1.821612
-6.061460
2.906056
-8.934676
1.337987
-2.588638
-7.111511
-3.019697
-4.393120
1.334403
-1.742258
-4.339723
1.054690
-9.643995
-7.697471
-3.324809
-4.493333
-4.742866
-8.642350
-1.854513
-7.298440
-6.806155
-3.786927
-10.020867
-8.941592
-0.281314
-7.103172
-10.880344
-10.799979
-6.889876
-0.709372
5.620638
-11.283516
-2.087881
-0.305838
-2.757254
-3.520743
3.407490
1.507487
-6.539412
-7.173615
0.177445
-4.024213
0.439089
-2.367177
-5.587052
-1.963921
1.038701
-4.243003
-6.216443
-0.720919
3.073455
-0.572039
-1.545580
-8.849766
-2.793759
-1.137195
-5.048656
3.347964
-1.546009
0.596147
-5.822140
-2.954759
-1.482030
-0.223170
-3.879295
-8.367426
-4.646271
0.204477
-6.763238
0.456280
-6.635040
-2.443822
3.606801
0.903924
-2.136755
-6.446564
1.125382
-3.204182
-3.141648
-3.704346
-2.183828
-7.664702
-0.374146
-11.658816
-4.716075
-1.129640
-4.951658
-0.322802
-2.523740
-3.002175
-1.325031
-7.693607
-3.589964
4.365315
-9.485440
-8.695712
-5.249797
-2.055889
-5.217813
-3.540100
-1.003659
-5.925936
-4.161707
-5.819081
0.596215
1.124686
-2.833844
-2.202254
-4.534414
-1.626449
-8.614933
-11.493489
-2.025422
-4.516519
-10.095814
-3.699017
-5.248940
-5.357242
-0.466346
-6.215869
-8.797753
-2.456342
-0.264160
1.837717
-0.417785
-2.776174
1.886273
1.967988
3.845198
0.411389
-2.499962
-2.412410
-0.963117
4.371622
-8.137980
-2.835741
-1.765812
-2.141584
-5.449144
-3.704390
-0.109605
-0.020019
-3.705293
-6.445479
-1.728212
-4.424015
-5.679779
-3.540920
-2.269680
-6.538372
1.588793
-9.159810
-9.219453
-4.779343
-5.066184
-12.078557
-0.362313
-2.992234
1.266004
-2.688736
-2.774035
-4.810120
0.711150
-2.169985
-3.376168
-2.552206
-1.080902
-5.024324
-3.588990
-7.854248
-4.843158
-6.515064
-1.454669
-1.841469
-3.488364
-2.103324
-2.413016
-5.757601
0.535966
-2.585991
4.374248
-8.540062
-8.623674
-5.103150
-0.998797
-3.894761
-5.617785
-1.826005
0.084157
1.674833
0.937275
-2.300119
-2.445187
-2.620096
-3.136326
-9.538691
-3.719990
-2.584922
1.427277
-4.604836
-2.132760
-1.078684
-2.541146
-2.021609
-0.462775
-4.817013
-1.756428
-2.605573
-7.812379
-4.793520
-0.996984
-3.484141
-6.246664
-8.195690
-6.495282
-1.739753
-4.871974
-7.567760
-3.113154
0.077935
1.449294
2.711699
2.562886
-6.315719
4.296654
-3.488673
-4.004661
-0.610603
-1.481377
-4.162644
1.976088
-2.558804
-8.764709
-10.115772
-5.212613
-1.972344
-1.021374
-4.506574
0.806867
-5.631684
-5.322912
-8.351861
-0.751606
-9.299706
-5.778770
-6.969575
-3.894375
-2.076834
-7.049712
1.752367
-4.078889
-2.251184
0.643738
-9.442564
-6.961574
-2.289574
-6.692218
-1.580651
-2.729627
3.363732
-0.006176
-1.783771
-1.723427
-4.418924
-4.667381
-2.849112
-4.865459
-4.556901
-4.085003
0.061481
-5.901457
-1.677354
2.711095
3.427056
-7.619184
-2.231733
-2.614202
-4.320100
1.311311
-3.161556
-6.299510
-0.001811
-2.611548
-3.476948
-6.889300
-0.817090
-6.690084
-0.831956
-4.139654
-1.522559
-3.322705
2.059330
0.341406
-0.988329
0.514551
-4.753931
0.548283
-3.854788
-4.158265
-9.738299
-8.673141
-0.672491
-4.188380
-2.560540
-5.402840
-6.645383
2.478475
-2.649581
-4.789456
-3.525980
-1.340245
-4.719082
1.048537
-9.636996
-2.746660
-2.990291
-9.566198
-4.007684
3.640116
-1.841054
-0.094042
3.226985
0.757181
-4.197240
-0.262736
-0.040996
-1.481534
3.144322
-9.372102
2.234476
-9.385629
4.839218
-5.619282
0.792299
-8.654344
-3.219553
-2.059352
-1.914596
-0.759693
-4.797640
-0.693468
-7.036067
-6.895686
-1.825034
0.759842
-1.722088
4.627251
0.699817
-2.776109
-1.704711
1.992801
-9.963062
-2.661525
-10.665695
-1.471880
-12.915585
0.553423
0.566173
2.683972
-4.633158
0.393623
-3.529552
-4.942408
-5.158487
-8.263001
0.725543
-4.763786
-6.660011
-0.756183
-6.178753
-3.250625
0.438103
-7.373222
-2.040977
-7.088047
-7.789417
-2.825520
-7.394174
-0.063416
-7.440166
1.449702
-3.143911
-1.904405
-3.788600
-3.625017
-10.947013
-1.357885
-6.000271
-4.854808
-5.031146
-6.563866
-8.936617
-3.154924
-8.848812
-5.764233
-0.564012
-3.524294
-8.201470
-1.379316
2.420514
1.429735
-2.801594
-0.987496
-9.776117
-4.035522
-1.994220
-3.388895
2.372783
-0.504806
-8.053360
0.300010
-3.018649
-8.555609
-5.929432
-5.464859
-2.612924
-6.687796
-3.798753
-4.729834
-7.420818
-3.395898
-5.801360
0.045928
-5.818003
1.035117
-6.461230
4.385881
-1.591665
-4.991157
-7.524978
-6.490510
0.509891
-10.003572
2.961292
-2.647928
-2.432838
1.010106
-1.214095
-0.913474
0.111094
-2.345375
-1.036905
-5.423093
1.876511
-11.253540
-2.126980
-5.318691
-0.567600
-6.913897
-0.259099
-6.493364
-10.154904
1.158453
-1.780542
-0.313434
-4.698143
-4.604411
-4.881203
0.853174
-6.115372
-3.126003
-8.551710
-6.577163
1.730994
-1.529980
-6.350767
-6.733450
1.209312
-1.893008
-6.261974
-1.344060
-1.284848
0.226436
-1.150388
-10.418112
-4.539673
-4.952104
-5.999144
0.816529
-5.973816
-5.025692
-7.417582
-10.304845
-9.590386
-1.017249
-0.793297
-3.779348
0.685258
-8.892137
1.030842
-4.754449
1.533811
-1.521365
-0.646618
2.486827
-5.694105
-0.439581
1.687498
-3.748157
-5.384603
-6.641170
-2.297577
-2.309348
-4.899439
-1.726067
-7.205132
-8.107491
-1.922928
-2.558443
-1.108713
3.665245
-10.756355
-6.089059
-2.383648
-2.208198
-10.054057
-4.736147
0.108900
-8.828850
-3.096173
-6.532730
-7.911978
-8.219581
-9.394642
0.209247
-1.421685
0.129477
1.684101
-5.056462
-5.331409
-2.034015
-2.134861
-7.783612
-5.425921
-3.321337
-2.363986
-0.641984
-11.945550
-2.634699
-6.488301
-5.368442
2.628169
-8.279113
-0.785111
-2.477224
-10.537314
-8.584683
-3.828409
-2.658637
-2.332793
-1.224979
3.293152
-5.763332
-4.082583
-0.622684
-4.005877
-2.745543
-1.383809
-7.133508
-3.957126
-0.797318
-0.202824
-4.976198
-4.657296
-6.179886
0.490300
-4.700373
-3.044702
-2.389529
-2.663923
-7.410084
-2.495271
-5.479902
-5.751547
-1.421634
-4.414136
-0.807306
-8.262530
-2.365928
-0.532369
-11.795957
-4.422915
-4.139536
-7.894155
-1.787603
0.146610
-4.136252
-8.773813
-2.401091
4.317013
-1.714408
-2.369049
-12.551646
1.798059
-5.708359
-3.933397
2.945215
-7.037280
-7.578071
-5.064837
-0.735209
-2.428911
-7.584935
-8.673674
0.954242
-1.294004
-7.635124
-5.254152
1.622360
-3.812677
2.226539
-6.716345
-5.863541
-3.758696
4.872293
-1.493812
-3.566133
3.987807
-1.682166
-5.780334
-1.612506
-4.912077
1.661276
-8.782397
4.064238
-5.376637
-2.892998
-3.979834
-8.980517
-5.812500
-6.305643
-2.520941
-5.774178
-4.433114
-6.320854
-8.731524
-1.202074
-4.176249
-3.973025
-6.216493
-5.610473
-6.830979
-7.693645
3.318947
-7.236346
3.728337
-1.336053
0.646171
-5.232188
-4.190953
2.669575
-9.027501
-4.932768
-1.422954
-9.683202
-2.251384
-5.688306
-1.842393
-1.433229
-4.134606
-0.163446
-10.304910
-7.254183
-5.358365
-4.480184
-2.705041
1.685109
-5.856871
0.847228
-5.155786
-0.123229
2.834687
-0.428357
-8.546642
-5.891655
-4.220135
-0.830109
-7.620527
-2.719835
-6.988083
-3.883440
-3.101153
-0.584648
-11.446137
0.476468
2.895833
2.474326
0.071667
-7.831322
3.493337
-4.807033
-0.775108
-1.962896
-4.264710
-9.729765
-0.385652
-2.812028
-9.778692
-6.830290
-5.056619
0.465645
-8.184776
-4.202177
-3.790876
-3.115786
-9.220728
-2.660480
-4.008526
-4.612411
-2.759336
1.354778
-4.000908
-10.594059
-2.546475
-1.226415
-2.254423
-8.745341
-4.359105
-3.685637
-2.983309
-7.935912
1.032506
0.267362
-4.690650
-4.329363
-4.872640
1.393855
-5.797616
0.821515
-4.986215
-4.614991
-3.557038
-7.475784
-10.418902
-3.622614
1.106955
0.055643
1.415239
-12.570241
-2.664309
-2.310694
0.670173
-5.271040
-5.380928
-5.520752
1.465484
-3.685025
1.231930
-1.973446
-7.144462
-5.321206
3.524827
0.339440
-6.221548
-6.840775
3.100067
-5.179864
-2.354873
-0.554287
-2.882361
-3.823929
-3.903413
-3.340589
-2.910722
-2.702425
-6.772241
-12.663202
-5.507823
-7.843829
-6.646678
-5.781224
-4.247337
-4.049261
-0.300980
-2.311759
2.847986
1.637349
-7.658130
-5.214164
-2.933079
-4.847938
-10.400959
-1.310937
-6.412714
-4.182085
-3.396293
2.732088
-0.384885
1.311100
-9.646383
0.150712
-4.446208
-1.477124
-4.889872
-1.438986
-7.011975
-10.735247
0.187331
-7.803724
1.584371
-4.756137
0.477679
-3.184971
-0.341368
-9.839987
-2.329200
1.519417
-9.934111
-3.369480
-3.718912
-3.856654
-2.665448
-3.468577
-0.583908
-0.120954
-4.086527
-1.896918
-1.027536
3.252942
-1.243621
-0.612004
-0.484836
-3.741347
0.712668
-9.971653
-1.427931
-0.326602
-3.204159
-7.247797
-2.923247
-4.686502
0.445900
4.459324
-3.326077
-8.564545
-9.145133
-7.161656
3.050249
-2.662915
-1.459375
-4.297649
0.730874
-7.603414
-3.899589
-1.173158
-10.476402
-5.193213
-3.968421
1.236990
0.886612
1.257181
-3.666595
-6.857825
0.081530
-9.675665
-3.395894
-9.426662
-4.868114
-6.816590
2.126963
-6.494366
1.794941
-0.065988
-0.552812
-2.134161
-5.172918
-1.725624
-1.594239
-8.331534
-5.053881
-6.442868
-9.781496
-1.519319
-10.741211
3.073071
-3.634215
-6.932726
-5.510944
-8.329252
-1.849955
-9.734717
-7.737749
3.225867
4.737819
3.597603
-10.814897
-1.643354
1.136167
-6.462279
-4.906345
-9.424910
-3.188589
-8.171361
-2.643951
-3.035904
-2.010195
-0.017361
-1.824416
-0.881540
-2.968626
2.256417
-6.525071
-7.683056
-4.072524
-4.072118
1.644508
0.544626
1.407342
-4.355514
-7.699965
-3.151935
-4.687325
-10.366608
-2.069845
-11.062254
-1.849864
-3.138077
-2.865683
1.019845
-8.299593
-7.530378
1.471946
-0.455158
-1.062561
-5.468420
-9.714972
-4.868462
-4.592947
-4.405336
-3.726375
-5.244416
-5.070240
-8.074245
-8.337377
-7.555145
-3.818146
0.333002
3.839331
-8.576563
-0.449565
0.436620
-6.642872
-9.276776
-1.488151
-5.152399
2.225388
0.769739
-2.978655
5.845725
-9.861960
-6.891854
-0.383914
-2.719687
2.372225
-0.567037
-4.491375
-2.570946
0.274186
2.217569
-2.416025
-5.999120
-3.125706
2.058761
-10.333385
-1.756452
-8.835325
1.476828
2.276760
-0.420671
5.459221
-1.975260
-2.852076
-4.532320
-3.722864
-7.944554
-0.080883
-10.824253
-5.568301
-1.881471
-1.036561
-4.146086
1.948630
-4.714993
3.696021
3.847220
2.335245
-8.204003
-5.638079
-5.605700
-9.386216
-2.908615
-6.266825
-10.441285
-1.843293
-8.463783
-3.000633
-3.349408
-9.036521
-0.484633
-8.146094
-5.724975
-9.307763
-3.651788
-7.014009
-4.397049
3.585354
-3.377434
-1.225518
-4.561669
-3.396013
-7.931459
2.215965
1.309852
-7.145544
-5.328174
-6.845061
-5.340043
-5.514916
-1.575873
-2.200333
-3.139798
-7.190925
2.902668
-2.877739
2.452809
-5.721975
-10.048676
-10.589144
-9.398990
-4.745307
-3.500928
0.615891
-7.171352
-2.973751
-10.101649
1.613484
-1.685475
-6.498446
-5.399622
-3.288299
-5.903968
-7.952710
-7.860166
-4.803356
-1.841549
-7.027064
-1.485887
0.823418
-9.052773
-9.189086
-3.263941
4.523572
-0.093477
-6.677163
-1.467928
0.839618
-5.606677
-4.713678
-5.043612
-4.288404
-7.572133
-0.760254
-8.773314
-5.400106
-4.808774
-2.786744
-6.835945
-11.045049
-3.308936
-0.048668
-1.168043
-3.741769
-5.183554
-8.207675
-9.879012
-7.116506
-3.026695
-1.742517
-2.425981
-7.211930
-3.744635
5.083148
-4.273374
-2.598329
-8.731921
-8.369931
-3.918390
-2.506105
-4.568443
-6.108249
-4.268181
-9.334924
-3.140894
-5.216354
0.153189
-4.766201
-5.161556
-1.527808
-3.420033
-5.866374
-1.879637
-3.680710
-10.235054
-1.039165
-1.576150
-6.157508
-6.923532
-0.967180
-2.942974
-5.905593
-8.843613
-4.081943
-2.379440
-10.413192
-8.864635
-9.021822
-10.527822
-9.603710
-2.276392
-1.528049
1.955513
-1.160086
-3.025449
-4.543789
-3.422072
-3.114785
-5.898595
-5.087823
-4.016830
-5.841302
1.960347
-2.256526
-8.910027
-1.625530
-1.001312
-1.744429
0.043556
-5.603143
-2.499768
3.429583
-8.442580
-7.952596
-9.858833
-3.308940
-3.554375
-1.773676
3.134591
2.061095
0.656083
-0.487397
0.306136
-4.516836
-2.209970
-6.962263
-2.403672
-2.287615
-4.660969
-5.331960
2.899932
-6.356506
0.346382
-3.297866
-6.051260
-4.487256
-5.926620
-3.139160
-0.092750
-9.417176
-7.901033
-3.888944
-5.980466
-8.094064
-5.536944
-1.763113
-5.975999
-5.651008
-6.354734
-1.927040
-1.806522
-10.633186
-4.777794
-2.453259
-4.570812
-6.945055
-4.975529
-6.290592
-3.156375
-3.666654
-5.120402
-0.184784
-2.812365
0.801468
0.135627
-5.341139
-2.071400
-7.341769
-4.320139
1.329078
0.565850
6.715933
-8.407671
-12.966911
-7.085552
-6.364823
-1.265830
-3.012702
-4.751599
-5.928358
-1.689165
-1.531296
-6.775323
-3.518875
-4.354602
-9.370885
-3.182998
-0.484103
-6.640629
1.776353
-5.939019
-7.150083
5.899545
-3.521451
-0.860971
-4.708074
-5.737093
-1.420003
-8.939515
0.046647
0.030267
-4.864093
-12.499375
-8.017969
2.212004
1.561492
-4.156066
-7.736906
-6.330441
-1.012056
-6.830713
-6.811950
-7.379996
-2.000582
-4.684769
-4.911741
3.826495
-1.932395
-7.459900
-4.727251
-5.561572
-3.854516
-2.678183
1.000680
-3.592763
-1.405123
-6.405190
2.368526
-10.055596
2.917567
1.497029
-8.108357
-9.962920
-3.507987
-3.480180
-6.640300
-2.026022
-6.237494
-2.706700
5.805978
-7.593297
-0.249167
-1.973066
-7.449170
-5.466696
-5.128788
-0.271173
-0.858431
-5.071984
-8.809967
0.558291
-7.068002
-7.089006
-13.628552
-1.956545
-7.367927
-9.514112
-8.359509
-3.206914
-0.329273
-8.049021
-4.777026
1.826026
-0.195760
-7.549078
-4.991664
2.756289
1.576817
-3.301757
-6.133013
-8.630666
-1.787939
0.762833
-4.202638
-0.351168
-8.998698
2.267004
3.352475
-1.825665
-5.984730
-7.819681
-7.023626
-3.519749
-5.473366
-8.346639
-1.952920
-5.356975
-7.420839
-5.136146
-7.052481
-9.787052
-5.540497
-3.913591
-2.172856
-0.779995
-4.594228
-8.054867
-1.829238
-2.441715
-5.073451
-1.989377
-7.062306
-9.822662
-0.829283
-5.760963
-10.694056
-7.340755
0.300395
-5.485017
-4.336413
1.236039
-10.277944
-9.736938
-4.295914
-7.824299
-8.244871
-4.798975
-7.220552
-7.937799
-6.930758
-5.090812
-3.888466
4.070554
-11.211150
-5.287271
-2.041251
-9.078054
-1.409944
-2.780523
1.265658
-5.581335
-6.224796
-9.309473
-1.465083
-6.900715
-8.811640
-4.513767
-2.418061
-5.737724
-4.995232
0.255539
0.695928
-3.908875
-1.379133
0.400535
-2.440000
-4.219979
1.393809
-1.371302
0.029435
-5.835151
2.704508
-6.284750
1.515371
-6.230684
-2.051798
1.933284
-2.702521
-4.707109
2.444159
-11.732271
-10.654303
-5.865465
-8.159181
3.472112
-4.094713
0.191829
2.248438
-2.073003
-2.198667
-4.508687
-2.813590
-0.335212
-3.827094
-2.400149
-8.165682
-2.764933
-6.976140
-4.753032
-3.544838
-7.356779
1.226442
-8.779860
-7.001349
-2.999909
-0.577036
-6.361217
-3.265766
-2.466886
-5.394390
-5.230432
2.798945
-2.698304
-2.327842
-4.947837
-5.211910
-9.999014
-0.819651
-8.935839
-3.531848
0.314342
-2.614661
-2.230336
-7.053324
-0.456229
-3.449410
-1.117416
-1.875343
-10.662455
-3.345098
-1.639014
-2.328286
-3.655841
-6.539857
-5.713486
-6.823463
-0.838060
-10.442210
2.811167
-8.999434
-6.789574
4.901852
-6.771003
0.680144
-1.995474
-5.445000
-3.048091
-2.087839
-2.651143
-8.455859
2.151390
-7.082786
-5.028538
-6.509020
-2.769736
1.505841
-0.965654
-9.406441
-7.246316
-5.728399
1.099584
-0.887714
1.842127
-5.028289
-4.426706
-8.291409
-5.207992
-4.724497
-5.642166
-2.766373
-2.353471
-1.873473
2.651489
-11.727214
-9.718974
-6.496376
-10.736849
0.116104
0.795393
-4.757412
2.954796
0.577583
-4.470177
-1.382150
-1.972555
-1.360667
-0.414412
4.090944
-7.065139
-7.853637
1.483393
0.125345
-0.379618
-0.736041
-8.012496
-5.991422
-3.414194
-3.451598
-1.826754
-5.558563
-6.517965
-1.371917
-6.599133
-3.716957
1.564699
-6.106101
0.409155
-5.954431
0.909017
-3.770679
-3.739733
-7.700015
-14.709510
0.492456
0.022684
-4.647045
-6.030424
-3.102898
-3.772310
-10.019549
2.331025
-8.089717
-5.787268
0.977058
-5.055213
-2.302165
-10.009540
-8.135269
-1.866091
3.662539
-1.768909
-0.618046
-9.869184
-4.316487
-5.633419
1.540578
-9.352967
-3.953516
-1.908890
-3.379644
-5.352289
-5.901357
-2.684408
-3.995096
-4.367865
-5.937482
-3.876602
-0.819934
-7.833771
-3.954561
1.263103
-5.265877
-2.498405
-6.401752
-5.312240
-2.719531
-6.657302
-5.945584
-6.145821
-10.366017
1.499605
-4.893108
0.491318
-7.775979
-5.751556
-2.717124
-2.259217
-2.442703
-1.334340
-9.816772
-8.988349
-8.432488
-1.316043
-3.082608
-8.639050
-4.017308
1.314993
-3.652480
-3.903613
-6.365959
-6.452649
-2.740457
-9.687290
-4.121418
-9.378548
-3.211447
0.207570
1.345425
-1.948648
-4.014305
3.672251
-6.196829
0.230068
-0.143366
-4.094365
-1.422258
-8.854593
-2.174254
-5.960061
-1.150412
-4.534283
-2.675450
-5.886805
-3.945670
-1.848354
-10.052402
-1.236889
-2.692715
-5.183871
-11.167556
-4.608805
0.819596
-4.897177
-6.924635
-5.812104
-5.953638
-3.431365
0.800326
-2.851977
-7.571424
-3.325277
-4.955958
-4.931191
-1.945778
3.677930
0.204988
1.068673
-4.976012
-10.557296
-1.136454
1.997336
-5.212787
-1.143151
-6.790734
4.376728
-1.002229
-0.666666
-1.173566
-2.530741
-4.708166
-1.755053
-1.065327
-3.510320
-3.574654
-4.619520
2.979379
-8.892672
-1.402722
-10.062301
-0.283834
-6.485085
-2.039260
-3.117955
-7.068093
-5.593683
-4.493991
-1.163739
-7.220152
-1.400392
-2.340940
-1.782955
-8.267358
-4.125485
-5.825627
-5.101471
-4.150815
-3.791331
-10.131030
-10.670916
-4.559602
-12.687135
0.129358
-1.931962
-0.082890
-6.255901
-2.691670
2.734468
2.249531
-6.150202
-1.961941
-0.869572
-0.758723
0.007154
-2.997623
-2.286476
-4.534864
-2.349884
-8.026182
0.728426
-11.593419
-7.958910
-2.758789
1.099523
-3.072955
-4.372910
-2.023209
1.513397
-3.262663
-10.325154
-6.856871
-4.145368
-3.761525
-10.982226
-3.525429
-3.223314
-1.913269
-8.346805
-8.512450
-9.294637
0.016342
-6.620685
-4.927871
-11.144413
-1.423233
-2.032444
0.494237
-3.317966
-8.734651
-4.242750
-0.034961
-4.528169
-0.411180
-3.293150
-5.926999
-9.188505
-2.642471
2.157024
0.338656
-0.227707
-4.515585
-1.508780
-3.604344
-5.652903
-7.560035
-8.130197
-4.752484
-4.102465
-3.992358
0.025891
-9.370618
-5.027239
1.375024
-0.837806
-3.300653
-7.830953
0.110341
-4.188123
-3.135773
-7.154675
-7.346630
2.228989
-8.366276
-6.806450
-4.328238
-2.704221
-0.258438
-9.656981
-6.753272
-7.016789
-7.520947
-3.235079
-4.869291
-9.455003
-3.358634
-5.997438
-5.734203
-3.563630
-2.305093
-2.336664
-4.053791
-11.058239
0.143176
-1.298066
-1.804230
-1.979704
-4.619152
-4.849014
-8.587989
-9.243792
0.752167
-1.551288
-5.352502
-9.996353
-6.485967
-0.665877
-7.327304
-8.143499
-5.333271
-1.978446
-2.662486
-5.162495
-2.341313
-2.802172
-5.183853
-2.715823
-12.321108
-4.879214
-2.917421
-7.573026
-6.232922
-4.711189
-1.119241
-0.328686
-5.336724
-6.727521
-0.521110
-1.740473
-0.252886
-8.081044
4.270581
1.533756
-5.685977
0.730802
2.626486
-4.967300
-4.614194
-4.934658
-8.293406
2.098987
-5.121071
2.025280
-8.846166
-3.704201
-6.366070
-11.376016
-3.507901
-7.526612
-1.547154
-9.552552
-6.628174
1.467779
-4.981966
-3.513383
-0.353480
2.088149
-4.146491
-3.058755
-3.495471
-3.825531
-6.541162
-2.208342
-0.452581
-7.626306
-1.433300
-0.565527
-1.111557
-0.569150
0.246421
3.210793
-6.952004
-1.024608
-7.925097
-4.921657
-3.129206
-2.507444
-7.616468
-6.557052
-7.586467
0.287033
-0.333297
0.669261
-2.090983
-5.199171
-4.285206
-0.124647
-6.199651
-7.210362
-6.408159
-4.083432
-1.520869
-2.815647
0.218559
1.832644
-4.682552
-11.674631
-4.018038
-3.608592
-5.763255
-6.442454
-0.871214
-5.119431
-9.383303
1.118874
-4.666724
3.977976
-5.360207
-5.147233
-9.278687
-6.993075
-7.130781
-2.931110
-6.440563
-1.914955
-5.114096
0.233317
0.996290
-8.096333
0.076198
-4.281280
-1.452523
1.958546
-4.504662
-2.593199
1.031212
-2.607157
0.840888
-2.823951
-5.902366
-4.922622
-6.976146
1.480586
-0.958091
-6.301884
-1.076552
-8.014893
-3.157684
-2.248942
-0.576207
-7.391502
0.207564
-3.579068
-9.579648
-3.490928
-1.113926
1.700816
5.824445
-3.315902
-5.108193
-5.224342
-1.134473
-1.791478
-7.188330
-3.110015
-2.119514
0.481400
-2.201886
-2.415236
0.649087
-6.279689
-7.358871
-7.573096
-9.145875
4.099523
-8.026673
-4.415314
-3.076174
-7.792009
1.393634
-6.773742
-6.846811
-6.463131
-5.112606
-6.836558
2.501652
-5.742733
-3.871602
-0.486439
-7.254256
-0.639008
-3.418076
-5.366462
-4.898816
-4.564315
-4.176033
-8.087272
-5.681851
-3.944680
1.026470
1.089643
-7.569929
3.595576
-5.542744
0.481207
-4.971419
-8.080895
-2.486181
1.068948
-4.266989
-6.787662
-4.271963
-4.179518
-4.258490
-3.827123
-0.279859
-2.571515
-0.269418
-6.663308
3.482131
-1.241621
-3.494370
-7.445413
-3.215430
-0.178026
-1.833388
-8.007582
-8.923607
-3.270651
-0.385473
-4.903158
-2.531902
-7.008432
-8.997071
-5.539468
-7.625627
-2.202070
-0.043098
-1.671314
-2.030483
1.282797
0.001121
0.342281
-12.890265
-9.462726
2.849508
-1.963903
-3.135579
-9.959538
-1.073318
-5.061556
-7.222913
0.203397
-6.655553
-3.100476
-8.028912
-2.694652
-3.297835
-2.760357
-6.061823
-5.690209
-8.636900
3.164001
-6.786263
-8.022414
-7.511154
-10.896443
-7.308204
-6.444740
-6.714379
2.625810
-1.930475
-11.054450
-9.912781
-7.054710
-0.679052
-6.401405
-7.104333
-5.867970
-8.212647
-2.538249
-1.557153
-6.451543
-1.726398
-2.591471
-3.897900
-8.132392
-5.630312
-5.253003
-2.203491
-7.703357
0.127115
-2.591770
-0.029423
-6.410685
-1.730145
-5.468419
-0.213216
-3.726706
-3.214808
0.681195
-10.943010
-6.538323
-5.445081
-0.764974
-4.001570
-6.080649
-0.695017
1.585207
-9.403941
-8.997097
-5.609511
0.632787
-1.631888
2.820246
-7.967135
-2.407192
-11.065408
-1.521721
-4.015635
-9.344698
1.348627
0.054432
-3.244229
-2.252936
-5.309086
-9.607622
-2.581406
1.930929
-4.356966
-2.760288
-1.504310
-10.620718
3.065922
3.222311
-3.272120
-7.017886
-8.753429
-0.182967
-6.870417
-2.980056
-2.245057
-0.241892
-6.542085
-5.952975
-2.334332
-8.670349
-3.929976
-0.933407
-4.465585
-4.320638
-2.079104
-6.321660
1.059067
-7.611836
-5.664117
-0.203062
-8.364790
-6.418897
-6.314924
-0.757694
-0.469302
-2.134208
-2.330136
-6.892888
-3.289706
-6.452573
-8.144197
5.836503
-10.775231
-10.010828
-4.106834
-7.017554
-2.110824
-7.410758
-7.014856
0.931151
-2.878678
-6.219548
-5.944833
-2.153289
-1.896410
-6.093498
-9.566614
-3.670506
-8.847699
-5.661211
1.967022
-5.158205
0.621351
-3.035653
-1.886397
-6.673527
-6.984903
-8.966528
-5.105645
-5.581432
-9.852592
-10.395330
-6.152385
-0.193981
1.751768
-4.024130
-8.099218
-1.681680
-4.843945
-9.120545
2.441326
-7.420715
-6.853112
1.628266
-1.155070
0.384824
-10.159601
-8.165825
-2.306565
-3.279933
-8.442731
-6.155575
-6.408507
-7.349906
-2.778333
2.430184
-0.848770
-1.534086
-1.273728
-2.714305
-8.625295
-5.796379
-11.006966
4.479783
-0.432681
-3.453238
-5.650108
-2.214473
2.015189
-5.864387
-2.048422
-8.739410
-6.755463
1.527856
-6.245339
-4.557070
-6.436149
-5.092548
-3.791830
-5.002073
-7.857868
-5.298500
-4.857952
-10.698042
0.391672
-5.744713
-3.804678
-4.521546
-4.389911
-3.716293
-5.230615
-4.014266
-5.603944
0.488063
-0.011973
-2.709367
-0.009368
1.213511
-6.513415
-7.134554
1.205619
-2.914181
2.413331
-4.472897
0.614385
-7.542444
1.883120
-1.028626
-6.261692
3.941817
-1.256013
-5.609106
0.387709
-6.316036
-1.845216
-10.624753
0.879649
-0.736846
-7.304714
-5.012694
-1.013485
0.610965
-4.879430
-4.063716
-0.494097
-2.931328
-2.702340
-3.111372
-5.980072
-2.582233
-0.413382
3.618846
-7.752716
-1.944345
-3.566871
-0.864177
-9.689089
1.208580
5.054764
-1.165501
-1.348206
-5.757452
-4.491502
-0.158687
-2.130568
2.094271
1.508008
2.567783
4.849358
-4.011940
-11.486476
-1.984671
-10.806738
-6.428456
-2.439855
-4.795305
-10.696041
-3.094921
-2.890962
-6.217726
-7.433091
-2.061268
-1.001057
-1.243723
-5.243093
1.421134
-8.827027
-4.029592
-8.928029
-4.264701
-4.271880
1.321622
0.598013
-2.695443
-1.313067
-6.436448
-0.726592
0.289305
-3.538358
-0.960627
-7.329573
0.271397
-10.277189
-1.302248
-4.152210
-4.813749
-5.715431
-4.946885
-1.171977
-8.939762
-3.090294
-3.582103
-1.109912
-3.077888
-3.587389
-3.236486
-2.927553
-0.778357
-2.561381
-9.077800
-4.304972
-5.186831
-2.781718
-0.271543
-2.828352
-8.507766
-7.962090
-4.133138
-5.731450
-4.821413
4.226377
-8.535990
2.221393
-10.002557
0.408779
0.098095
3.635790
-6.547836
-2.808539
0.589759
0.012810
-8.013895
-6.817494
-2.047348
-5.119620
-6.139041
-4.654928
1.141901
-2.414177
-8.268793
-3.534593
-2.396476
0.971000
-0.524017
-6.969237
-7.845962
-7.794110
-9.218242
-0.828141
-2.757092
-0.402127
-5.864745
-6.040297
0.573546
-5.925946
-4.295181
-1.647918
-10.340546
-5.546021
-4.941162
-2.531888
-2.383206
-4.339057
3.724321
-2.224087
-1.553418
-0.785095
0.580699
-5.874266
-1.248750
-7.874983
-2.792857
-7.191881
2.205175
-5.974271
-8.322632
-1.805184
-8.584703
-3.201547
-3.599140
-4.665650
-3.670170
-2.372436
-6.953080
-3.842225
-2.301109
-1.702400
-4.240643
-1.936506
-5.162210
0.047897
1.146086
-2.585803
-2.264489
-1.495241
-4.018329
-0.778426
-4.826055
-6.504166
1.845943
-1.683677
-8.192353
-2.306113
0.083686
-11.836251
-6.945479
-3.940621
-8.200163
-8.595236
-3.381402
-7.272046
-5.169087
-5.678966
-5.709679
-5.381145
-9.068940
-1.064396
-1.130676
1.802954
-1.216780
-5.227731
-4.351440
-9.879900
-1.915075
-4.212876
0.821803
-1.438141
-2.827572
-0.755071
-4.295408
-8.602580
-5.133061
0.054146
-5.144414
-7.929801
-5.492556
-7.952255
-1.455026
-13.104306
-4.687819
-3.331426
2.033592
6.833767
-0.791105
-0.476236
-1.744333
-4.030914
-9.581346
-4.643809
-3.911518
-3.073499
-1.763048
-8.307853
-6.247717
-6.917734
-2.404581
-5.168735
2.426539
-5.500283
-9.203167
-3.238339
-7.462920
-2.193529
-6.659610
-7.036152
-2.278131
4.756209
-7.257207
-2.898215
-3.540840
3.645948
-2.698103
-4.443622
-5.609022
0.948907
-1.968197
-5.881447
-3.917121
1.050583
-9.088598
-9.117748
-2.803860
-0.375031
-5.686337
-4.601079
1.063969
-6.313222
-5.069524
-7.482067
-8.816344
-3.991557
-1.865340
-7.299365
1.116315
-7.376256
-2.842852
-7.048898
-8.923838
-3.938226
-4.082477
-5.489995
-6.461988
-2.126879
-7.685134
-8.444103
-8.122948
2.383845
-2.760522
-1.500574
-4.472854
-8.530800
-3.340927
-9.126851
-10.729465
-1.615389
-2.615602
-4.655701
-9.141163
-5.956954
2.601277
-6.868963
-3.100857
-1.317567
-0.506177
0.745422
2.668749
-8.593355
-8.393803
-6.376956
-1.859382
-0.119669
-2.968917
-2.679148
-8.537738
-0.582415
-8.354296
-4.204047
-0.143719
2.752867
-6.260323
-6.142155
-6.316696
-7.352889
5.579840
-1.408915
-6.887326
-7.102012
2.321897
-0.410130
-0.806770
1.136323
-1.864700
0.827220
-5.702396
-3.068614
-0.509985
-7.650872
1.129785
-7.848561
-9.392790
-3.940793
-6.073888
-6.742486
2.557256
-4.225797
-7.330425
-0.540978
-5.758855
-3.857111
-4.714580
-2.813617
-9.620660
-3.850635
-2.530690
0.756935
-5.630219
-0.315554
-4.986615
-1.940920
-3.891353
-8.004453
-7.388904
-4.325005
-6.549768
-5.804879
-6.964159
-4.078077
-3.419385
3.124983
-4.897260
-4.351609
-4.363696
-3.586157
-6.776843
-2.407852
-7.087395
-1.179070
3.516952
-9.696689
-10.105289
-5.918618
-8.593920
-4.115744
-3.431301
-0.452194
-2.907585
-5.899683
-5.222185
-3.044366
-0.117494
-11.775683
-6.099877
-4.398665
-0.092477
-1.914387
-1.255852
2.528374
-10.282815
-6.571268
-9.232826
-2.569883
-6.401483
-2.467232
-8.611645
-0.889252
0.092507
-1.271331
-4.804984
-1.565406
-7.850412
-2.623018
-5.605746
-0.923113
-10.262171
-5.178373
-1.833521
-3.484720
-7.161413
-1.346794
-9.369077
3.757744
-1.634592
0.096270
-4.007065
-1.833586
-5.243592
-3.576865
-2.773967
-1.442912
-4.392172
2.569029
-5.825077
-3.401729
-7.512925
-3.841406
-5.838341
-6.722095
-4.555041
-1.835190
-7.415998
-9.823205
-3.699761
-2.643637
-2.368043
-2.694597
-2.129075
-8.067562
3.645579
-0.510967
-3.191423
-8.092674
-2.966853
-7.294515
-3.232179
-3.244543
1.543763
-1.802281
-2.847965
2.069498
-9.217288
-0.643381
-5.245955
-3.004051
-6.076828
-7.132174
-11.261456
-1.547322
4.060061
-1.832097
-6.751547
-5.247964
-5.099491
-6.677043
-2.679238
-1.399515
0.332387
-1.786275
2.258793
-0.594991
-6.742584
-4.248304
1.235491
1.497577
2.304317
-3.783457
-3.412100
-11.520661
-5.862713
-5.953464
-5.821162
-2.961038
-6.866312
-2.305243
1.999849
-4.974738
-6.871457
0.093077
-2.309973
-2.634911
-7.905787
-6.075114
-8.646368
-9.107218
2.115453
-3.702158
0.402389
-1.586667
-5.398242
-7.893055
-4.649183
-4.109245
-3.296035
1.708753
-4.599416
-3.656932
-5.715554
-4.631631
-1.148940
-7.634339
-5.268484
-4.175916
-0.615578
-8.178619
-0.254429
-7.462070
-6.793062
-7.138473
-2.546601
7.439114
-6.616826
-1.728060
-0.763027
-0.333985
0.481675
-2.981242
1.044422
-7.173665
1.137770
-1.552228
-0.481947
-0.591966
-6.694858
-7.122194
-6.445235
-0.842135
-7.184085
0.163272
2.679243
-3.536348
-3.708086
-2.011251
-8.695587
-1.091840
-8.765547
2.540831
-3.931727
-3.723004
-10.669163
-2.889071
-0.535118
-9.596383
-2.716937
-3.660073
-5.568019
-2.681845
-7.065912
-0.201986
-6.706263
-9.429519
-4.993649
-6.483281
-4.606061
5.897128
-7.531555
2.698321
-3.455551
-0.953562
-3.807602
-9.750235
-4.092681
-0.382977
-2.319264
-1.937795
-1.187250
-4.562840
-1.974060
-0.954332
-6.477979
2.791439
0.495964
-1.458174
-8.511950
-2.588055
-9.005529
-5.558960
-5.706003
-5.851025
-6.290798
-2.780787
-2.096423
-6.641671
-3.417036
6.451161
-9.539162
0.712342
-4.135998
-1.839863
-3.965843
-3.278128
-2.408198
-4.278880
-3.522494
1.944601
-4.494515
-7.387075
3.118126
-6.190670
-2.233917
-7.874101
-4.245030
-7.676337
-6.504740
1.933630
-3.413307
-5.239262
-6.602627
-2.851620
-7.768167
-1.125427
-3.070701
-9.033305
-8.928435
-10.855161
-6.501155
-6.290753
-3.794415
-6.417112
-4.412825
2.728646
3.319445
-4.879949
3.501115
1.402003
-2.825374
-3.887234
3.882719
-4.190694
-2.508435
-3.222847
-3.096438
-4.726255
0.081377
-4.966761
0.029501
-3.413757
-3.174012
-6.775957
-4.320927
-3.019516
-3.402366
-3.498998
-5.283709
-7.804417
-5.034267
-8.013377
-1.597388
6.711311
-2.664872
0.102031
-5.865878
-8.944769
-3.919838
-2.566926
-3.159987
-4.567226
-4.068907
-3.028207
-5.276888
-4.507576
-3.046684
-2.857110
-5.579267
0.847227
-2.079889
-4.415357
-9.961416
-3.924216
-4.415689
-6.718263
0.061018
-7.670382
-2.203127
-6.773035
-2.031163
-3.682655
-0.393524
3.675058
-0.942091
-3.085378
-8.654830
-6.097824
-8.070608
-4.021280
-4.004489
-2.862923
-6.798505
-2.605553
-7.825154
-6.712154
-2.105704
-3.048251
-7.011807
-4.299707
0.397611
2.314090
-2.318632
5.970773
-1.177755
4.172527
-3.365753
-6.068239
-0.568925
-1.471785
2.156716
-5.819556
-4.468097
-10.638957
-3.811014
-5.921457
-7.732647
0.310194
-2.149221
-6.965073
-2.220474
-3.174559
-5.221982
-9.129436
-1.531023
-7.830706
2.697487
-2.592085
-6.678886
-6.508388
-0.727243
-1.434153
-1.104793
1.660185
5.344603
-0.553744
-5.223447
-9.757397
-4.687332
-3.412838
-8.741416
-5.493044
-4.137342
0.513443
-2.808561
-5.816998
-10.293471
1.311462
-1.561365
-1.291476
-2.843737
-8.657896
2.442902
-8.582274
2.712709
-2.250859
-3.777711
-3.602847
0.916335
-4.751124
-8.531897
-4.190528
-10.672380
0.558908
-3.778839
0.345093
-3.216823
-8.124813
-2.940334
0.325482
-2.909921
-7.227386
-6.492549
-2.824161
-7.925576
-3.332444
-4.093153
-5.196712
-5.248038
-1.386428
-0.658609
-10.063370
-6.548892
-5.620227
-9.066245
-1.389112
-6.463899
-4.052227
-6.533275
-5.661760
-6.981900
-6.074947
-2.425156
-6.292717
-0.380114
-7.167240
0.451500
-9.503891
-10.265233
-6.811382
-3.882113
0.830385
4.557464
-7.164050
-10.567680
-7.017488
-4.770726
-3.185864
-4.241517
-0.457813
1.039444
-0.949049
-5.168324
0.765040
-1.310184
-6.304901
-3.027185
-0.655720
-0.286059
0.452685
-2.306939
1.356133
-2.126126
-3.527611
-10.996351
-3.890304
-4.236651
-4.313438
-6.395976
-5.199979
-5.504966
-8.072406
0.552389
-1.879717
-7.474924
-3.012308
-10.407899
-4.845142
-0.145146
-0.370821
-3.511643
-4.888346
-5.790999
-5.849679
1.531438
-1.067105
0.756400
-4.569945
-2.038603
-2.009691
-9.088036
-6.628561
-5.214046
-4.907044
-6.428201
-10.007744
-8.025328
-0.719353
-2.616746
-3.205661
-2.276999
-5.044483
-5.615918
0.730766
-2.465980
-7.749208
-3.028363
-0.098556
-1.193219
0.523623
-3.409550
-5.689950
-8.230490
-2.466875
-7.290236
-8.834778
-5.480005
-0.539407
-1.351973
0.762749
-4.250559
-4.815219
0.817456
2.244277
-3.463751
-6.971564
-3.237577
-6.623549
1.240682
-5.651126
-6.084518
-5.530504
-1.793838
-1.682318
-4.826861
0.460878
0.187597
2.549638
-3.481270
-1.626894
-1.463740
-5.078743
-4.922060
-1.846799
-7.408710
-0.117913
-4.266571
-4.820521
-2.368818
1.302600
-5.563058
-7.578180
-4.906978
-0.865496
-5.142013
-6.500124
-7.460999
-2.124934
-7.279410
-4.206825
-2.222385
0.168489
-2.605942
-1.837259
-2.858365
-1.740282
-2.534886
-6.347624
-0.080610
-4.358279
-4.473496
-2.879493
-8.737335
-2.184303
-6.489811
-0.171560
0.889453
-8.513526
-9.996932
-3.094539
-7.394767
-8.537612
0.557512
-1.063813
-7.478709
-0.943632
1.428199
-4.562277
-4.570262
-8.304101
-5.175792
-3.288873
-5.909248
-4.824362
-3.579412
-6.437454
-6.814321
0.855915
-2.948949
-2.302249
-2.244900
0.565630
-5.436149
3.193726
-4.145302
-3.289888
-2.814672
-8.219316
-0.015153
-2.462373
-4.137189
5.211902
-4.896787
-0.849868
0.912946
-10.185128
-7.074751
-3.009617
-3.690798
-0.942341
4.187705
-4.740068
5.894019
-0.339799
-2.602590
-3.582317
2.849335
-11.629710
-5.152417
-4.539082
-4.100808
-7.188800
-6.441792
-7.769168
-1.792925
-12.622469
-1.471384
-8.603662
4.104392
-7.220411
-5.174918
-6.704134
-2.555158
-7.658702
-3.107310
2.881388
-7.029612
-6.269809
-0.934502
-1.711548
1.117092
-3.130706
-6.499237
-8.444508
-0.060914
-5.381121
-7.795426
0.741829
-2.975863
-0.774807
-4.472407
0.372467
0.239590
-4.459574
-1.573582
-1.847398
-5.408775
-2.791231
-3.621506
-5.970240
-2.230554
-4.479362
-5.064268
-10.120240
-3.515042
0.752182
0.794933
1.219393
0.726409
-9.210773
-8.304873
1.586572
-11.586922
-7.191823
-4.320780
0.184300
-5.284531
-8.394341
-4.929238
-6.379460
-7.846335
-8.339722
-7.833264
-1.315058
3.143317
2.120776
2.150872
-4.787781
-3.902919
-6.021021
-2.081773
-0.994701
1.562218
-1.982664
-5.681088
-4.724222
-7.903604
-10.005877
5.966438
-2.750661
-5.435295
-8.483135
-3.829916
-1.063209
-11.573109
0.411820
-7.166899
-5.774986
-10.872446
-3.418208
3.567986
-6.253458
-9.013947
-7.744215
0.858837
-2.439123
0.114481
-2.035347
-0.845640
-4.871408
1.676213
-1.646889
-11.188319
-8.205247
-5.918982
-2.626714
-0.395995
-3.840332
-9.089352
1.612624
0.375801
-1.652538
-10.529591
-2.553290
-6.014542
-7.365002
-3.987576
-0.974381
-2.145602
-5.990030
-0.656163
-8.562189
-1.141235
-5.437634
-3.719181
-3.584519
-0.211849
-0.943223
-7.549438
-4.133290
-5.050519
-4.773965
2.047416
-6.749195
-4.042856
-0.921214
-2.206805
-1.149092
-3.902911
-2.250588
-1.645795
-5.419405
1.687814
-8.088634
-3.915173
-8.027732
-3.704709
-5.313212
-8.952981
-3.750095
-8.522673
-2.723830
-7.363154
-9.134552
-4.388977
-4.482112
-0.622886
-2.065060
-5.217946
-4.737850
-4.393265
-1.601615
-1.738631
-1.453875
-3.978076
-8.110595
-4.684799
-9.439782
-3.361341
-3.739544
-9.305119
-5.799875
-4.642213
-4.012554
-5.674694
-4.370492
-2.138476
-2.687107
-0.916879
-7.268193
-0.837661
-6.969572
-1.689779
-5.321933
-2.961676
-4.980917
-9.494793
-5.531806
-7.309497
-2.442491
-3.862608
-0.770336
-2.158970
-0.261119
-2.584036
-7.523818
-3.613286
-6.437823
-6.643418
-8.577821
-6.024467
-7.311272
-0.186151
-6.692808
-2.886861
0.289730
1.138831
-0.925204
-5.589962
-2.648071
-9.069751
2.327074
-1.909698
0.043916
-0.250397
-3.722778
-4.535772
1.044479
-4.117577
2.514473
1.306204
-2.359391
-1.647370
-1.097448
-2.372047
5.344758
-0.929525
-4.256747
-11.245531
-6.193867
-6.782245
-10.320482
-7.774859
-3.261208
-6.044909
-5.616426
0.306155
-2.080156
-2.502389
-7.588283
-7.275947
1.329221
-2.488907
-2.562338
-2.763967
0.074889
-3.343971
-0.374543
1.925454
-6.098842
2.094799
0.456800
-7.743380
-2.927649
-5.911007
0.433622
-6.577707
-2.444907
-1.491313
1.317664
-4.072114
3.766853
-6.228632
-1.925822
-3.766068
-4.385582
-7.923569
-2.708298
-2.289431
-2.251213
-6.455338
-7.799661
0.308094
-9.451921
-2.874011
0.803689
-5.258503
-7.090854
2.150626
-3.302681
-3.685712
-1.152001
1.463546
-6.432844
-1.532071
-7.528504
-8.975680
0.512079
-5.163207
-4.253190
-11.579363
-8.538197
-5.790886
-8.727109
-1.091490
-1.806995
1.685429
-2.069559
-8.260334
-5.580547
-6.103818
-6.801697
-5.015750
-5.274885
-0.125026
-2.865625
1.584946
-4.446462
-5.873210
0.935716
-4.902377
-1.994468
-5.625317
-8.416492
-3.950536
-5.685550
-5.564723
-2.826663
-6.822116
-6.883428
-5.138391
-7.740361
-0.731022
1.350607
1.001101
-5.026775
-9.942641
2.565669
-0.694873
0.192604
1.149345
-3.522816
-3.441581
-0.897444
-6.704792
-3.281092
-1.791697
3.013401
-4.333902
-2.029266
-5.777686
-6.555835
-1.473152
-6.562493
-3.319437
-4.136186
-2.239129
0.253305
-6.470432
-1.335835
-4.568004
-4.007619
1.559144
-5.913346
-3.636098
-6.595937
-0.295156
0.300578
2.443267
-2.398960
-2.491872
-8.115326
-5.003396
3.013125
-11.103822
-3.318486
-4.876183
-5.152216
-8.306838
-7.474042
-3.130468
-6.693388
-4.808017
-2.419891
-4.224131
-3.210888
-0.848371
-3.416912
-1.915287
-2.806081
-1.899955
-0.198760
-6.125135
-2.113667
-2.036753
-5.375495
-8.438330
1.320312
-6.646035
0.446738
-6.953913
-1.165760
-2.157777
-1.892172
-3.711731
-5.410840
-9.323288
-6.959794
-11.943779
-5.838112
-4.237497
-3.863310
-0.552540
-7.630451
-3.085970
1.058962
1.846996
-4.085075
-9.360117
-1.230638
-6.146088
-6.031791
-3.481383
-6.971777
0.728370
-5.276025
-8.395397
-0.172527
-6.800711
-7.772141
-3.001131
-7.480554
-6.992350
-1.494637
-4.201183
-4.280359
1.582020
-3.058384
-5.300955
4.366742
-4.476195
-7.910802
-8.084323
-5.140137
-5.974078
-6.862180
-3.926700
-3.406655
-10.720378
3.141636
2.520192
1.554433
0.507058
-5.698842
-6.424689
-7.353589
-5.185249
-6.628859
-5.740148
-5.530782
-8.219172
-5.801353
-3.527683
-9.897688
-2.492224
1.268944
-1.445339
-10.155430
-4.785156
0.566773
-3.073853
2.123567
-2.603021
-4.499579
-1.473378
-4.433630
-2.126485
-5.381386
-3.235404
-4.199327
-0.478863
-4.962366
-3.113171
0.699677
-1.678075
-2.553632
-3.827545
-8.714652
-5.317642
-3.390397
0.309343
4.786905
-8.124779
-3.978441
-3.123325
-7.023957
-3.617297
-5.194295
-5.074955
-8.845692
-3.011117
-7.457086
-6.573480
-5.350933
-4.168926
-9.447352
-7.009977
-1.378006
-5.198947
-1.292248
1.522763
-8.882697
-3.605570
-7.549691
1.148293
-6.408187
-7.596070
-7.667116
-1.316500
-0.299227
1.545431
-4.103301
0.155550
-6.604726
-5.723009
-3.027556
-5.480457
0.651016
-3.395256
-4.428419
-4.811103
-4.817450
-0.409205
-7.986552
-6.737413
-3.953949
-2.535664
0.647298
-1.417446
2.562330
-3.100384
-5.681704
-0.736556
-1.437434
-5.526201
-0.646225
-0.485573
-6.867869
-0.697635
-5.015607
-9.914313
-5.029903
-5.104486
1.061327
-3.847647
-5.348552
1.961332
0.384705
-7.611621
-4.203580
-0.067458
-5.388104
-10.908175
1.962377
-10.806378
2.456498
-3.531801
-0.146757
-7.163331
-3.944680
4.464758
-6.341464
-3.291512
-2.810463
-0.339846
-1.049305
-8.341063
0.727220
-5.986387
-6.415873
-4.092135
-6.325490
-0.546010
-7.091311
-1.109107
4.439766
-1.453469
2.935607
-5.870404
-0.947115
-1.926893
-7.179358
-3.405165
-5.189708
-4.847329
-3.672936
4.217614
-9.002558
-0.769082
1.864572
1.578835
-3.515020
-2.375680
-7.401657
-2.058980
-9.386732
-4.788724
-5.688432
-4.861926
-6.951161
-3.444360
-0.891277
-9.990118
-2.162751
7.301398
-3.267469
0.367977
-4.216822
-7.167171
-12.376630
-5.886848
-5.568408
-9.444473
-4.496195
-7.732420
-3.398973
-6.090628
-10.334974
-6.726407
3.547374
-0.137394
2.456697
-1.744518
-2.483450
1.653761
-0.368783
-0.252210
1.397322
-5.639342
-4.613787
2.146403
-4.057688
-5.546082
-6.860866
1.887723
0.368825
-7.859211
-7.776203
-4.276511
-1.841183
-5.772608
-1.817451
3.770916
-0.025987
-6.822271
-4.322655
-1.974639
-0.052518
-4.428951
-1.839292
-0.120411
-0.038272
-4.912443
-4.556961
-4.304560
-3.846282
-3.847379
-5.190887
2.498468
-4.522600
-7.058362
-4.072122
-5.401242
-4.481452
-2.905609
-4.283073
3.770487
0.651881
-0.794898
-8.629225
-2.353470
-8.943615
-6.363946
-5.904015
-8.962274
-3.021233
-1.141165
-3.540179
-4.565300
-5.004914
-7.566031
-4.114957
-7.867157
-1.318621
-2.366841
-2.177919
-1.584464
-4.865831
-5.402272
2.874513
-6.960731
2.207194
3.555103
-3.014865
2.468325
-0.649153
-1.332850
-1.706455
-2.713382
-3.517807
-9.391648
4.541081
-1.985815
1.135155
-2.971845
-7.740344
-1.451927
-0.245443
-2.276894
-5.566808
-4.117589
-2.561216
-1.794979
-0.377496
-4.235861
-1.571117
0.060867
2.593645
-6.208995
-1.571850
-4.982311
-3.690117
0.976946
-5.917378
-5.559493
-6.945845
-3.183288
-4.348280
-3.725963
-3.289772
-1.439649
-2.994299
-3.385560
-5.713064
0.714733
-10.882129
-8.690791
-5.463595
-6.447362
-2.094557
-3.949903
-2.179415
0.638571
-0.454911
1.154490
-1.772939
2.556648
-3.278395
-5.051902
-5.233953
-2.937099
-5.173666
-8.519711
-0.706946
-7.659926
-1.674917
-7.015423
-6.064308
-3.911732
-4.188591
-0.327422
0.061795
-3.029914
-8.084677
-2.113597
0.093596
-6.554499
-3.374769
1.282058
-2.799361
-6.025535
0.744442
-4.863706
-7.453722
-3.333812
0.998853
-6.106055
-5.013375
-1.377357
-7.409087
-5.061169
-4.495740
-3.954181
-11.093739
1.040291
-3.213034
-5.321905
-4.534988
1.286272
-3.312254
-4.280989
-5.903954
-2.390066
-11.002019
-7.336470
-9.028936
-9.407505
-0.236943
-6.891827
-5.042130
-0.839491
-5.330939
0.900700
-1.377738
-4.160848
-5.752084
-3.116558
0.430547
-7.419477
-6.254910
-2.505700
-7.262502
-8.324863
-9.287942
-6.106814
-4.168186
0.078547
-5.413806
-2.691831
1.556188
-2.301186
-6.982862
-7.062751
0.875825
1.202778
-0.983801
-1.303444
-5.942213
-9.002490
-7.338434
-4.885302
-3.830770
-6.413646
-3.764862
0.818995
-6.498242
-0.347691
-1.070015
-3.517414
-0.316585
1.536865
-2.148775
1.988852
-4.770113
0.417821
-4.611799
-6.440683
-1.095557
-9.580242
-10.817430
-6.936129
-5.742529
-2.088280
-2.978708
-7.492479
3.547884
-4.741264
1.778120
-3.422287
-3.267576
-4.978320
-2.358736
-5.384890
-0.737437
-2.893276
1.012071
2.340477
-6.422340
-6.099141
-7.858311
-3.293260
-1.631343
-2.314395
-1.832219
-1.591651
-7.439424
-3.385394
-6.081298
-2.315264
2.133580
-3.761212
-2.000347
1.914916
-0.601303
-8.828472
1.635989
-8.057344
0.378655
-4.676871
-6.383177
-0.330920
-1.938479
-1.238487
-2.324775
-5.328928
-8.143301
1.934672
3.870456
-3.940414
-7.155141
1.263849
-4.261018
-7.185589
-6.733736
-2.271936
-11.745289
-0.544195
-5.749577
1.149653
-3.115036
-0.345972
-6.082000
-1.376962
-3.634799
-5.406800
0.133309
-5.648059
-3.340487
0.799715
-7.561069
-6.144510
-4.643435
1.182281
-0.348027
-0.829191
-6.006684
-1.805035
-0.020945
-1.521863
-9.977938
-5.944596
-3.082711
-4.379140
6.399285
-1.042640
-3.925646
-3.602969
1.939046
1.777806
-5.051200
-1.774482
-0.417733
-7.722565
-8.892915
-3.497988
-0.450065
2.956461
-2.182693
-4.068612
0.320871
0.244971
2.315270
1.667247
-5.972881
-5.140009
-1.759119
3.766356
-7.288346
1.438084
-0.647045
-3.872720
-6.713026
-7.724225
-2.722094
-7.669487
-2.938675
-4.888763
-8.008780
-5.910928
-6.452105
1.040741
-4.800802
1.178061
-6.668509
-5.151349
-0.261905
-4.101879
0.498551
-3.844370
-3.155861
-1.762233
-4.619254
-3.791511
-6.556606
-9.020900
-8.295677
1.621202
-3.501615
-4.172676
-5.059522
-1.258345
-0.886028
-3.633065
6.937519
-7.773983
-6.780631
-6.224669
1.097394
-8.537349
-3.501821
-7.953815
-1.097561
-1.763592
2.656903
-1.889254
-0.673661
-11.687472
-2.765663
-2.286404
-3.059272
1.517820
-6.394563
-7.348497
-1.283277
-3.073476
-0.330032
-3.842913
3.451531
-4.855709
4.275925
-9.310271
-1.176718
-4.950905
2.563455
6.193161
-6.074565
-7.157226
-4.733706
-2.739753
-6.432955
-5.120456
-1.343645
-3.409697
-5.143575
-4.202432
-1.962597
-1.949787
-1.729443
-7.653456
0.819588
3.399447
-0.924070
-4.823667
-0.407635
-1.989797
-2.729387
1.106298
-8.025311
0.771215
4.391596
-7.742381
-0.257035
-4.419926
-3.356579
-8.946629
-2.179224
-1.192430
-3.538046
-6.406645
-5.020034
-0.259484
-1.597505
1.078314
-3.714473
-3.845316
-9.096748
-6.575018
-3.317422
-1.504549
-3.010206
0.856901
0.676986
-4.956115
-0.077344
-7.332924
3.352223
4.507356
-1.799278
0.583264
1.283304
1.735220
-5.560401
-1.564861
-6.833877
-2.752377
-3.659780
1.331995
-2.397242
-4.929523
-2.605570
-2.816822
0.171986
-5.831534
-6.518145
-1.639083
2.316271
-4.708706
-6.066330
-6.604908
3.451473
2.905060
-0.351962
-2.399502
-9.077867
-9.949013
-3.140137
-2.460213
-4.335742
1.754788
-8.409085
-9.225929
3.202792
-5.153429
-4.681867
-4.898028
-3.808692
-6.089266
-9.343961
-5.651891
-1.401154
-5.156177
-6.546053
3.980963
-6.377620
-5.019687
-6.522015
-1.334321
-2.489388
-1.982414
0.468434
0.398612
-4.594629
-2.575224
2.394659
-0.430180
0.910838
3.738237
-4.971638
-3.240300
-5.089373
5.903849
1.319283
-8.016088
-3.211061
-4.782292
-0.199816
-3.816109
-4.954203
-1.978127
-2.172148
-2.083123
-5.830234
-3.392750
2.034742
-3.903046
-2.021031
-2.883054
-3.497884
-5.431422
-3.476553
0.879820
-1.008528
3.197057
-3.739587
-2.763961
-2.990731
1.217092
-6.756194
-7.574761
-5.050904
-8.240749
3.157287
-0.080756
-5.669742
-5.052085
-3.849775
0.076279
-8.051855
-2.772272
-7.667938
-7.887269
-9.608500
-2.535223
-2.130961
-7.407942
4.735468
-4.450062
-3.744046
-5.461550
-3.787567
-6.456226
-4.047312
-6.001811
-4.675895
-2.610010
-1.136785
-5.852440
-8.081971
-9.326225
-1.161551
-10.929157
-4.067710
5.711244
-1.414134
1.853922
-8.118011
-7.297644
-2.673008
-3.390528
-3.132376
3.004169
-5.922240
-1.667147
-7.887042
-2.828197
-7.849498
-7.023921
-3.462453
-0.544476
-2.114591
-6.654832
-6.703238
-9.740280
-3.283143
-10.095738
-3.038301
-6.968940
-3.859569
4.844923
4.387618
-3.818328
2.869543
2.834273
-5.624898
-0.378452
-4.247751
-4.308790
-3.078594
-4.142941
-8.158653
2.543725
-3.872576
-5.730957
-3.965753
-1.274230
-7.160768
-2.628106
-4.054953
-0.943569
-0.412633
-0.856168
-8.482607
-3.005499
-3.707918
-3.239930
-4.643878
-9.663128
2.679978
-7.329856
-4.123909
-1.351364
-4.312412
-4.308324
-7.652173
-7.793759
2.219878
-2.552979
-4.951266
-1.459122
-1.190522
-6.223544
-1.571103
-0.795282
-1.917041
-0.787517
-1.976568
-8.161512
-8.749748
-5.015604
-6.427444
1.157430
-5.064266
-5.760140
-5.216714
-4.677018
-1.896397
-6.061955
-6.317257
1.332433
-2.952077
-9.807076
0.231053
-5.690309
-4.073923
-1.991185
-7.025965
-2.181198
-6.220993
-3.715323
-4.705901
-1.959586
-2.895008
-6.830331
-0.898180
-3.520003
-5.451029
0.182003
2.339258
-1.980057
1.892405
-5.292244
-4.025985
2.113108
-7.873553
-5.681723
-3.969522
-3.296338
-4.224925
-5.426435
-5.389487
-0.724399
-1.263017
-5.003149
-6.734081
-2.507687
-4.899085
-1.995976
1.428380
0.516256
-9.299959
-2.472961
-2.906870
1.380216
-7.052286
-4.996334
1.021873
-2.133310
-5.623979
-6.144594
-3.855703
-3.518783
-3.343855
1.849713
0.165779
-0.026173
-1.560320
-9.186401
-4.582002
-6.643337
-9.230206
6.096408
-1.706253
1.269581
-8.160823
-1.683458
2.789927
-0.440127
-3.240818
-1.443843
-5.000130
-0.702034
-2.634413
-11.784519
-5.357533
-4.876602
-4.394631
-5.377972
-4.350478
-4.851044
-4.600812
0.902672
-7.909991
-0.879304
0.916598
-6.284272
-9.409885
-2.161806
-5.077146
-3.017524
-4.568605
1.176387
-0.283233
-3.935716
-8.297993
-7.127333
-6.514026
-5.103415
1.149808
-1.438195
-7.637576
2.614460
-0.680656
-2.376184
-7.905519
-5.915460
-1.554705
-7.302656
2.042222
-5.399681
-4.769743
-4.133066
-0.229843
-9.466624
-1.641998
-6.455544
-11.247643
-2.391514
-3.170988
-7.018744
-5.402966
-7.487902
-3.064450
-7.467191
-1.488284
-3.914519
-6.485008
-6.935137
-4.204820
-7.236669
-6.717847
-5.389020
-12.274165
-1.283807
-8.079103
-5.478517
-3.518889
-6.873485
-3.621196
-12.134412
0.400658
-12.458613
-1.030407
-3.654854
-2.771544
0.394159
0.280085
-10.356100
-0.516629
-8.020547
3.076590
-4.029929
-5.571929
-1.708221
-5.762331
-0.740029
-3.668143
-5.162458
-1.641204
-4.231809
-3.616696
-4.181707
-7.080884
-9.296044
-4.054034
-6.858773
-9.606128
-5.844779
-0.502998
-6.100434
-7.349435
0.537788
-5.653091
-1.708631
-4.485757
-4.478180
-6.859356
2.225975
3.680763
-4.813760
-4.345773
1.471875
-3.433795
-4.252645
-7.665302
-3.795474
-0.105037
-1.677665
-11.525963
-4.922233
-0.720894
-7.893702
0.362384
5.202951
-7.058125
-1.652101
0.107949
-4.204862
-4.924613
-8.503389
1.316940
-2.422588
-1.744693
-6.012523
-3.485404
-9.298504
-2.368089
-4.085064
-5.038982
-3.308169
-1.726429
-4.214152
-9.033183
-2.830491
-6.048268
-5.069488
-0.204470
-5.600556
-2.309590
-2.282497
-8.880622
-5.291388
-6.063820
3.810929
-1.323135
-0.278727
0.147435
-5.094172
-3.327588
-5.294947
0.902169
-4.089973
-5.157310
0.956560
-1.346456
-3.461926
-1.692413
0.050769
-7.011909
-4.935507
-3.378531
0.358441
-0.414899
-2.409982
-3.062587
1.420986
-8.206001
2.272225
-5.248466
-3.915279
-1.879827
2.367597
-3.498256
-4.040314
-5.170320
-0.746504
-6.434925
-3.284762
-4.715068
-0.809419
-1.779111
-4.859857
3.894970
-7.786739
-4.055244
-7.964413
-5.556690
0.659944
-4.543882
-0.956997
-3.723624
-3.478278
-4.365223
-3.486433
-2.952698
-3.755191
-1.637512
-3.326827
-3.562344
-3.768316
-3.560285
0.810233
2.607819
-2.851865
-8.627439
-0.462734
-2.778457
-7.494187
-4.877477
-6.727283
-4.437328
-4.736515
-1.787914
0.600891
0.146945
-1.271116
-7.151396
-1.902619
0.885871
2.822120
-8.829104
-5.634182
-7.247821
-3.284375
-0.783104
-1.277404
-2.189611
-4.398579
-0.842758
-5.555830
-0.167010
-0.154593
-2.271773
-2.085545
-0.562862
-2.417468
-6.362975
-3.457247
-7.118750
-5.387630
3.113665
-9.104858
-5.915376
-8.665536
-1.841568
-2.277899
-0.718203
-3.303823
-6.525264
-4.645329
-4.977441
-2.948848
-4.810209
-4.944410
-2.815996
-4.575785
-0.817021
0.066588
-3.128284
-5.484914
1.121211
-1.907830
-2.927352
-6.032743
3.291834
-6.062047
0.885135
0.166175
-7.745323
-7.544531
-1.966239
-3.413628
-2.124874
-3.298207
-2.444230
-1.250588
5.187970
-0.372001
3.109194
1.693461
-8.383159
3.108963
-3.310106
0.606401
-0.274035
-4.842986
-1.515023
2.455904
-2.854157
-3.168705
-0.563471
2.742062
-2.275735
1.274679
-6.819474
-6.668958
-8.599792
-6.677491
-1.054306
-2.142478
-4.924182
-2.474098
-6.573672
-4.333344
-10.071388
1.384565
0.319723
-4.750237
-7.954261
-4.338499
-6.281703
-4.967654
-1.644586
-6.860390
-4.560496
-2.671484
1.546069
-4.983085
0.729673
-9.026854
-3.720711
-2.909504
3.292717
2.813768
1.746156
-6.233027
-4.374603
-8.185307
5.176310
-1.969354
-4.397628
-3.255400
4.101876
0.105261
-5.288413
0.145314
-4.181075
0.035605
-4.382380
-1.413973
-4.169231
-6.184285
1.596310
-4.828763
0.462278
-5.981519
-4.151760
-9.747409
-4.244381
-5.784297
-3.110614
-1.506221
-1.192659
-2.808515
-4.666194
5.868092
5.136066
-4.677320
2.659989
-2.395476
-5.898771
-3.267916
-5.366312
-7.969007
-0.488066
2.293238
-5.152819
-10.064510
-0.222206
-6.555038
-5.656088
-1.364440
1.787867
1.542996
-1.612331
-7.036785
-4.200649
-0.802173
-8.829846
-5.082586
3.562510
-3.785411
-5.406185
-1.852164
-3.962282
-1.842488
-1.120159
1.721530
-4.775425
-9.651824
-0.530283
-6.893338
-2.752880
-3.116320
-4.097687
-0.982094
-3.093830
-3.980424
-4.051845
-3.206787
-3.505598
-6.358700
-2.664228
-3.857888
-4.277824
-1.000767
-7.943403
3.581950
-3.386147
-4.484994
2.516447
-1.938793
-8.106996
-1.121866
-4.755587
0.268122
-2.388819
-6.810524
-3.225098
-2.255096
-3.481371
-2.354604
-8.780754
2.381346
-3.705878
0.507064
-4.447648
-6.565819
-3.283687
-3.018603
0.878981
-6.540184
-6.351264
-5.855108
-0.304874
1.015029
-4.186725
-3.478703
-8.825579
-3.736795
-3.551242
-3.554170
-3.921415
-0.854949
0.558450
-7.687263
-0.613646
-2.496268
1.243745
-0.417368
-1.550796
2.371328
0.609810
1.738324
0.444220
-6.170340
-5.067116
-1.590158
-2.772721
-0.256176
-3.348643
-5.980302
-5.245662
-9.365937
-0.575729
0.260263
-0.628296
0.908334
-8.451873
-9.220168
-10.245283
1.485491
-4.757393
-10.748997
-1.220296
1.015923
0.564551
-2.344454
-6.866643
-1.645251
-0.646290
5.044586
-6.698844
-4.420269
1.728826
-11.342012
-4.644053
-4.059507
-6.230506
-3.554455
-0.945446
1.689352
-2.701744
2.336291
-0.922305
-3.075929
-2.439468
1.814871
-4.654981
1.523918
-6.830358
-1.843378
-6.408800
-4.848557
-5.634022
-6.611509
-1.507658
-1.593273
-8.033470
-4.041655
-1.833993
-3.572920
-4.338560
-3.369931
-2.957470
-0.663094
-5.538343
-5.161008
-9.602198
-6.974915
-1.569345
-1.496677
-4.298973
-9.262098
-12.480962
-4.588017
-1.255411
-2.784641
-8.195694
8.267749
-5.429336
-4.160611
0.734007
-4.717350
-1.180537
-6.626230
-5.061215
-1.082468
-3.884758
-8.895081
-5.929935
-5.609219
-2.362315
1.200344
-4.606718
-3.748010
-3.630519
-4.937648
2.708892
-2.865430
-6.017098
-1.366068
-1.434728
1.897814
-7.561954
-5.412685
0.764171
-6.399980
-10.914266
-6.375014
-4.140060
1.193693
-1.628059
-4.448544
-4.745504
-2.885207
-3.383771
-2.439888
-9.813711
-2.055465
-9.144594
-6.489366
-6.307469
-4.058158
-6.624644
-0.399764
-1.817701
-2.285381
-6.190877
-5.212512
-6.095766
2.964259
6.232360
-4.310287
1.929270
-4.792629
-2.860491
-7.229910
-5.419803
-5.407129
-4.874820
-4.375237
-4.989659
-7.501932
-1.196701
-6.497535
-10.092937
-5.341071
-7.033953
-4.234969
-10.711826
0.108126
0.906924
-9.051845
-4.987321
-8.106783
-7.276201
-2.806139
-3.385012
3.448553
-2.860092
-5.321706
-1.325628
-2.396811
0.829380
-4.085124
-2.247324
-9.170543
-5.968601
-4.573712
-0.140678
-7.268593
-1.856214
1.523926
-0.141819
1.581391
4.073935
-2.949903
-2.988668
4.867324
-4.924430
-7.517383
-1.721800
-2.238451
-2.046661
-11.300286
3.506988
-1.098512
-2.789153
3.172330
-4.942195
-6.727083
-0.516682
6.592105
0.429878
-1.669710
-1.279535
-4.831484
4.545025
-4.466511
-0.880157
-8.395723
2.805346
2.434908
-8.552599
-0.823924
-9.820602
-2.067706
-2.009968
-2.273144
-7.805752
-4.166495
-0.507096
-4.044817
-1.851452
-0.533293
-7.202820
0.279315
-5.592191
-4.378004
-5.404155
-2.154482
-1.183689
-4.832778
-1.974415
-2.919457
-4.416412
-4.385417
-4.242771
-0.460435
-5.440744
-3.247761
-2.492516
3.220507
-6.226440
4.639585
-3.906871
-7.949305
-4.222014
-7.049145
-4.947383
-5.848234
-4.307297
0.409107
-0.501416
-5.951723
-6.717316
-0.162827
-7.519088
-3.779509
0.224673
-4.136900
4.261670
-2.908182
-5.861783
1.749745
-8.470160
-2.172584
-6.167089
-2.506446
3.999600
-7.132082
0.633042
-3.432673
-4.499442
-1.604726
-0.574785
-1.042056
-3.506263
-6.970789
-5.519754
-7.623621
-3.488587
-4.251819
-2.448190
-8.192759
-3.289836
-8.817554
-3.630858
-6.185368
-3.779709
1.174138
-7.648105
-2.155259
-3.177309
-10.949266
-5.241970
-7.009327
-2.196697
-7.811105
-1.633664
-0.333656
1.756012
-4.813741
-0.742441
1.479286
-0.751886
-4.698844
-0.897280
-1.023844
-3.595963
4.797626
3.454108
-5.478495
-8.596749
-3.595042
2.298858
-6.469879
-6.184221
-3.656691
1.254662
-1.741493
-2.025312
-5.856698
-2.869795
4.512743
-0.971651
1.243253
-0.889006
-5.224961
-1.142797
3.516239
-9.818480
-7.283808
-3.085307
-1.495623
-2.022664
-2.307000
-3.182549
-5.476221
-4.461377
-4.371735
-5.600195
-2.367903
-2.243217
-2.183784
4.295663
-0.001564
1.975037
-4.216062
-5.670100
-4.777017
-2.754963
-2.693057
-6.430038
0.931786
-1.085679
-2.362469
-4.578377
-10.769842
-5.299943
-4.520346
-3.999666
-9.216187
-8.908666
-6.666168
-4.559460
-9.099867
-7.003315
-0.643741
-5.485448
-9.743392
-5.948586
-1.652663
-1.679947
-8.517269
-10.767138
0.209906
-5.138452
-0.608627
-1.870855
1.460162
-3.436193
-6.620836
-0.208007
-3.692046
-2.777821
-6.069044
-4.157662
-10.583138
-3.553901
-0.821060
-1.097645
6.373209
-1.711831
-5.600197
2.007846
-4.940688
-3.727119
-1.173963
-4.779610
-3.772370
-6.965653
-7.089997
-2.491717
-0.224131
-4.057388
-0.348969
3.647516
-5.263230
-2.036134
-6.093227
-5.449806
-7.140596
-2.608292
-0.353886
-7.074135
-6.199026
-5.081789
-5.177233
-6.225024
-4.041013
-3.653878
-2.434620
3.695469
-1.158850
-0.785063
-4.212488
-0.867261
-0.625623
-4.825633
-4.587270
-6.968547
-0.459396
-0.720696
-7.471744
-4.238085
-11.030049
-2.391397
-4.992796
-0.899448
-5.399685
-3.876602
-4.142056
-0.068592
-6.466085
1.490786
-4.280870
-9.071809
-6.775049
-2.667531
-4.975324
-0.475148
-1.189122
-2.449931
1.503737
-3.075219
-2.062311
-8.252872
-9.777833
-4.760607
-2.226470
-5.523688
-2.771647
3.749165
-7.937732
0.449146
-6.187635
-0.752588
1.460091
0.185928
-9.028818
-5.591785
-4.123780
-1.965618
-0.499143
-4.596524
-7.127455
-5.925068
-5.464715
1.788788
-5.138263
-0.737628
-8.961390
-4.043999
-9.140516
-6.563301
2.972878
-2.844168
-9.520413
0.381687
-6.017527
-4.806281
4.933661
-0.439650
-5.960590
-6.793135
-0.331064
-4.230770
-3.025632
1.481805
-3.705418
3.166031
-0.029882
2.342066
-4.086669
-7.411397
-13.235632
-2.063199
-5.217739
-3.248420
-2.719164
-2.496459
-2.564745
0.307488
-4.359591
-5.367742
-5.436692
-5.436402
-9.952155
-1.432727
-4.808407
0.939309
-3.327621
-5.954476
-3.763286
-2.111645
-8.636150
-10.099010
-6.378302
0.750048
-1.100513
-7.691037
-7.545249
0.806178
-5.009687
-1.745549
-6.761702
-4.540196
-5.361427
-3.496286
-9.122220
-1.938482
-9.650668
0.978622
-6.022377
0.004858
1.658156
-1.569955
-0.227953
-4.661818
-4.941677
-1.284634
-1.803104
-8.300889
-0.463357
-2.494660
-2.437824
-2.411440
-4.757747
-0.767663
-6.162789
-0.880838
-1.034926
-0.890419
-3.969126
-2.876949
-0.294367
2.771309
-6.448428
-5.333630
-1.370492
-2.674446
-3.593965
-2.955360
-4.337750
-0.156650
-4.653658
-7.689997
6.126683
1.407461
-7.718332
-4.985774
-3.606369
-5.200901
2.897132
-2.333133
-8.919744
-5.218658
-1.392120
-4.072685
-5.611666
-8.823083
-2.093411
-4.445494
-2.142084
-4.570657
-5.053225
2.243108
-4.684662
1.686862
1.851899
-6.242808
0.384824
-4.025201
-6.394482
-4.769337
-8.935370
0.496652
-4.949501
-8.037276
0.475990
-2.275240
-6.299256
-10.375301
-10.267206
-2.869478
-1.825133
2.745476
-1.536436
-2.993570
-0.010407
-6.608829
-9.878304
-2.938996
-1.332334
-1.794026
-0.430763
-9.878920
-4.474338
-3.493187
0.216186
0.289392
-3.178506
-9.174134
1.671683
-7.883677
-7.050221
-4.405655
-3.861876
-2.541939
-9.094574
0.324419
2.908438
-0.827518
-11.323886
-3.190110
-6.438351
-4.853857
-5.912387
-5.928873
-4.424139
-8.586026
-1.557194
-3.077815
-4.663245
-0.295362
-3.857787
1.660828
-5.999238
0.573446
-0.332181
-2.980619
-6.917647
-1.346549
0.484028
-1.059818
0.228292
-8.137441
-7.055062
-8.146964
-2.758540
-7.910614
-7.129102
-5.912522
-6.149900
-5.859634
-5.575842
1.078620
-3.619921
-1.844200
4.244454
-2.870131
-0.961708
0.125387
-7.722495
-4.434521
-0.379466
4.352334
-2.180619
-7.961061
-4.109562
2.308359
-3.933515
0.240219
-6.793157
-1.385404
-6.042086
-3.214993
-2.962545
-2.177082
-4.016858
-10.111382
0.277171
-3.593590
-6.512666
-1.667859
6.989069
-4.268733
-7.811913
-6.648081
-5.494123
-3.221253
-1.957979
-4.730175
-6.630891
-1.483369
-2.356272
2.434583
0.309202
4.252514
-6.012929
-7.108931
-6.677105
-4.934342
-7.183045
-3.157808
0.471456
-1.753339
-0.198002
-5.903515
-6.229261
-3.327043
5.273800
-5.436407
-7.949517
-8.852218
-2.787484
3.268251
-3.146032
-7.506917
-2.819862
-2.730700
2.613460
-7.212938
-5.352023
3.184916
-2.471172
-4.312117
-5.318770
-3.161746
-5.146533
-4.602807
2.992277
-4.899789
0.379816
-4.786908
-6.858254
1.749346
-0.219958
-2.180018
-6.173750
-4.282413
0.658741
-0.095421
-4.338462
-4.131680
-6.129686
-1.609360
2.457901
-2.420392
-4.191719
-5.360657
-7.679142
-7.547132
-6.634194
-3.098810
2.458651
-6.000842
-0.037958
-13.103031
-4.074140
-4.314169
1.623112
-4.353899
-8.517510
-3.462764
0.757851
-7.579110
-1.254343
-9.261973
3.046578
-2.684879
0.837161
-4.177922
-8.050539
-2.787993
-4.837529
0.074895
-1.303631
-3.931232
-3.692202
-4.226631
-4.383694
4.745069
-6.019126
-4.564058
-10.335711
-0.386156
-2.835292
-9.895225
1.409830
-5.485431
-6.872253
-1.836289
-1.428874
-8.647616
-7.584419
-6.753089
-2.760080
3.014932
1.668590
-3.269039
-1.247093
-6.184718
0.140750
-3.561780
-5.077697
0.403221
-10.323700
-0.042067
6.557541
-7.358220
-6.781138
-5.336987
-6.089808
-4.924969
-4.991117
1.546304
-1.983828
-8.286167
-3.266302
-0.578760
-8.092082
-4.893200
-4.879892
2.432460
-9.085029
-4.521732
-4.484172
-3.958872
-8.417838
3.218301
-4.734689
-2.860413
-4.747928
-7.805380
4.147873
-0.053297
-10.536686
-0.449739
-5.285542
-2.448119
1.609755
0.674907
3.194187
-4.382352
-4.606637
-3.125883
-3.808867
-0.245345
-2.272870
-5.815675
-3.760713
-3.422532
0.853736
0.569018
-4.646909
-0.556149
-3.265971
-11.052732
-8.492699
-1.499291
-7.792833
-8.958952
0.363465
-2.146480
0.306870
-7.483618
-3.458944
-5.784796
1.921299
-0.761375
-0.111512
4.436196
-2.237609
-0.221957
-11.406582
-7.234244
-4.042678
-9.695609
-1.454296
2.035610
-11.722797
-0.780062
-0.590531
2.295331
0.371256
-0.073828
-1.050995
-3.620842
-3.285867
3.313495
-4.367002
-5.493025
-6.157047
1.099564
-5.972726
-3.150306
-3.575583
-5.887054
1.660489
-3.349452
-2.400685
-3.755026
-6.546724
-8.683512
-5.951819
-6.389214
-4.365072
1.250441
-1.490936
-3.657199
-5.159277
0.527101
-1.863374
-10.667554
-3.098660
-8.774999
1.226600
-1.412970
-1.506601
-4.889734
3.443355
2.303655
0.428840
-4.867334
-7.168428
-0.638766
-1.919388
-6.127759
-0.840945
2.346577
-1.754155
-10.096915
-11.358955
-3.240950
-2.468520
0.281975
0.402007
-1.393618
0.186376
-4.455978
-6.498169
-4.627563
2.395759
4.941509
-6.782377
0.749600
-0.036743
-6.738854
-3.091776
-1.124565
-9.649209
-0.010422
-7.251190
1.049158
-5.974040
-5.301593
-7.435352
-2.958486
-5.337660
-4.456196
-7.980392
-2.675161
0.082675
-5.889539
-7.039362
0.821647
-1.836850
-4.928504
-8.080218
-6.398689
-3.936850
4.762414
3.500546
1.938136
-3.106176
-2.909437
-1.122887
-6.178301
-3.419710
-6.340718
-4.052609
-5.265080
0.526506
-1.067952
-0.891865
-5.923574
-3.245364
-1.464995
-3.859121
-1.814921
-1.080615
-5.038260
-3.518642
-1.783458
-9.897171
-2.786711
1.251845
-3.900164
-5.795835
-1.817113
-8.608339
-3.993959
-3.201582
6.068434
-0.089032
-5.268511
-3.121385
-5.045794
-3.379514
0.296023
-0.413225
-2.855974
0.701579
-1.874125
-1.785229
-2.930553
-4.227972
-0.062416
-4.536750
-9.265497
-2.390140
-4.338531
-6.606563
-5.167669
2.098127
-2.998444
-2.288415
-4.061162
-1.244388
-3.250390
-0.857128
-4.837997
-2.659989
1.438422
-6.478948
-2.957497
-1.232250
-6.655450
-0.465069
-6.795783
1.014784
-8.530097
-4.752887
0.842732
-7.227451
-4.160920
5.211503
-2.936438
-0.490585
1.011392
-5.327934
-2.722009
-8.887794
-6.120594
-1.134227
1.976952
-2.500753
3.646185
-10.949780
-6.007269
-8.201466
-4.848508
-3.002934
0.857290
-2.065556
-2.942554
-0.228197
0.155244
-4.255980
-8.573344
-1.615316
3.649624
-4.015854
-2.460826
-3.700999
-7.792978
-3.620303
-3.426051
1.133180
-4.701318
-1.279974
-11.088077
-1.953131
-5.869130
-2.473944
2.423496
-5.622949
4.169474
-8.005437
-9.298926
-3.672825
-0.628412
-6.875123
-4.459140
4.099790
3.117181
0.440561
-7.577576
-5.096535
-3.007927
-5.330836
-4.908419
-1.214690
0.088319
-4.609393
-3.670233
-7.065803
-2.215233
-0.951150
-5.899654
-5.312624
-5.613605
-5.093715
-1.956749
-3.861960
6.194494
-3.050528
-1.516185
-2.892128
-1.726583
-7.513127
-10.185419
-5.470239
-3.832811
0.359693
2.055811
-7.910752
-7.247833
-9.186011
-4.055861
-0.903769
-3.675801
-6.088457
-2.661897
2.732584
-8.589014
-3.169433
-4.695209
-5.851456
0.343493
-0.749603
-1.319089
-3.233029
-0.418687
2.473812
-6.842175
-5.448112
2.814872
-5.397022
-1.595433
-4.129489
-4.474752
-3.426748
-0.962389
6.021886
1.334104
-2.441723
0.963053
-7.620577
-4.194125
-1.111755
-4.724078
-3.383744
-5.160242
-8.027792
-7.527044
-4.658835
-5.654671
-3.357273
-3.491035
-2.067782
-10.408640
-6.151156
-5.008801
-2.228770
-0.980419
5.532354
-1.727630
-5.998543
2.331131
-7.271296
-2.101658
-3.147795
0.219519
-4.475188
-13.032496
-0.610696
-2.107499
-1.457431
-3.499067
-4.150680
0.768395
-1.102926
-3.816985
-2.385536
-7.742595
-3.331509
-6.955719
-3.262398
-4.397431
-3.977411
-2.772656
-1.350220
-6.692410
3.891476
-2.385850
-7.237115
4.578842
-2.847381
3.326417
-2.025672
0.987688
2.112242
-8.605722
-2.653506
-6.023081
-1.565773
0.986950
-2.436802
-7.512003
-4.303978
-3.659401
-9.605683
-5.529535
-9.081880
-4.814185
-2.864014
-7.107307
-7.851911
0.932964
-1.441682
-0.738279
1.044742
-2.086904
-1.470043
6.334134
-3.516895
-8.800375
-2.753514
-3.253229
-2.115757
-0.469522
-5.642550
0.086119
-0.940135
2.324845
0.958686
5.028769
-5.856653
-1.139752
-1.497972
-2.679358
-5.277903
-0.800550
-4.169117
0.221071
-4.361531
-4.874640
-8.036313
-5.923087
-2.424597
-0.099775
-7.316385
-6.061420
2.548286
-1.962404
0.387271
-6.867147
-5.517461
1.911474
-7.657329
-7.116722
2.822356
0.214218
-2.548661
-6.546332
-2.058006
-3.119019
-0.065677
-6.085535
-7.058865
-4.322141
-4.433555
-2.544598
1.624547
-1.252779
1.200994
-5.910884
-3.289592
-6.914333
-1.912982
-6.465758
-3.547212
3.817615
3.053346
-2.100302
-8.014827
-3.566980
-7.932228
-9.347075
-2.306822
-4.537312
-3.042840
-6.346239
-5.779902
0.665872
-6.039906
0.104618
-1.980744
-2.326150
-4.708024
-3.850423
-4.137245
-2.772252
-5.532519
-1.031752
-5.602112
5.562628
-3.453477
0.860650
-5.222788
-3.688532
-4.914668
-6.519028
-2.830529
4.871355
0.164774
-5.899361
-3.272986
-0.756121
1.541843
-5.189145
-5.949665
-8.878811
-8.310696
0.372919
1.048573
2.160331
-1.195017
-1.075832
-4.708551
-6.571627
-7.073436
-8.425303
-4.294453
-4.386358
-4.708117
-1.462121
-2.125112
-6.882435
-1.838823
-2.473525
-5.072102
-1.544803
-0.191320
-7.348804
-2.466944
-2.399685
-3.281013
-3.501744
1.940037
-5.084158
-0.394352
-3.209710
-6.496293
0.624488
-3.010367
-4.870463
-1.743152
-0.503512
-0.435657
-2.184478
1.109775
-1.424805
-4.868673
3.186498
-8.149509
-5.257738
-1.439124
4.396968
1.612072
-3.695261
-4.644706
-0.493286
-2.141185
4.106989
-1.224925
-4.741650
-4.032353
-6.298141
-6.066315
-1.025105
-5.589677
-4.945049
-2.137878
-4.651267
-4.229352
-9.293655
0.854159
-4.701212
-3.624865
-4.369379
1.375147
-4.686049
1.481878
-6.765416
-2.799045
-3.044597
-4.613855
-2.297791
-3.237048
-2.385941
-5.458724
-2.892208
-6.353588
-7.487278
-3.015068
-0.953876
-3.328858
-3.142357
0.275680
-3.470131
-4.327836
-3.217062
-3.946834
-3.114965
-3.628817
-6.135198
3.152537
-4.512214
-1.312804
-4.391432
-1.181240
-0.347960
-7.579958
-2.477927
-0.722474
-1.455695
-5.099219
-2.773643
-6.300853
-2.975422
-3.232942
3.154766
-5.805654
-5.842148
-1.777630
-1.696724
-5.285438
-0.910397
1.606300
-0.980624
-0.297657
1.659767
-5.180801
-1.786472
-6.952448
4.577356
3.190573
-4.142890
0.508541
-7.455948
-3.317421
-0.769049
-0.111942
-5.548161
-7.625578
0.011103
-0.980147
-9.079138
-2.878285
-1.950797
-7.520243
5.285773
3.129399
-2.431628
-9.425219
-7.016746
-7.523197
-1.126697
-0.940518
-0.931646
-5.617074
-5.851754
-1.073779
0.905437
-8.560891
-2.924737
0.802639
-4.761184
-1.960735
-4.538558
-3.678651
1.207388
-1.840462
-4.522475
-7.334627
-0.233816
5.700223
-1.822267
-6.224401
0.590972
-0.835161
2.276504
2.537811
1.875865
-0.717930
-6.130695
-2.753380
-2.602980
3.859988
-7.508475
-7.268721
-8.033998
1.638622
-1.493905
-7.898315
-7.358609
-9.426290
-8.284915
1.757831
4.205317
-2.705733
-0.006979
-5.238400
-1.701003
-1.264503
7.605243
-2.177467
1.425294
-1.170098
-6.902270
-0.652871
3.257011
-4.925027
0.106533
1.800872
-2.482103
-2.699866
-5.397538
-3.401448
2.515941
-9.081483
-3.378645
-3.242529
-0.541082
-1.957873
-5.456310
-0.334299
-3.218228
7.378791
-2.772760
1.887571
-7.830903
-6.483901
-2.913732
-1.745541
0.346218
-3.132581
0.426509
-7.461703
2.062554
3.063890
-4.436697
0.920617
-9.007254
2.594079
-11.648762
-9.423401
-4.797216
-4.654020
-7.371654
-7.790566
-8.014466
-2.187889
-1.672024
-7.033249
1.165364
-7.055377
-0.787266
-4.077230
-6.827546
-3.702244
-5.689502
-2.269606
-4.489885
-5.374294
-4.924690
0.658945
-3.366063
-7.152205
-3.267881
-2.874564
-3.383412
-2.074568
-2.789392
-5.415345
-4.738900
-8.635005
-4.528383
-6.873929
-6.429474
-3.749323
-7.379288
-3.322411
1.206523
-6.541381
-6.592518
-3.617562
0.407576
3.788937
-3.855955
-3.203811
-5.091487
3.401342
-3.115296
-3.720999
1.799146
-0.148605
-5.738617
-2.488152
0.050567
-2.265254
-4.786678
0.583102
-6.575099
-5.513560
1.886304
-4.961252
-4.336608
-7.050776
-2.886552
-6.118566
-5.055332
-4.383513
-7.600170
-5.500145
-4.539691
-1.713886
-4.738554
-4.180603
-7.983959
-2.194141
-6.388277
-9.056468
-5.728780
-7.983965
-4.551859
-2.397094
-3.521495
-7.890330
0.984835
0.779004
-0.078820
2.658512
-4.852150
4.058364
-0.961274
-2.438907
-6.188262
-5.579025
-0.042186
-1.634087
-4.640691
-7.745785
3.542065
-6.739554
-1.610105
-1.270387
-4.473862
2.214603
-2.128562
-4.346035
-6.068228
-3.898279
-4.674062
-2.982726
-0.722685
-1.987404
-1.166002
-2.561543
2.752277
-1.440921
-2.539259
-7.822176
-4.858843
-4.168086
-3.278800
3.185165
-6.595142
2.740345
-2.853164
-2.935738
-6.997966
0.752679
-10.994894
-7.954809
0.595348
-2.456504
-6.989331
-5.623257
-2.837326
-0.594990
-4.903798
-5.875397
-4.145632
-6.833418
-5.697864
-3.962852
3.114070
-4.386016
-3.756060
-4.147269
-4.188408
-4.125655
-6.976742
-5.488975
-6.374440
-1.081239
-5.890633
-4.475796
-3.918671
-4.754601
-4.966559
-7.264043
-0.901218
-3.455723
-4.175920
0.991298
-1.285203
-3.306871
-3.066093
-7.550620
-0.888805
-2.168405
0.471262
-1.046846
-9.757717
-1.426322
-2.668866
-11.646475
-0.687320
-3.847073
-1.454632
-4.533759
-8.499562
-6.589551
-4.474133
-4.498834
-11.219199
-6.358241
-7.748981
-4.337052
-4.095233
0.057018
-2.359428
-3.707837
3.344854
1.050951
-2.940650
-5.986607
-6.907683
-3.240115
-9.171067
0.207290
-5.345961
-0.463696
-1.919808
-3.608755
4.071078
-2.301548
-0.125479
-4.275427
-0.598464
-4.416402
3.276743
2.573758
1.434636
-4.652930
0.309789
-0.224205
-8.546612
-1.978688
-0.804947
-3.369729
-2.602882
4.934798
-7.589075
-1.809203
2.454954
3.659688
-6.263098
-11.202948
-4.968986
-4.737865
0.207671
-0.936085
-2.262923
1.933830
-4.597980
-8.926056
-6.755400
0.151387
-4.428109
-5.112769
-1.508985
-7.077505
-0.458878
-4.157966
-9.380395
-11.693510
0.203396
-6.466203
4.832179
-6.368783
-2.106701
-6.644654
-3.671553
-0.937054
-8.440371
-2.595915
-6.211362
-5.257823
-2.487997
-0.857372
-9.514933
-4.540939
-1.623866
-6.334085
-2.632592
-1.799002
-0.759433
-4.449023
-0.015113
-5.977851
-9.876419
1.000786
-2.435843
-9.231826
-5.484969
-3.891290
-1.848533
-5.082327
-4.576267
-4.909175
-4.768500
-0.497724
-5.288968
-2.716359
0.720129
-4.032707
-4.186532
0.200153
-2.471083
-2.419245
-0.439668
-0.127527
-8.232401
0.937372
-0.388479
2.175971
-7.366291
-5.629282
-0.712553
-4.840681
-0.961153
-6.526420
-4.926914
-3.841563
-5.491438
-0.151407
-2.245804
-7.093209
-3.990410
-6.889391
-7.082601
-2.301467
-3.837430
-6.166734
-9.359479
0.718627
-1.474205
-0.704716
-3.592184
-6.138926
3.701496
-4.618184
-2.786702
-6.222198
2.762447
-1.085127
1.124144
5.145802
-2.815141
-2.119877
0.535337
-5.946174
-6.722929
-3.992461
-0.809860
-3.205965
0.848401
1.841167
-1.945350
-7.044261
-4.614930
-2.992832
-3.270993
-0.204165
-7.618209
-5.749812
-6.705394
-7.001493
5.297708
-0.780923
-7.122969
-7.702435
-2.555969
-4.796360
-5.712572
-4.278831
-4.859861
-5.107467
-5.120558
0.380260
-1.229749
1.740210
-1.883929
-4.178155
-6.596385
-6.927474
-5.040072
-3.400806
-4.412381
3.324358
-2.169321
-0.182558
4.299430
-7.676122
-2.144514
-2.785182
-3.928516
-8.172919
0.876884
-2.058657
-1.117193
-3.368585
-6.883451
-7.430485
-8.324135
-9.251710
-2.557664
-5.518173
0.203120
-5.792195
-2.779973
0.771884
-5.518349
-5.098059
-5.167237
0.454655
1.524359
0.172683
2.130023
-7.477511
0.747636
0.322158
-0.168719
-10.473746
-7.745093
-4.823653
-5.719219
-3.882998
-0.238320
-4.653752
-0.325927
-7.958052
-0.533215
-3.048269
-3.192922
-5.655538
-3.087632
-3.537705
1.022948
0.281128
-2.840653
-2.044401
-5.535307
-2.055619
-4.203774
-4.930705
0.386773
-1.133543
-4.459142
-3.108588
-6.463115
1.036627
-4.155481
-4.306213
-0.945735
-2.730380
-3.994744
1.256119
-3.991550
-4.215222
-2.049908
-3.852393
-8.504909
1.862933
2.515986
-4.301793
-0.992841
-1.987438
-6.465656
-2.120386
-4.011015
-3.525713
-1.813478
-3.377268
-7.028949
-6.400068
-1.781011
-7.163871
-3.607763
-3.737660
1.259403
4.771064
4.609532
-10.897286
-4.891103
-3.590210
-4.104650
-5.654669
-4.305363
-4.359145
-4.409119
-1.561198
-2.520540
-6.948396
-4.688991
1.137485
-7.767828
-3.694153
-4.016067
-0.005570
-1.543454
0.972278
-3.378676
-3.594457
-4.172784
-2.954923
-4.912327
-5.246185
-6.775844
-2.267691
2.979601
-4.270562
1.860169
-2.651435
-5.486640
-7.646173
-1.163698
-0.408507
-8.308449
-2.738710
-0.494330
3.655445
0.269080
-6.217173
-3.849835
2.871517
-7.384695
-5.301069
-6.657123
-5.241735
-7.970172
-4.053437
-6.014582
-3.423182
-2.863123
-4.226503
-1.403863
-0.560528
1.166222
-1.812674
-4.201868
-4.128253
-5.045445
-9.557602
0.450372
-1.551266
1.059296
1.211701
-0.828374
-5.284250
-1.250081
-1.290858
-0.851371
-6.709596
-4.393911
-0.586383
-4.183867
-4.456950
-4.701791
-5.936750
1.819191
-5.866599
-3.997186
-2.076028
-3.033138
-4.246445
-9.603325
-1.418127
-10.746261
1.958386
0.815245
-6.761493
0.190757
0.470479
-3.480026
0.521840
-0.683456
-4.593536
-3.011372
-13.562396
-4.603941
-0.587111
-1.406829
-1.267051
-5.647928
2.915649
-2.767785
0.255212
-1.785836
-4.086812
-3.348253
-4.619642
-2.191484
-3.249501
-3.585217
-3.096824
-5.488858
-2.948596
-0.400375
-4.458328
-6.429960
-6.925552
-3.906841
-1.282417
-7.265620
-6.286240
-0.840282
0.880183
-6.377739
-8.309581
-5.450722
-2.923575
-5.001129
-3.881369
-5.029420
0.712543
-7.629562
-0.543270
-0.001829
-6.328508
-4.143514
-8.842256
-7.197762
-8.234530
-4.483706
-3.672431
-3.927430
-6.016529
-2.772627
-3.141467
-0.831302
-0.641030
-2.618915
-2.555563
-8.387573
-3.307663
3.502500
-4.036012
-4.145800
-3.410129
-5.510875
-4.828878
-3.442424
-2.260537
-7.085098
-3.420776
-5.152613
-1.150301
-5.866931
-8.154321
-4.808949
-3.973242
5.728793
-5.170849
-10.903048
-6.488774
-4.316762
-6.822473
0.256986
-3.100540
-2.429413
-4.838614
-6.900330
2.618240
-6.548116
-0.603664
0.008054
-0.726782
-1.152425
-5.278384
-3.237208
0.486160
-4.481129
-4.384310
-0.806831
-4.783165
0.204732
-3.833357
0.410627
0.282110
-2.997803
-5.598880
-3.251160
-6.757502
0.428185
3.180818
-1.513568
6.984250
-1.652038
-7.428820
-1.882788
1.322520
-5.922187
-2.450917
-8.610371
-5.386554
-6.072116
-5.387918
-4.218024
2.837778
-5.063143
-2.379277
-4.975341
-1.082890
-0.264941
-5.841238
-3.920805
-1.236133
-2.434410
-2.089060
-1.898734
-0.415004
1.053233
-0.486817
-4.220058
-0.071663
-2.283242
-0.304878
-6.322553
2.021563
-5.974047
-4.169100
3.979231
-6.533300
-2.359769
-9.094284
-5.159276
-3.585821
-4.023789
1.192892
1.308364
0.226189
5.012797
-2.434782
-8.926788
-8.692033
-6.182820
-3.572472
-3.653565
-7.207569
-1.814333
-2.268453
-3.333134
-0.997807
-2.923967
2.236752
2.090663
3.643484
-3.962813
-0.082520
-8.031092
-5.717872
-5.231778
-2.193160
-2.494582
-3.533564
-8.158607
-1.997556
-4.295403
-2.244061
0.174266
-2.176312
-4.733892
-8.716244
-3.075025
1.001726
0.091387
-3.982439
0.078012
-4.203667
-2.924771
-5.622770
-8.341714
-0.836926
-6.463609
-3.832793
1.594590
-3.134087
-3.376184
0.620464
-9.238170
-0.350538
-5.877557
-0.846094
-7.403172
-6.520767
-0.872275
-2.300967
-7.545611
1.491100
-4.397269
-4.004588
-6.824072
-6.962149
1.540373
-3.970559
-5.150716
-2.955212
-6.153659
-5.351256
-4.641818
-5.794430
-11.843479
-1.311404
-8.042619
-1.398466
-4.714219
-4.582692
-5.422066
-1.024508
0.073491
1.796867
-3.152221
-1.161279
-1.923414
-3.888261
-8.675396
-5.320765
-7.678708
-4.765486
-0.280780
-0.103492
-2.070231
-1.269094
-7.506115
0.728573
-9.413520
-8.752300
-3.768588
-5.733157
-3.438580
7.270334
3.908730
-6.359929
0.948301
-3.865414
-1.127670
-1.882919
-3.681261
-9.983738
2.868329
-6.627993
-5.325859
-1.389792
-0.275202
-4.258815
-0.431955
-7.428162
-0.198062
-7.509501
-5.842923
1.025396
0.946800
-4.828930
3.292475
-2.509062
-8.687612
-3.004559
1.100081
-1.880984
-0.340837
0.088320
1.940290
-2.888507
-4.502045
-6.734980
-6.951081
3.568338
-3.087388
-0.074201
0.376866
2.430737
-8.340015
7.309640
-6.462821
-8.751025
-2.866653
-4.399285
-3.213761
-2.625700
-2.182875
-1.761606
3.724678
-7.749622
-6.507994
-2.443716
-0.670592
1.424111
-7.844769
-4.709219
-1.293059
1.562970
-6.272091
-1.736281
-5.828560
0.810845
-2.725563
-4.885072
-5.479434
0.923516
0.000839
-0.999496
-7.166292
-6.162080
-2.586566
-3.761227
-5.168471
-4.439684
2.327254
-4.263877
-2.360741
-3.328661
-1.398344
-1.179996
6.753347
0.800100
-3.900342
-1.702784
-5.078090
-1.530158
0.574971
-1.269015
-4.605243
0.424239
-6.560444
-0.476055
-0.579963
-0.324527
1.127487
-7.538068
-2.433936
-4.089034
-4.298870
2.991721
0.013929
-4.849908
-1.692030
-3.597373
-1.118587
-2.303585
1.553358
1.551279
5.201174
-4.758653
-5.828205
-4.287878
-5.192770
-3.243894
-0.196140
-0.540669
1.958065
-7.081747
-4.202686
-7.858370
-6.707294
1.068173
-0.072080
-3.750792
-6.925475
-0.348446
-7.618078
-2.669362
2.657019
-5.576227
-7.045392
2.191391
2.830375
-1.032979
-3.515541
-0.322206
-6.250856
-1.469467
-8.149983
-1.356855
-5.094849
-8.745985
-5.078923
-7.487298
-5.372062
-5.218131
0.641447
-1.064549
-1.820184
-3.599511
0.543587
-1.955840
-9.181058
-5.154480
-2.179111
-0.428185
-4.496633
-3.469923
-1.507207
-2.129416
-5.824590
-4.418820
0.972361
-4.409045
-8.884082
-4.260768
-1.777898
-6.238202
-2.729113
-5.629695
-0.500020
-2.653099
-2.398825
-4.350541
-0.837419
-2.294650
-4.228088
-3.903796
-7.814425
-7.063578
-7.065392
-0.147659
-3.420619
-3.565308
-0.337553
-3.625116
1.112153
-6.850649
1.155283
1.136791
-5.790019
-4.495385
-7.803130
-3.892864
-5.549577
-3.949517
-5.319874
-7.641841
6.902647
1.530293
-4.124139
-1.469664
-0.634914
-0.634221
-4.956574
-0.046607
-0.779289
-1.540080
-3.322710
-1.365761
-2.413500
-1.064180
-1.178885
0.887045
-3.556261
-4.983952
-2.128186
-3.523917
-4.830084
0.310734
-5.841459
1.903809
-3.224532
-1.603326
-2.837959
-1.545863
-1.387535
-4.232108
-4.085320
-1.813101
0.865000
0.573590
-0.543663
-1.321968
-5.025021
-5.480850
-5.262358
-5.547104
-5.927036
-6.970420
-4.196632
-3.445784
-2.987418
-3.744935
-5.196366
-3.723608
-2.632466
-7.145200
-6.070333
-5.925513
-3.417097
-6.149791
-4.632274
-3.774680
-5.385093
-9.626769
-4.532706
-0.744348
-2.645186
-5.139042
-4.043588
-8.676198
-1.837930
-4.492832
-3.864781
-0.386415
-3.467116
-1.054010
-1.782651
-6.630949
2.666838
0.655477
-3.866352
-8.302163
-7.772606
-4.882695
2.253307
-0.749688
-5.058048
-4.810280
-2.285155
-7.890486
-3.834623
-7.906620
-2.924729
-4.287496
-2.408727
0.449390
-7.122451
-3.239787
-6.812706
-5.597566
-3.732227
-6.111788
-2.175174
-6.259995
-1.093665
-4.210364
-2.735586
-0.784739
-59.933559
-7.525564
-14.063186
-59.876747
-8.193564
-4.645687
-8.822182
-4.027640
-10.517809
-7.840834
-9.211673
-6.721249
-11.126353
-7.555633
-11.629089
-8.713581
-30.687643
-50.300827
-13.076735
-8.254333
-60.402309
-60.675079
-57.919659
-60.561989
-60.430645
-60.423832
-45.163330
-58.238708
-56.251556
-60.506248
-60.044037
-59.041458
-60.685719
-60.380226
-59.972191
-60.054329
-50.802818
-20.823818
-3.137865
-59.252251
-51.027905
-22.020422
-60.158661
-60.558815
-60.092594
-60.591251
-60.272861
-58.692883
-60.860504
-60.939671
-61.332508
-60.138870
-61.465263
-59.721947
-58.954659
-61.114368
-60.027626
-60.351601
-60.719215
-60.704834
-60.351547
-60.343914
-60.356853
-60.318451
-60.259026
-59.999435
-60.354633
-60.752846
-59.858719
-60.636227
-60.628128
-61.064102
-60.286919
-60.665577
-60.021862
-60.464607
-59.869659
-59.903122
-60.750076
-60.039726
-61.133080
-59.944660
-60.663067
-60.360035
-60.004921
-60.937958
-60.263657
-60.582806
-14.037313
-60.981781
-60.069771
-59.800884
-60.055172
-59.465775
-60.342121
-58.960251
-60.288071
-61.171829
-60.782654
-60.871712
-60.340935
-60.623550
-60.230492
-59.928749
-60.082798
-60.831539
-61.166855
-60.318153
-60.859009
-59.400761
-61.567245
-60.539902
-60.258011
-60.508816
-60.844444
-61.017586
-61.620708
-60.933010
-60.834511
-60.320076
-61.916950
-59.804119
-20.221804
-59.489693
-16.542454
-60.461212
-60.084873
-60.422432
-60.590694
-60.642914
-61.683376
-60.437252
-60.533390
-60.574310
-60.143826
-60.928833
-60.073196
-61.864780
-60.616203
-59.846497
-61.258331
-60.136185
-60.560387
-60.681328
-60.804554
-59.354855
-60.284107
-60.660748
-60.068192
-60.629173
-60.034134
-60.757668
-16.356602
-60.905136
-20.126507
-59.065796
-16.486816
-18.568394
-15.793068
-19.564659
-16.434185
-15.507662
-15.492260
-13.647429
-16.546122
-18.231415
-18.536619
-16.857126
-16.511637
-17.497807
-15.891830
-16.759062
-17.276911
-17.636551
-14.356913
-20.832541
-15.267988
-17.676933
-17.794123
-18.979975
-15.493495
-17.748449
-17.843462
-16.278244
-14.790050
-16.826065
-16.243639
-13.788353
-15.884930
-16.394651
-15.905275
-14.832417
-13.875427
-13.839664
-17.321751
-15.783484
-15.578403
-16.742393
-19.065720
-16.797340
-13.803586
-13.867145
-19.881468
-15.042471
-17.819479
-17.452848
-17.452412
-18.457909
-18.511053
-16.597046
-15.853200
-15.468594
-18.234140
-15.320929
-18.127527
-16.918125
-15.160257
-17.579113
-18.487160
-15.715283
-60.179264
-61.014645
-15.012178
-12.718750
-15.406404
-15.629464
-19.073549
-20.894587
-20.127569
-18.289299
-14.720581
-16.318867
-16.714119
-20.781860
-17.428989
-16.021736
-16.325407
-15.525377
-22.419844
-23.190163
-23.528593
-21.930086
-18.451286
-16.491585
-14.042892
-12.601834
-18.793299
-17.335558
-24.684229
-31.455452
-29.746180
-27.632526
-15.503899
-16.672901
-10.800584
-12.906967
-15.115839
-13.315446
-14.747101
-15.023235
-14.277612
-15.442027
-15.557015
-13.903862
-14.441277
-14.375827
-20.198004
-14.626373
-13.757416
-56.120213
-54.693432
-25.212191
-28.294315
-60.441021
-60.753078
-60.771015
-60.665009
-60.849415
-60.433781
-60.111576
-60.159878
-60.595226
-60.804245
-62.531013
-7.479077
-11.318945
-12.355917
-9.488686
-15.039101
-11.715053
-13.700296
-15.016831
-13.848029
-10.981455
-12.080833
-11.632890
-8.906865
-8.670994
-11.674026
-10.915247
-10.055989
-6.956213
-13.738323
-12.994975
-9.814778
-14.967280
-12.252858
-19.039595
-11.007769
-9.742841
-12.994946
-11.243906
-10.071449
-14.972955
-10.318269
-12.202618
-14.580019
-15.651386
-11.307244
-11.378010
-9.179873
-13.323511
-16.750599
-11.213490
-7.684488
-12.060479
-7.718102
-9.340801
-8.171577
-16.951017
-15.737900
-14.910648
-10.021233
-14.185424
-14.129711
-19.260958
-17.290348
-10.135730
-8.113254
-14.378258
-11.246841
-12.696800
-14.028648
-17.008484
-8.854393
-11.034610
-14.239214
-7.829963
-6.606499
-14.899992
-7.458467
-16.682442
-17.030396
-8.259956
-12.322227
-14.230196
-11.474551
-13.407516
-10.742474
-10.835413
-9.040527
-11.281217
-11.417890
-14.075231
-16.487652
-16.296085
-9.835548
-16.114073
-15.200531
-9.445064
-10.102851
-15.786494
-18.342999
-20.127893
-15.588411
-12.850327
-14.880185
-16.192034
-9.694236
-6.069966
-18.390369
-11.019052
-11.708954
-11.679059
-6.601780
-11.219137
-15.946499
-14.799129
-15.480673
-13.850897
-8.046697
-17.684364
-13.793922
-15.422279
-7.480855
-18.510298
-11.601440
-18.757906
-10.173359
-18.370356
-12.856259
-11.545820
-12.835881
-13.235411
-17.068150
-13.492775
-9.228017
-15.185336
-16.056957
-12.372897
-9.775822
-15.447520
-10.594780
-14.442303
-17.171507
-14.103558
-22.442032
-7.731540
-17.474731
-19.751312
-16.033010
-10.214727
-14.863956
-9.033385
-20.134611
-16.734432
-12.181850
-19.114006
-8.328434
-9.880800
-13.186009
-11.145439
-17.657101
-14.926580
-20.525249
-10.925736
-14.184374
-11.234189
-11.179588
-9.614421
-14.133729
-11.668760
-14.098299
-13.813435
-9.993126
-12.254712
-13.321501
-12.862410
-12.355025
-12.092512
-13.856935
-19.607750
-12.011336
-14.889477
-17.541710
-21.947315
-18.528448
-12.857712
-10.895700
-11.807787
-10.270025
-11.167317
-9.685231
-16.483379
-11.102107
-17.037020
-11.003025
-12.085216
-7.563115
-14.953424
-11.992010
-7.758566
-15.032992
-16.676596
-12.498690
-14.473241
-17.472672
-9.922815
-13.865184
-14.337552
-16.055988
-11.923006
-17.192612
-11.571549
-19.126991
-16.942223
-15.059313
-9.748034
-15.584372
-13.489025
-13.540294
-9.744429
-14.713655
-15.738977
-19.789543
-10.968526
-11.203589
-12.509099
-10.711793
-11.474398
-11.808428
-11.118098
-15.163185
-10.864826
-17.622936
-10.334765
-15.041785
-10.472402
-13.859279
-11.267463
-12.882249
-12.278296
-15.593258
-16.217035
-14.366521
-15.896802
-14.887310
-16.326895
-10.018761
-14.699484
-11.449215
-10.723571
-14.027032
-14.642070
-14.285842
-17.073967
-16.682625
-14.268444
-17.858297
-15.212198
-11.695509
-13.174586
-17.302641
-19.130472
-19.546314
-10.035275
-10.705391
-10.396203
-12.539485
-13.324986
-11.137855
-12.438751
-11.212545
-14.029650
-17.885855
-13.331790
-16.564426
-14.076126
-10.278163
-17.107258
-18.042439
-14.488278
-15.848307
-15.558329
-17.247187
-16.676338
-12.739603
-18.803196
-19.921898
-16.962515
-18.205063
-20.138157
-14.238512
-11.035486
-15.984607
-16.211046
-14.943476
-19.180367
-9.718975
-12.254120
-15.677920
-10.103937
-13.704133
-11.097988
-14.462193
-16.776262
-17.410017
-15.441278
-15.653701
-9.069888
-14.162366
-15.284343
-15.644799
-9.028382
-12.173330
-17.257185
-14.804069
-9.901366
-20.202162
-12.357195
-10.395087
-15.926859
-19.067038
-12.160555
-13.028126
-14.233907
-14.261260
-16.961847
-11.337824
-12.773266
-12.203896
-20.234293
-16.360653
-16.264273
-17.406374
-20.690847
-19.803904
-15.481918
-13.137207
-12.606750
-15.492461
-13.438477
-7.453397
-10.997867
-18.964029
-17.796118
-11.812645
-17.245523
-15.107222
-18.207087
-15.694788
-13.035814
-13.033479
-12.704790
-12.038142
-10.031816
-11.341538
-14.494674
-19.703308
-17.659357
-14.614660
-14.321649
-16.558905
-13.363535
-17.881933
-17.582312
-12.462929
-15.883002
-12.581552
-16.068623
-16.376841
-11.452292
-16.079727
-16.882580
-11.526128
-19.043089
-14.467329
-19.297821
-11.584628
-14.525084
-18.324785
-22.590820
-13.767256
-13.427488
-17.189772
-15.581314
-21.550800
-16.886963
-13.439376
-17.531618
-13.434853
-13.589023
-20.539646
-14.555435
-14.251026
-19.364143
-14.343570
-11.958031
-19.008888
-13.677450
-11.518711
-14.204310
-13.522671
-12.066099
-16.381674
-15.361753
-14.465956
-13.207786
-15.286039
-17.770718
-19.351418
-17.122272
-13.564185
-14.673568
-14.038198
-15.993196
-14.664846
-14.597992
-12.819728
-16.803095
-15.839087
-13.813234
-12.653663
-15.509925
-14.199822
-19.425707
-9.409447
-15.106421
-13.266297
-13.390056
-15.926202
-13.488501
-12.836031
-18.397436
-8.468754
-15.098499
-21.328621
-14.285370
-11.682026
-14.908794
-15.517909
-15.396159
-18.527864
-9.916500
-16.212482
-17.086891
-12.006862
-17.225718
-14.200294
-12.005795
-15.795094
-14.814543
-13.180340
-19.057854
-16.206219
-14.788364
-11.175986
-13.883291
-15.122686
-14.871105
-15.143290
-13.884362
-14.319351
-16.961945
-12.621714
-19.365026
-14.509691
-19.245504
-16.084686
-14.902205
-13.090923
-17.767170
-16.102709
-17.755751
-12.649096
-17.515501
-19.064438
-17.497837
-14.829835
-19.740210
-12.224928
-14.295480
-10.957748
-16.589504
-13.449278
-15.015418
-18.360210
-14.687926
-11.276918
-17.919771
-14.050283
-11.307444
-16.478802
-14.422670
-13.724949
-14.698849
-12.142303
-14.985956
-18.606592
-15.332664
-13.297554
-25.345667
-11.823300
-22.042675
-17.059404
-19.478806
-14.590265
-17.881260
-15.754208
-11.579543
-15.793890
-12.703581
-10.879479
-16.877874
-15.976308
-12.270618
-14.782999
-14.320534
-21.237268
-16.626484
-17.518709
-10.562043
-12.643707
-13.205195
-13.695641
-11.722693
-16.434622
-16.194317
-15.938880
-15.062723
-14.305528
-15.264896
-15.747455
-14.298963
-18.967052
-17.069792
-11.063340
-15.378972
-23.202812
-15.555358
-16.566582
-14.652403
-17.541813
-15.254650
-16.900862
-18.990137
-15.139752
-11.197948
-13.696762
-15.034727
-17.026379
-20.427927
-16.140442
-10.921949
-15.007109
-15.668856
-18.838581
-16.577629
-13.603771
-12.441194
-11.649824
-17.125063
-16.934639
-14.943668
-16.177088
-17.691992
-15.415432
-16.338274
-12.490538
-17.694771
-15.150000
-17.072927
-19.323326
-16.275303
-14.750418
-18.530638
-16.580891
-10.553180
-18.755116
-17.253767
-14.340629
-13.687806
-16.824003
-11.689756
-11.485539
-17.822861
-12.300002
-15.108534
-19.356562
-9.488756
-16.079174
-18.828077
-13.587883
-10.992249
-19.038464
-17.987295
-17.709101
-13.195990
-15.841675
-15.910212
-20.580210
-13.467319
-17.903091
-16.558002
-17.595253
-9.109401
-10.932948
-12.044008
-19.880512
-16.710154
-13.377525
-18.326584
-17.673182
-13.520118
-18.356722
-15.630722
-12.827673
-14.726871
-13.844127
-14.805772
-17.373518
-17.260014
-18.184395
-17.101345
-17.527185
-14.926834
-20.444500
-18.527998
-16.670864
-14.883633
-13.031466
-12.847670
-11.674716
-14.169065
-12.323956
-14.058111
-14.325653
-15.181053
-17.359818
-14.383645
-12.368339
-10.756754
-13.537423
-15.692805
-15.454143
-18.950367
-15.272073
-11.273739
-15.676989
-15.854305
-17.864271
-19.018208
-15.573207
-13.775344
-14.955957
-21.015657
-9.814238
-9.985762
-8.265719
-15.611584
-13.809488
-11.439492
-16.467030
-14.902267
-13.670975
-18.231453
-14.913082
-12.045905
-16.262299
-15.800504
-17.218027
-16.570059
-15.592834
-14.252867
-14.500615
-11.402610
-14.314110
-17.104223
-13.823474
-12.192949
-15.549903
-16.298225
-21.723507
-12.108000
-13.426929
-14.762913
-19.050215
-16.517733
-17.627968
-12.495104
-15.464127
-17.332689
-13.951919
-12.862979
-17.973215
-18.399588
-16.757790
-15.363048
-14.905176
-18.509106
-15.159209
-13.018143
-18.757484
-20.153099
-13.038745
-10.400914
-16.474930
-16.743492
-12.005944
-15.590805
-15.784209
-14.498168
-15.680569
-12.467669
-15.382056
-14.747159
-14.567856
-17.610449
-15.170821
-20.734682
-14.798866
-10.976048
-19.626120
-15.124140
-15.757429
-15.632277
-12.292547
-13.626637
-17.883575
-11.525593
-14.146851
-19.430862
-14.275022
-15.783535
-13.436831
-13.545633
-12.479970
-17.269840
-19.634933
-17.446230
-16.814823
-14.000395
-18.162045
-11.410950
-18.801285
-17.152624
-10.326355
-16.456833
-15.866462
-12.657253
-15.371278
-14.624907
-13.030619
-13.191675
-17.751648
-14.522681
-22.567991
-13.826803
-17.351582
-18.377890
-14.511892
-18.947685
-15.655455
-20.932270
-18.798901
-17.538900
-11.366442
-11.866045
-15.677855
-19.400311
-11.558476
-24.429237
-13.067927
-21.140938
-17.632874
-17.791899
-14.231931
-12.808871
-18.062452
-14.567221
-17.740221
-13.678680
-17.936069
-14.172289
-15.287418
-18.154478
-16.049644
-19.073996
-11.413196
-18.708494
-13.187814
-11.070447
-8.083534
-16.980606
-13.358868
-11.678926
-15.703103
-15.458445
-19.549986
-12.177378
-21.447836
-18.309216
-17.568996
-19.277424
-20.199879
-18.708721
-15.214856
-14.982929
-13.937360
-13.618225
-15.653238
-16.376331
-20.428337
-13.215406
-13.814723
-18.467350
-13.318338
-13.635036
-19.358398
-13.364595
-16.242378
-12.338364
-17.718580
-18.199110
-14.645737
-13.749922
-15.830503
-20.249348
-17.885700
-18.933578
-21.845013
-12.751504
-15.922891
-13.660569
-11.637056
-13.379182
-16.971390
-13.919087
-13.225571
-19.404081
-14.146098
-13.850250
-18.611723
-19.525675
-18.160431
-18.090939
-16.979469
-18.471897
-15.824949
-13.995933
-15.063223
-17.838940
-16.441442
-12.305119
-13.807276
-16.578190
-13.152045
-17.473171
-19.730135
-16.228203
-15.412951
-17.762505
-19.555059
-16.897163
-16.161806
-11.863339
-14.778944
-16.334726
-13.624364
-21.945557
-15.888250
-10.531124
-15.016905
-10.981023
-15.583121
-15.657516
-13.587122
-13.614292
-19.461197
-12.170984
-13.277392
-17.386692
-19.400335
-18.936035
-17.403603
-11.085100
-16.716799
-16.581617
-16.972879
-12.079859
-14.284330
-14.339982
-15.994820
-13.751012
-16.025064
-14.982726
-12.461436
-9.296079
-19.082541
-12.383661
-15.201161
-20.918221
-17.745703
-15.474081
-13.239555
-12.451130
-11.528033
-16.357357
-14.591793
-17.304913
-15.153734
-13.005414
-17.469110
-18.921999
-17.213203
-16.924034
-13.666516
-10.432971
-16.859877
-14.596870
-14.378330
-15.488058
-13.608431
-16.977610
-13.738609
-14.577256
-23.762392
-14.682511
-15.334092
-14.809598
-19.855019
-9.446379
-16.517704
-15.222198
-17.949537
-19.654257
-16.756598
-14.601027
-18.326817
-13.525826
-13.649162
-15.527868
-15.936535
-15.932867
-16.777390
-20.755688
-17.567003
-18.022768
-14.993310
-20.109879
-13.454951
-18.310843
-14.311469
-15.081050
-15.079790
-13.087166
-16.579428
-16.409452
-16.039539
-15.582550
-14.750739
-22.254459
-14.849117
-15.087202
-15.007660
-23.345009
-18.564335
-12.493207
-16.900200
-12.930293
-15.602815
-10.915882
-18.522312
-15.446600
-18.371038
-15.919257
-10.613219
-10.518991
-13.806154
-16.517574
-18.912413
-20.171295
-18.687639
-13.523235
-15.837181
-16.091579
-21.639221
-18.890505
-17.182505
-12.510600
-16.999197
-18.198898
-16.065086
-19.497467
-17.779779
-15.336063
-18.582981
-13.819774
-14.184220
-15.806787
-17.342010
-15.383722
-11.379799
-17.825611
-15.973170
-19.154390
-16.046736
-14.895119
-18.082796
-13.602546
-12.139336
-18.141956
-16.670870
-16.758121
-16.966234
-13.436832
-22.193550
-16.795055
-18.938015
-13.851047
-13.691298
-14.718546
-11.250443
-14.149476
-16.044064
-16.025473
-14.716377
-15.587360
-13.291909
-15.011353
-17.167620
-16.612553
-15.608386
-14.319200
-12.566342
-14.741808
-14.176588
-20.307735
-24.217003
-18.811573
-15.447467
-11.247545
-15.284121
-14.018126
-14.673178
-11.808015
-18.100197
-15.772474
-12.183010
-17.790108
-18.382284
-20.218739
-13.954984
-16.344160
-13.326188
-17.147259
-17.858446
-14.947302
-13.188354
-13.986730
-16.413828
-10.722878
-15.058695
-18.066383
-14.846509
-16.757603
-14.153723
-14.203686
-17.338392
-17.670570
-17.405497
-18.829395
-15.814171
-14.492191
-14.825575
-14.537844
-21.053097
-16.817303
-16.591730
-11.810005
-10.627600
-14.715034
-20.593895
-11.661459
-12.933272
-18.348221
-13.647055
-16.253458
-16.691185
-15.348539
-14.216616
-20.196651
-15.930687
-14.819315
-14.988942
-12.853556
-12.419401
-15.463087
-17.217209
-20.210464
-13.123175
-21.687271
-12.122790
-17.846014
-19.465656
-14.408712
-10.922058
-18.643414
-16.892878
-11.682430
-17.633417
-14.684459
-17.241472
-15.131002
-14.059168
-20.221910
-12.088360
-18.006836
-16.244795
-12.819695
-19.099504
-16.325476
-14.731064
-18.011566
-16.298216
-15.834013
-16.276701
-18.287914
-16.489046
-14.460155
-16.748747
-14.583260
-11.925041
-19.290911
-16.603842
-14.566658
-15.806718
-16.176376
-16.612595
-15.933154
-16.687653
-13.324061
-16.213034
-14.218955
-14.393619
-12.477527
-14.433227
-17.970209
-16.088278
-17.107288
-13.716416
-17.031393
-9.096238
-13.100780
-20.013155
-15.059348
-14.341842
-12.582059
-18.226578
-14.847475
-19.821806
-14.040388
-12.801017
-15.940030
-18.395004
-13.881557
-18.488228
-17.828123
-16.877090
-18.397331
-10.278971
-17.401646
-14.620564
-17.377806
-17.235144
-12.465567
-16.170010
-21.594700
-11.276714
-16.890335
-13.946547
-13.531467
-17.111732
-15.106424
-15.525784
-14.802617
-16.274469
-17.236160
-19.141773
-9.809901
-18.150206
-13.271311
-11.206714
-16.901230
-20.427107
-13.977212
-13.962749
-17.461699
-11.099662
-15.370019
-16.280769
-11.980630
-11.266957
-17.077244
-17.484819
-15.942320
-17.304382
-21.778542
-8.610705
-16.270332
-15.074863
-16.181072
-19.751755
-15.255428
-12.723086
-17.163946
-15.303400
-20.612911
-16.228275
-12.013248
-16.665253
-13.021585
-13.856830
-19.332554
-20.443443
-19.265577
-15.392676
-15.101259
-14.838950
-19.725822
-13.944036
-16.949114
-20.827049
-10.968082
-19.711592
-15.013538
-14.239399
-12.426359
-9.513917
-17.741484
-15.163241
-11.499989
-11.899849
-8.882360
-12.308286
-17.948807
-16.675966
-17.707399
-14.896648
-20.018116
-16.794413
-16.136635
-17.578215
-15.922474
-17.245163
-10.451637
-18.703453
-15.659438
-21.307756
-17.678625
-16.815277
-18.411060
-16.640381
-11.831689
-12.777105
-16.657782
-18.857153
-13.864836
-15.595433
-16.906841
-15.883373
-11.843148
-17.103210
-17.742426
-14.022763
-22.189972
-13.837725
-18.022873
-15.341998
-13.921105
-12.162565
-13.235366
-13.605143
-19.397741
-13.865627
-14.753226
-16.744099
-13.921515
-16.981581
-20.104525
-19.482855
-12.351814
-16.110184
-16.015213
-15.955441
-15.679856
-15.034934
-16.647633
-16.612768
-13.726869
-18.084394
-14.673727
-15.411264
-15.372205
-11.128360
-14.067275
-14.169735
-17.158060
-20.326904
-13.264626
-22.661831
-16.062370
-16.305788
-16.595539
-11.468336
-17.178141
-17.505833
-14.615058
-15.625558
-11.441480
-18.491871
-17.518332
-13.034927
-16.624739
-13.824435
-19.584631
-18.482903
-13.478121
-10.412945
-14.749830
-14.124287
-13.194113
-20.857576
-20.107792
-12.766820
-14.878071
-17.876200
-12.665083
-12.833609
-17.968813
-18.289488
-18.358866
-15.389367
-18.257092
-13.867591
-12.827110
-15.766619
-18.381514
-20.274208
-16.560392
-14.843737
-14.364098
-19.266785
-17.832382
-18.382004
-12.860728
-15.696627
-15.574320
-18.366095
-17.497364
-15.438718
-20.316208
-13.904557
-13.480808
-15.888610
-13.530484
-17.184347
-17.501440
-12.600214
-14.883282
-20.646582
-12.525044
-17.001163
-11.724781
-13.687256
-15.905313
-16.523954
-17.183144
-22.163715
-16.425663
-16.479883
-16.676344
-15.037025
-15.593500
-17.918085
-20.090986
-10.624158
-14.308145
-16.076302
-11.712400
-16.132219
-16.347698
-19.195761
-14.331465
-17.509886
-17.605520
-12.252739
-15.991315
-13.489571
-16.092537
-16.058426
-13.474503
-19.369680
-18.599714
-17.624882
-19.481691
-16.379395
-16.993532
-12.371678
-18.923944
-19.526136
-18.585627
-19.841225
-14.335944
-16.308266
-14.782400
-14.624288
-16.569164
-16.856558
-16.448992
-17.559629
-14.809083
-21.097116
-19.191078
-19.538605
-19.434088
-16.641539
-16.290489
-15.437769
-18.444887
-16.744450
-17.137472
-18.348036
-19.194380
-17.865108
-13.637319
-21.524073
-16.791756
-9.223951
-16.826797
-19.254555
-17.759567
-15.719595
-16.182047
-11.103234
-18.902786
-14.013700
-14.957953
-16.458977
-19.827789
-17.748272
-20.164522
-12.439892
-15.989965
-21.867025
-16.551960
-17.163261
-19.198402
-17.864136
-14.780897
-17.938492
-11.770489
-12.798938
-20.138325
-19.146790
-17.734903
-16.173685
-15.692142
-17.899399
-18.214598
-13.696386
-16.326681
-17.613262
-16.527611
-9.864495
-13.726006
-20.472818
-60.400997
-17.529266
-18.653746
-18.855412
-17.944839
-15.836018
-17.216097
-17.062016
-15.990726
-21.729584
-16.577644
-18.669575
-13.045493
-15.713860
-19.720085
-11.672627
-8.746123
-18.446875
-15.771751
-20.967154
-17.888605
-17.920090
-17.461124
-10.306998
-17.001232
-14.884768
-14.524815
-11.422873
-19.688341
-15.611570
-11.279070
-12.021052
-16.839922
-12.736118
-18.678434
-17.112087
-10.348763
-14.339412
-15.624733
-18.313541
-15.311218
-21.467552
-11.792608
-13.489267
-15.699168
-18.772602
-18.290255
-16.902401
-17.731686
-17.736353
-19.758442
-18.843800
-14.323677
-11.067516
-18.679607
-13.110251
-20.570234
-15.833707
-14.880455
-18.653660
-15.663183
-12.591944
-17.172115
-14.532262
-16.347948
-18.260061
-14.696071
-17.447905
-15.465993
-12.601226
-14.725363
-12.740159
-21.432001
-19.396061
-16.196520
-20.837942
-16.794371
-19.397322
-18.224030
-14.760577
-14.646280
-15.825524
-19.672647
-14.461102
-14.984418
-14.588747
-17.657448
-15.161382
-17.599712
-14.620205
-15.844831
-9.657250
-13.479440
-15.126847
-18.284323
-14.588966
-16.400009
-16.688538
-13.085516
-12.716664
-14.636657
-13.638838
-15.640357
-18.740662
-20.461258
-17.552610
-18.264662
-15.224514
-13.522943
-16.994087
-18.441978
-15.798393
-15.847692
-17.085474
-15.991655
-14.751932
-14.971965
-13.902617
-17.563765
-17.811468
-16.646599
-14.797078
-17.532606
-15.159944
-17.860023
-13.947803
-19.181061
-15.475776
-19.624874
-18.674307
-14.839237
-12.675662
-12.243119
-15.724512
-19.245665
-16.120560
-16.926523
-13.905259
-20.140364
-13.635927
-12.727211
-19.132004
-16.444317
-17.121147
-16.297491
-16.555325
-15.367989
-17.219803
-15.698211
-17.786577
-17.794104
-17.660095
-18.165558
-10.386628
-16.979345
-18.825245
-15.059377
-18.764729
-17.729467
-13.088267
-14.894845
-17.220148
-19.228407
-20.568159
-14.652289
-19.899799
-12.693713
-17.863504
-18.796196
-17.858549
-12.527950
-12.073517
-15.342537
-16.401140
-13.441662
-16.668314
-17.751877
-18.825607
-16.580425
-15.961126
-15.383994
-12.387445
-15.259812
-14.750127
-19.532185
-16.112211
-18.178802
-15.620244
-16.281309
-14.260528
-15.167254
-14.439891
-20.825848
-8.784609
-19.047745
-13.831087
-18.139862
-17.420551
-17.119144
-18.124866
-12.570123
-16.765312
-16.593927
-19.705145
-17.493599
-17.161713
-19.110304
-14.815847
-14.638926
-13.885719
-16.310738
-15.282094
-18.781487
-16.884203
-16.992910
-19.844051
-20.252609
-20.551226
-15.605597
-18.302240
-17.551632
-11.616279
-15.914752
-15.666338
-20.801159
-13.422486
-19.149673
-13.641658
-12.444571
-10.791645
-19.896759
-14.668597
-19.658625
-16.612225
-17.360336
-15.602982
-16.899357
-19.019854
-19.000957
-17.294725
-15.569312
-15.367437
-16.543573
-13.007607
-12.356519
-21.571936
-16.700954
-17.235561
-20.557138
-13.455778
-11.695518
-16.337595
-14.736169
-18.317276
-14.311048
-11.512695
-19.488617
-13.033976
-20.606689
-17.795723
-18.251150
-18.319162
-16.835270
-13.117540
-17.838326
-16.599424
-18.718409
-12.952368
-16.878948
-15.062908
-16.439783
-15.628339
-13.764231
-16.381680
-17.654129
-11.422043
-20.974100
-19.420069
-11.662525
-13.924989
-13.853107
-15.358333
-15.011227
-14.149249
-15.729330
-12.045451
-16.307877
-12.349227
-18.639793
-11.552789
-16.015211
-17.862467
-16.808306
-15.484871
-15.191190
-13.922213
-12.589658
-17.778267
-9.847618
-14.589373
-17.333410
-17.086941
-17.176502
-17.852203
-15.253022
-17.893204
-16.710325
-13.214029
-16.473475
-11.312365
-18.615061
-17.233913
-19.429260
-17.012449
-16.591820
-17.294294
-14.023479
-17.207447
-21.139462
-18.526091
-19.483444
-17.348597
-16.170143
-15.107948
-15.140661
-17.499596
-18.469891
-14.120173
-15.713362
-19.438416
-16.551441
-17.301228
-12.857583
-18.407700
-15.985087
-15.596961
-18.380518
-19.609255
-16.779655
-15.987493
-16.682076
-21.721832
-18.185242
-13.975389
-13.402399
-18.167891
-18.710274
-16.464012
-19.403994
-14.206765
-21.412313
-16.544258
-18.217587
-17.581739
-14.311680
-15.952989
-15.056476
-16.672482
-19.266342
-16.791838
-20.067482
-11.447861
-16.651102
-18.518318
-12.685629
-16.630081
-15.366701
-17.509813
-17.790873
-15.686424
-18.037540
-16.935255
-19.781790
-16.256428
-17.438217
-15.335897
-17.806072
-21.930410
-16.202925
-16.907602
-15.438162
-18.207527
-18.481798
-13.347617
-16.724497
-19.394844
-15.208297
-16.654438
-18.095480
-15.519845
-17.368816
-19.506599
-17.249516
-16.558979
-14.571546
-15.518564
-18.578871
-13.362326
-14.146505
-9.596872
-14.781068
-18.031670
-19.354441
-18.078432
-19.012690
-19.104557
-12.390142
-15.006543
-18.494062
-13.822526
-15.575511
-15.701668
-17.948053
-16.757101
-10.737440
-15.343029
-16.489475
-12.300118
-14.672935
-13.303867
-13.059716
-13.920105
-13.747896
-17.634020
-13.787359
-18.297747
-18.300508
-18.711159
-19.477377
-17.282614
-16.144470
-14.171185
-24.377075
-13.887594
-17.215998
-17.630772
-19.139038
-18.684828
-12.732496
-17.842085
-17.949236
-18.997169
-18.285555
-16.096941
-15.490545
-13.999488
-10.071090
-16.469753
-16.892614
-14.829607
-14.961787
-13.294684
-17.373940
-19.310888
-16.460770
-12.749366
-17.734140
-15.480978
-13.988235
-20.991310
-11.687693
-16.029446
-10.128887
-16.335226
-16.576382
-15.330046
-17.480415
-12.797841
-15.320893
-14.744703
-16.960804
-17.240919
-17.677633
-13.367454
-15.261454
-16.321064
-18.987640
-13.502355
-14.303989
-15.906938
-11.596036
-15.017172
-17.873499
-15.768831
-14.431369
-18.546570
-16.577553
-16.850243
-12.784836
-13.990215
-19.874228
-18.029955
-18.094629
-14.385468
-15.644114
-21.181768
-15.811139
-15.308705
-17.877430
-12.852591
-13.461011
-15.762375
-17.952778
-15.134825
-16.092587
-20.142059
-16.469851
-23.668816
-16.639503
-11.705497
-11.810361
-18.009434
-15.791141
-20.663090
-14.085111
-18.687092
-18.854139
-11.834696
-20.220324
-15.306101
-21.803495
-11.551162
-18.993580
-18.348818
-13.718815
-12.593293
-12.788658
-14.429432
-16.314325
-14.523901
-15.301624
-18.830175
-17.296276
-20.511026
-18.188213
-12.953628
-17.718946
-13.744392
-18.655483
-17.058090
-19.561754
-14.771702
-13.995408
-16.490078
-11.842386
-16.131569
-15.371811
-18.972654
-19.587538
-17.433273
-19.479609
-15.739395
-17.647358
-13.849153
-16.623373
-19.109283
-19.586321
-18.911804
-17.500540
-16.397266
-14.090220
-17.905979
-19.675415
-16.761183
-15.496733
-17.647076
-14.062508
-16.373613
-14.351688
-15.606179
-27.607759
-14.423473
-20.499447
-16.496870
-20.264357
-11.206649
-15.752266
-16.672400
-18.230827
-17.055204
-16.858730
-20.772680
-15.889251
-21.038137
-16.248203
-15.220483
-19.487921
-14.152736
-19.594893
-20.382149
-20.004951
-14.844666
-12.467273
-20.136339
-17.733051
-14.574092
-18.014683
-13.479667
-16.295744
-18.096601
-15.167573
-19.179333
-17.919765
-17.388899
-13.926527
-14.896782
-21.687422
-17.280725
-17.792721
-18.763992
-18.757256
-16.685144
-22.997099
-15.535809
-13.579414
-20.806383
-14.230774
-14.618960
-16.450304
-16.280613
-15.712245
-13.899068
-19.894022
-19.179388
-16.700638
-17.213631
-16.399050
-16.879496
-15.630716
-16.686426
-15.427517
-16.490635
-19.379194
-17.968729
-17.008091
-18.267710
-15.653574
-12.108760
-14.264855
-16.036469
-14.395444
-17.656878
-16.145624
-14.174469
-19.457077
-14.946995
-14.895493
-16.539423
-13.588299
-18.197348
-15.253558
-15.916639
-18.665699
-17.451145
-20.140404
-16.164600
-17.106541
-12.565998
-11.629038
-13.670109
-16.611982
-15.552206
-17.948393
-15.771667
-18.594326
-14.765318
-14.789845
-14.933251
-21.629017
-18.189243
-19.599682
-17.985018
-20.258884
-17.241631
-15.749574
-18.675230
-17.177429
-19.937134
-19.602404
-18.703188
-17.876513
-15.733932
-14.237222
-16.586845
-18.862715
-17.426085
-15.441067
-19.906277
-16.209969
-14.861514
-18.433212
-16.277138
-14.880063
-14.086377
-13.008404
-18.045515
-12.968655
-17.106396
-17.071444
-18.778814
-17.866123
-19.805403
-16.416248
-17.481924
-14.267472
-17.616251
-16.817364
-16.279892
-12.771395
-17.501415
-15.804577
-17.258699
-15.102564
-20.478086
-12.226450
-17.513233
-15.540636
-19.144577
-19.551807
-16.830854
-13.830700
-13.690336
-19.426367
-18.763325
-18.057913
-17.116716
-18.139235
-14.258037
-19.540302
-16.764746
-17.403143
-11.183650
-11.417534
-13.605071
-16.152990
-16.693298
-18.133320
-14.559359
-21.342905
-16.587040
-16.278114
-13.417082
-13.046972
-16.941578
-15.366029
-13.997876
-10.081667
-18.482853
-13.645958
-16.064346
-16.174942
-14.684335
-15.525568
-13.692482
-11.590957
-16.404171
-17.824448
-16.511049
-17.088545
-16.903503
-11.519973
-16.942682
-15.957234
-12.415605
-16.172750
-15.071499
-15.506011
-13.919023
-15.302008
-15.141066
-12.182379
-15.519545
-17.464319
-15.437919
-14.528548
-47.917255
-14.880926
-19.219175
-13.011026
-20.415747
-17.075081
-12.603316
-22.388309
-16.565304
-15.494898
-13.819338
-16.559565
-18.377167
-26.606670
-21.529331
-16.414488
-15.395700
-16.574389
-13.995755
-19.420261
-16.052149
-19.009615
-16.750032
-15.965847
-15.885170
-16.636509
-10.543973
-17.852863
-18.467350
-20.741428
-18.112305
-12.719635
-22.723722
-14.721011
-18.940256
-19.278131
-12.719177
-18.047258
-15.410606
-15.717457
-17.849125
-18.506531
-15.079472
-17.883856
-16.012714
-14.475968
-14.505645
-17.683796
-15.979734
-14.985035
-16.582909
-16.830423
-13.386799
-13.912115
-18.170755
-17.004055
-19.777437
-16.151360
-13.153736
-17.294538
-16.269909
-17.060364
-13.465941
-15.263592
-20.937122
-17.638628
-17.973780
-15.626717
-22.218544
-15.269534
-19.403580
-12.791630
-18.676094
-12.628997
-17.139679
-15.144872
-19.378052
-20.812933
-18.433403
-16.772837
-13.521902
-17.222151
-15.076219
-18.550888
-15.667437
-19.097048
-19.453676
-14.377752
-15.381572
-18.552328
-16.610023
-16.194786
-16.928080
-15.964972
-15.494103
-16.936815
-19.114372
-15.377669
-19.696169
-16.008068
-14.287610
-15.925027
-18.577005
-13.437303
-19.309366
-21.035606
-17.170448
-15.386976
-13.964250
-15.420157
-16.157547
-16.086769
-16.588264
-23.451450
-16.897762
-16.754173
-14.102563
-15.435889
-17.107426
-19.133928
-19.227139
-16.554581
-14.127478
-15.182582
-17.565533
-11.298170
-13.608881
-16.648113
-13.832340
-14.104599
-17.370308
-16.941717
-15.791891
-17.079241
-19.184908
-18.216629
-17.147989
-12.552022
-14.780346
-19.054832
-18.396505
-19.316813
-18.766457
-20.363800
-15.020786
-14.611655
-13.987854
-14.349533
-18.807598
-18.528425
-14.446125
-14.592858
-20.977512
-14.144315
-16.152927
-16.668201
-18.643156
-14.275773
-17.517166
-12.083350
-17.768885
-17.460371
-19.124405
-19.747179
-16.711884
-14.289963
-17.384396
-16.086046
-13.441079
-13.725131
-16.780945
-15.703850
-20.244370
-16.681776
-18.213083
-13.621363
-18.295153
-15.068673
-15.221781
-14.935223
-15.726148
-16.651712
-20.264912
-17.088345
-29.952164
-14.942284
-17.273001
-17.861128
-17.250259
-14.481218
-17.219540
-15.021113
-14.823892
-19.804750
-17.878466
-13.975157
-16.266279
-11.501847
-17.470558
-18.568373
-18.480551
-16.497150
-17.503620
-14.346437
-13.479536
-15.605081
-13.572983
-20.345251
-10.306675
-20.831015
-12.963554
-15.906745
-14.882542
-16.924858
-18.309195
-16.787279
-16.917406
-19.855499
-52.373569
-15.422548
-16.359112
-21.934982
-16.139267
-15.127526
-19.100288
-17.407545
-17.349115
-15.513711
-22.755913
-17.523045
-13.263363
-12.349375
-14.983178
-18.295994
-16.408323
-16.455172
-13.965793
-15.408064
-17.906055
-15.235454
-20.016787
-13.324121
-15.205534
-15.950528
-15.077364
-18.145504
-15.069153
-14.656100
-16.458401
-21.249140
-19.702057
-14.669533
-17.891890
-17.406555
-15.113811
-15.368660
-15.999964
-14.850858
-21.300650
-13.796884
-19.044640
-17.553955
-15.355903
-14.887055
-18.722990
-16.287718
-16.558521
-17.952038
-18.119421
-15.691859
-18.169336
-18.731804
-15.438461
-20.651463
-13.650899
-15.491670
-18.701162
-15.650622
-15.952321
-15.032284
-16.896214
-17.746103
-18.624367
-11.597735
-19.600126
-16.721252
-19.372353
-16.565260
-16.704599
-22.290585
-15.009131
-18.175890
-19.172819
-18.182655
-16.460751
-17.432718
-17.455637
-18.832869
-18.412436
-17.529793
-14.806531
-15.031605
-17.641344
-14.881837
-14.626733
-16.074303
-14.625278
-16.525036
-12.879232
-19.203463
-14.820676
-16.788227
-13.429087
-17.494909
-21.543936
-17.546585
-15.717420
-17.430136
-15.127258
-15.623098
-19.409853
-18.065472
-20.423248
-15.736252
-16.168613
-13.485794
-15.731108
-20.687418
-16.582844
-19.602392
-17.065498
-16.358080
-17.963058
-15.306652
-13.807158
-17.680023
-19.908836
-16.310944
-19.489178
-16.857182
-14.391160
-20.807240
-13.892940
-16.721573
-14.960044
-13.453723
-14.816683
-10.718488
-11.805407
-21.281279
-14.082191
-15.263390
-19.987419
-16.605143
-18.463989
-11.324575
-15.089479
-18.285271
-13.738836
-14.805817
-17.745562
-17.726545
-15.868317
-13.689299
-22.336969
-11.664310
-17.121557
-16.467279
-17.071766
-15.781345
-17.159883
-19.396564
-13.100541
-15.745026
-17.053524
-21.527859
-16.929424
-16.194016
-18.550398
-19.519861
-17.491333
-12.209471
-14.025888
-17.892361
-16.367237
-19.305672
-16.318586
-17.257986
-13.645809
-12.439491
-18.206423
-16.863491
-14.756828
-16.852856
-15.175400
-19.558372
-15.608746
-18.356434
-15.196536
-16.089729
-19.939381
-12.925409
-21.130650
-15.883332
-16.437815
-13.349603
-17.098789
-18.289972
-11.675557
-17.367418
-16.559114
-18.407194
-16.324251
-15.326264
-17.519714
-16.752481
-19.361479
-18.847588
-15.926994
-18.903084
-13.700788
-16.914696
-13.429200
-19.021433
-12.267706
-19.803831
-18.404337
-19.556644
-13.849391
-20.848143
-18.805304
-17.808863
-12.007626
-9.459201
-12.666785
-16.872086
-14.627281
-15.111022
-14.912584
-17.798428
-17.473322
-17.680941
-24.789663
-16.366346
-16.775486
-13.995176
-18.549339
-18.489683
-18.960777
-13.695041
-17.209215
-13.380539
-18.594637
-14.704171
-14.569565
-48.259380
-16.270983
-16.942429
-19.744415
-18.363810
-19.174183
-14.076079
-18.517262
-17.926628
-18.098251
-18.625641
-22.527676
-16.576782
-20.025106
-18.577942
-17.236315
-16.688919
-16.297319
-18.445465
-13.481316
-20.095282
-21.297493
-18.531837
-14.335242
-31.377369
-12.209084
-16.641836
-13.893718
-16.727633
-17.123661
-17.668436
-18.678223
-17.282898
-9.895701
-17.614246
-14.414104
-17.169741
-13.014605
-15.625496
-13.389641
-18.543861
-14.340893
-15.604060
-15.356462
-18.011864
-17.766712
-10.599214
-12.769156
-13.533515
-16.912817
-21.112215
-14.836008
-11.822849
-14.274321
-14.432405
-18.989975
-17.407379
-15.814947
-15.037249
-15.465321
-19.320164
-14.406745
-17.320995
-14.797471
-15.661038
-15.121288
-14.170115
-16.395365
-14.727290
-17.734470
-17.861113
-12.978365
-14.603121
-14.099701
-15.241991
-17.791679
-18.029766
-12.555289
-14.348957
-10.813834
-17.166765
-14.448233
-19.186222
-17.238359
-16.192764
-17.343315
-19.920292
-14.655239
-18.304291
-17.139030
-16.151735
-13.817075
-14.380394
-13.456352
-13.358294
-19.567869
-18.634285
-15.060271
-13.993077
-17.191872
-12.521847
-20.349604
-13.070115
-13.778759
-14.646567
-18.308590
-18.593292
-12.782815
-18.510935
-15.299819
-15.142497
-20.002970
-13.009371
-20.861000
-16.808764
-10.163351
-15.463122
-17.717762
-14.767862
-18.835798
-16.353521
-15.728951
-18.389284
-21.313152
-17.543835
-14.508852
-14.614662
-17.730854
-15.781421
-17.490545
-15.072125
-13.217325
-17.425741
-13.946930
-13.236696
-14.904364
-15.638844
-21.540920
-15.385625
-16.413004
-16.732365
-14.939484
-18.491573
-14.245643
-16.949104
-8.861310
-17.665449
-16.052397
-16.389011
-16.735428
-14.403875
-14.703628
-10.325947
-13.970746
-14.162720
-18.990812
-21.674927
-12.439321
-11.391181
-16.362740
-14.459392
-19.866344
-19.218008
-13.591364
-14.701603
-16.044041
-16.399925
-14.866961
-15.852862
-17.491642
-19.424568
-14.700610
-14.048288
-15.308789
-13.344875
-17.495068
-13.370277
-13.819648
-17.818611
-18.580132
-13.954074
-19.204556
-13.471047
-17.454184
-12.788627
-18.133478
-17.461798
-14.913385
-13.794487
-12.671765
-17.766964
-17.293970
-17.623194
-19.843042
-19.952749
-15.628749
-15.223085
-16.767223
-18.311569
-18.011063
-11.113647
-17.774601
-15.655635
-16.493639
-20.438717
-15.889717
-18.520239
-18.519283
-19.584301
-16.836287
-19.893112
-19.710283
-21.207790
-16.937214
-16.358332
-16.417646
-15.082682
-16.270931
-17.436609
-18.390617
-16.419682
-13.965461
-14.680388
-16.232994
-18.042070
-18.552610
-16.146835
-16.542040
-15.454988
-33.420555
-16.960535
-15.479387
-12.924366
-19.431648
-12.583186
-14.592234
-19.445412
-16.873032
-15.718330
-19.924114
-15.860355
-21.149563
-17.324558
-15.819417
-19.092413
-20.925457
-19.255236
-18.994730
-24.650532
-16.070900
-11.289565
-15.028332
-15.797204
-17.749378
-19.068253
-17.783440
-13.997472
-18.941219
-18.951696
-17.969015
-12.841497
-16.152323
-15.940057
-14.687635
-16.552071
-15.074209
-16.126736
-18.079407
-10.402573
-13.698502
-14.154827
-17.442955
-15.544619
-27.220510
-14.381229
-14.231257
-21.744192
-14.883265
-14.761572
-16.937584
-15.613479
-20.593319
-14.408540
-17.581633
-15.875400
-17.346937
-16.572582
-14.571583
-16.456165
-16.570560
-17.771412
-16.915691
-18.664125
-19.343777
-16.979288
-17.549089
-15.766056
-15.863347
-12.064404
-17.491091
-20.293655
-18.297430
-14.890531
-17.316296
-16.000259
-14.057047
-17.609676
-20.131769
-17.805763
-16.305712
-17.236994
-19.487228
-12.605861
-18.560184
-17.557547
-15.674762
-20.257519
-16.240551
-17.612309
-15.356277
-14.954271
-13.793976
-14.591309
-20.552057
-18.963261
-15.272987
-17.737230
-16.534901
-13.502333
-19.843727
-20.634270
-19.324106
-19.938774
-16.605368
-17.199982
-16.352743
-15.351871
-15.644518
-15.853155
-14.271373
-19.616474
-14.972567
-23.961058
-14.258161
-15.163507
-16.681082
-24.477003
-14.384145
-17.682236
-16.545147
-19.948452
-16.826494
-19.215038
-17.880947
-9.272578
-22.004433
-15.562940
-16.987720
-18.773409
-17.884476
-18.796453
-18.325306
-16.132545
-17.512047
-12.505301
-19.641043
-21.172550
-25.227621
-15.009087
-18.254591
-18.552170
-13.166447
-16.531334
-12.967659
-13.919074
-15.734403
-21.003708
-10.233512
-13.939341
-14.553939
-17.062510
-15.718037
-12.836272
-13.695642
-16.798079
-19.529762
-14.887902
-19.053450
-15.637876
-17.485886
-16.644905
-18.940945
-17.400602
-14.852993
-14.037453
-18.570358
-15.574929
-20.938446
-15.572042
-18.138338
-18.971579
-17.480953
-16.147932
-18.299690
-18.316345
-19.637861
-15.929726
-16.720947
-14.073788
-17.293951
-20.394943
-18.602461
-17.091768
-10.982847
-17.208925
-15.815592
-16.949522
-24.017338
-21.403219
-13.356938
-15.132446
-16.353195
-16.252609
-21.876457
-18.040483
-19.763258
-19.274517
-16.128550
-17.050367
-13.531754
-18.369663
-19.626438
-15.060584
-15.990419
-15.049045
-21.115559
-16.534307
-19.748463
-16.365826
-15.449634
-16.943783
-19.079910
-13.779822
-19.134708
-17.546085
-20.766905
-16.949739
-18.495176
-19.360229
-18.693731
-17.565681
-19.264563
-16.885025
-14.778630
-17.264008
-14.265479
-16.994270
-22.039354
-15.822083
-18.914698
-18.187784
-18.936977
-14.578674
-15.601246
-16.902557
-16.549377
-17.874722
-15.531799
-17.221693
-16.190292
-15.434093
-10.868402
-13.737808
-17.078787
-13.840326
-13.087812
-15.370591
-18.797487
-14.383242
-14.230611
-19.423843
-18.867208
-14.666925
-19.495705
-12.926250
-13.216785
-16.338730
-18.170303
-19.845982
-15.999502
-18.143673
-14.740637
-19.979889
-10.161396
-17.760941
-18.090542
-17.985067
-18.756519
-18.643381
-14.845994
-12.140779
-20.131613
-20.549995
-14.670906
-17.649225
-22.984022
-14.380440
-14.765837
-16.826797
-17.554907
-19.883493
-16.925646
-17.810074
-16.063997
-14.688930
-17.481731
-18.853172
-16.924269
-15.859841
-16.289858
-18.585913
-18.107056
-15.057928
-14.267178
-18.341747
-13.195419
-22.283991
-20.005575
-22.899158
-17.975460
-17.955997
-16.843525
-19.625019
-17.723890
-16.451488
-14.361525
-18.738197
-12.466469
-15.877392
-9.735245
-20.054642
-18.517374
-19.754126
-18.876223
-16.771732
-13.057332
-22.288212
-19.099567
-14.716399
-20.534973
-18.232182
-16.481144
-14.819100
-16.363951
-16.563774
-23.803591
-20.995295
-18.719091
-22.010473
-20.330408
-17.511217
-14.087482
-19.626617
-18.769079
-15.766832
-15.008904
-17.133945
-20.568468
-16.745766
-14.949821
-17.398510
-17.197199
-17.686113
-15.600953
-13.716333
-16.796131
-18.425161
-18.859386
-16.733540
-16.154430
-11.227115
-13.943251
-18.758272
-17.476505
-17.568668
-11.947273
-17.127480
-12.667539
-14.591211
-16.907637
-19.929085
-16.644032
-18.476934
-14.248568
-13.746422
-12.949496
-19.876505
-19.394871
-17.816391
-16.351280
-21.888754
-17.498022
-16.568077
-14.787193
-17.884018
-15.446505
-12.924975
-19.526079
-13.903073
-20.309532
-19.286873
-15.492845
-17.327948
-21.346352
-21.867558
-18.696720
-15.738106
-17.110973
-18.210720
-15.731736
-17.643917
-15.177643
-16.832483
-14.696671
-19.861330
-18.353271
-18.613600
-17.100887
-16.063547
-17.408932
-18.923531
-18.022533
-14.101737
-18.770880
-16.778761
-16.650824
-18.666245
-10.644408
-16.742512
-17.304707
-15.390769
-13.526410
-18.232018
-19.113556
-13.777088
-18.843687
-13.153732
-20.445599
-16.260448
-23.295101
-14.675995
-17.443130
-15.624129
-16.437296
-18.014059
-17.173965
-17.368053
-58.121342
-14.928231
-13.699270
-19.199783
-14.240744
-17.772972
-20.534145
-15.987171
-16.332842
-13.549397
-16.552040
-17.473101
-20.389427
-16.797874
-16.692656
-15.695461
-15.167552
-20.678825
-16.397150
-13.264023
-14.359772
-19.783445
-14.362710
-15.133343
-12.641786
-18.411768
-19.928446
-14.010526
-17.358248
-16.643011
-20.871284
-11.545082
-19.979380
-16.175323
-17.903933
-13.691877
-19.289631
-20.939156
-13.347986
-25.729013
-19.107193
-17.078037
-20.430637
-19.667044
-13.954359
-19.243786
-19.069538
-14.933250
-19.866928
-21.710049
-18.988279
-16.923628
-18.280239
-17.828381
-18.050888
-25.469988
-16.634102
-13.257914
-19.704588
-16.619793
-12.276235
-13.468358
-16.998705
-16.144411
-11.816541
-11.639445
-21.195047
-16.889557
-16.826483
-16.100603
-18.051922
-20.196997
-14.377954
-14.612921
-19.299957
-14.604158
-21.777714
-16.069195
-20.797493
-22.342567
-11.069014
-17.705734
-20.023106
-17.339184
-17.625561
-17.981567
-19.557705
-11.848600
-12.225131
-19.912104
-18.687674
-14.152842
-17.789806
-18.482389
-18.510323
-17.333271
-19.448956
-16.058279
-15.788279
-16.135021
-18.171061
-18.310072
-19.548151
-14.453104
-11.338469
-16.797903
-19.212868
-15.002975
-15.469025
-16.992317
-19.714861
-25.457729
-22.160580
-22.431648
-19.676804
-18.228590
-19.112606
-15.716619
-14.674173
-15.802151
-17.572437
-17.788395
-12.355508
-16.483784
-17.071396
-32.354454
-16.427948
-22.167414
-15.428459
-18.934906
-12.364315
-19.737322
-16.511147
-18.201067
-12.805744
-12.019188
-20.959917
-24.834589
-13.136619
-15.225930
-16.249325
-16.522474
-14.676286
-17.118736
-15.288795
-16.064425
-19.215755
-20.388020
-15.750589
-15.832159
-15.505989
-17.040964
-17.810768
-18.568546
-16.696363
-15.599777
-18.254925
-18.705273
-13.332232
-17.227728
-14.463567
-14.573923
-16.418154
-19.189318
-23.295732
-13.244743
-17.911564
-18.415831
-21.329311
-16.093811
-19.681032
-17.144983
-19.689796
-20.296108
-19.179316
-17.499670
-15.241357
-10.074607
-15.774059
-19.011497
-18.725761
-18.376213
-15.140750
-12.356409
-17.170763
-15.664154
-16.973608
-15.566599
-16.560638
-18.253761
-15.007013
-15.899760
-18.281345
-15.682434
-18.157753
-18.431038
-19.521463
-16.159420
-15.220222
-14.384185
-15.368136
-19.686798
-14.497866
-16.123161
-14.859352
-16.885353
-20.126650
-15.944304
-20.070005
-17.418171
-24.072462
-19.360891
-13.004928
-21.746811
-14.841601
-15.444223
-17.885012
-17.496185
-12.976397
-13.837198
-15.052782
-16.191126
-16.203133
-17.949688
-15.847350
-16.479141
-16.979044
-17.127514
-18.392302
-20.741323
-19.117390
-14.497331
-13.669810
-16.315586
-17.908632
-17.245602
-20.126841
-17.118942
-16.244139
-20.501074
-17.909882
-20.352781
-17.607601
-20.057175
-18.033733
-16.230848
-13.214087
-19.173389
-17.459526
-12.622803
-19.704428
-20.575335
-17.083204
-16.105957
-16.560827
-19.494986
-20.764364
-15.925424
-21.986368
-12.790137
-14.780791
-16.984097
-14.147048
-16.695555
-19.243645
-16.071207
-20.026203
-19.207169
-15.212427
-15.475843
-14.776760
-14.781992
-15.011449
-17.254290
-16.318428
-13.598892
-15.806773
-17.765827
-15.797594
-19.991400
-15.478099
-13.491993
-17.331844
-15.922235
-20.296951
-18.559875
-22.115015
-18.670578
-15.096725
-16.155399
-16.744404
-17.324480
-11.128350
-17.025185
-20.101322
-19.841867
-13.039544
-21.058336
-19.063292
-14.656712
-15.815695
-15.715307
-11.768259
-18.815720
-13.453167
-18.673149
-16.056717
-14.459971
-17.347984
-14.655586
-13.244583
-18.799801
-14.466187
-19.553064
-12.571714
-11.829803
-16.527916
-17.106085
-17.612335
-16.538097
-16.943607
-18.707361
-18.620464
-18.694613
-15.556597
-18.624882
-19.323166
-15.875957
-15.079768
-12.251672
-17.042780
-13.930289
-14.831676
-13.721690
-15.796619
-20.063675
-17.853924
-15.675642
-17.142143
-16.022692
-21.067577
-18.795994
-12.891626
-19.495493
-17.032063
-17.056911
-19.042627
-16.539919
-11.682007
-16.876919
-14.380134
-13.634024
-17.757135
-17.341549
-15.814489
-15.814760
-21.638432
-17.687799
-19.125647
-18.994493
-20.000116
-15.032138
-11.283076
-13.732360
-18.205891
-16.911957
-13.602076
-13.366583
-19.107439
-19.138586
-17.058071
-16.875521
-15.489640
-21.015291
-18.251114
-22.719553
-17.007696
-22.966469
-17.564470
-13.420960
-11.162631
-19.525513
-16.664789
-17.351303
-20.372627
-17.159290
-17.910715
-18.050819
-18.058796
-18.926128
-17.041428
-15.933693
-18.486118
-16.769613
-21.843838
-14.696263
-18.004654
-13.198975
-13.799026
-13.673040
-13.646925
-16.909286
-14.670701
-20.455759
-20.035576
-16.878559
-15.936611
-11.176034
-18.358685
-15.055393
-16.940735
-15.741667
-13.962606
-17.298622
-14.379071
-19.084301
-18.032827
-19.922462
-15.044833
-18.086550
-16.508369
-15.676704
-19.647991
-15.623067
-21.107571
-15.658622
-15.090837
-20.419081
-18.134115
-19.596609
-20.931730
-16.942112
-15.731804
-15.416040
-16.292877
-16.632111
-19.413864
-16.973083
-19.723095
-11.072316
-14.704453
-11.814066
-17.568813
-15.797525
-14.981324
-15.118405
-16.815725
-18.024368
-11.218092
-16.289940
-16.245661
-14.384536
-20.062099
-17.931978
-17.598572
-18.490458
-20.153496
-16.080421
-16.311184
-20.253523
-21.375767
-16.445702
-14.426872
-12.830800
-20.731329
-15.326067
-17.185099
-16.978815
-15.698115
-16.368801
-20.129927
-18.217173
-19.245701
-17.586163
-19.124153
-16.653137
-15.514216
-15.229624
-16.214294
-17.582047
-22.883789
-15.711268
-16.536720
-21.412760
-12.571350
-15.397696
-19.060305
-20.884733
-18.511375
-19.112616
-15.518117
-17.202961
-13.156112
-15.053467
-17.002533
-15.093925
-22.097029
-15.587242
-19.209694
-15.775228
-16.180428
-17.618069
-21.532459
-18.933353
-19.836693
-14.206410
-18.454361
-16.648905
-16.195570
-13.198061
-13.930399
-21.391649
-15.833772
-13.822924
-20.830460
-14.249602
-16.703342
-20.991007
-18.787584
-17.359852
-17.685825
-13.231477
-20.280352
-14.303942
-16.387678
-15.168840
-19.779694
-16.543209
-34.118355
-14.185184
-17.415127
-15.009578
-17.251871
-14.249764
-19.596024
-16.235954
-18.945948
-18.480455
-16.427011
-14.112415
-17.241938
-19.481472
-13.905727
-17.740412
-17.146837
-20.101608
-20.384584
-17.188129
-12.720368
-10.642110
-15.540871
-18.440779
-16.886852
-16.315666
-16.004795
-19.505091
-13.085369
-20.179073
-14.657629
-13.980186
-20.696688
-19.642078
-18.044708
-16.021374
-17.061857
-14.469587
-15.126673
-18.972450
-20.045221
-14.403756
-15.844430
-14.697622
-16.704159
-17.825581
-16.781736
-15.955555
-12.711300
-16.591660
-18.079865
-18.999691
-16.732756
-15.505081
-17.587442
-19.269094
-16.012032
-16.525520
-12.665554
-14.366501
-17.427309
-17.375067
-15.432402
-18.817230
-15.040092
-17.287155
-17.805679
-16.817625
-19.253107
-17.207766
-14.067576
-15.043486
-16.815638
-16.377121
-18.071508
-18.417711
-17.875711
-19.951939
-15.717836
-16.822769
-14.584858
-15.260463
-19.322905
-22.059393
-18.189915
-19.495222
-19.986179
-18.447468
-15.821673
-13.531950
-12.668314
-15.336902
-23.207066
-18.486652
-16.540281
-12.398873
-20.217817
-15.381588
-16.798450
-18.062332
-16.666971
-13.359575
-18.266806
-18.040239
-19.830664
-14.655491
-14.379539
-13.900303
-17.109047
-18.766773
-15.389499
-15.994623
-13.916695
-16.771290
-15.774366
-19.562473
-15.648367
-14.343890
-14.609791
-14.402196
-18.882446
-16.002007
-16.474859
-17.821873
-12.866388
-18.791691
-12.731318
-12.689343
-15.647118
-17.367863
-19.783276
-16.205280
-20.619474
-14.631927
-17.959776
-17.487988
-13.485126
-12.022611
-23.188234
-21.260788
-18.837700
-14.668765
-15.420568
-15.684260
-15.835081
-12.540788
-14.704716
-14.912189
-11.716537
-18.729660
-21.556915
-17.974955
-16.482477
-18.631990
-15.731165
-15.467819
-18.821058
-15.317792
-15.369412
-15.182646
-14.606180
-23.356030
-17.828808
-20.794626
-17.099979
-18.483942
-17.822210
-15.081375
-20.289129
-17.234285
-13.012649
-16.847748
-11.426596
-17.244043
-14.487196
-14.725326
-20.798983
-43.085861
-18.123171
-16.148520
-18.974211
-18.329195
-17.186918
-19.319115
-17.238092
-14.388287
-13.551764
-17.077936
-18.257006
-19.136017
-10.525887
-13.590618
-14.966743
-21.482399
-12.729193
-17.065973
-17.992151
-13.878597
-12.864756
-16.360432
-21.403427
-19.003309
-14.006962
-19.036779
-18.783524
-16.549919
-21.831079
-16.368849
-18.346848
-16.160149
-18.118662
-16.780081
-16.123987
-18.325148
-13.262086
-20.658140
-16.714506
-19.078852
-16.459888
-16.130913
-17.118164
-15.671415
-19.001398
-16.573944
-14.810137
-17.784924
-17.796474
-19.355675
-13.453665
-16.219753
-19.627781
-14.540546
-17.393349
-12.864128
-13.819324
-18.379566
-24.265121
-20.620193
-16.966751
-17.371309
-17.431322
-20.384478
-18.933680
-20.697857
-16.194756
-13.887530
-14.963291
-19.606604
-19.634609
-20.626272
-13.444771
-17.328926
-12.429623
-16.652365
-19.124140
-17.209732
-14.533840
-16.083437
-13.341015
-15.204318
-17.840748
-17.227139
-23.545950
-18.791536
-19.462778
-18.293739
-15.973491
-19.084248
-15.884002
-17.951904
-15.955793
-14.890319
-12.292900
-18.265762
-17.181087
-16.103598
-13.922303
-15.396755
-15.526926
-19.031204
-48.147858
-25.057045
-17.223898
-18.623730
-16.177765
-16.397724
-18.940735
-43.319054
-20.230368
-17.507959
-19.839565
-17.913048
-17.888592
-14.545696
-16.314575
-11.901534
-14.574175
-13.289237
-9.590288
-17.383797
-12.233809
-15.886435
-13.224492
-18.875645
-13.905197
-18.076538
-18.058235
-19.412659
-10.777186
-16.652905
-14.015763
-16.869110
-19.307114
-18.339344
-22.412306
-17.132639
-15.417241
-15.835854
-15.162215
-16.618420
-13.527511
-16.049564
-18.320843
-20.317236
-18.642090
-21.723577
-17.318832
-11.866172
-16.803970
-14.481017
-18.471359
-11.482698
-16.310143
-17.929203
-18.400433
-20.273111
-13.278584
-19.332085
-17.489719
-18.434071
-12.921804
-14.653130
-14.574691
-18.335783
-19.564539
-16.865118
-15.182254
-21.290379
-14.643840
-18.053293
-15.623392
-15.523130
-19.087091
-19.360525
-11.550203
-19.267450
-16.567726
-19.056440
-18.263241
-17.750465
-14.018805
-16.680679
-16.161064
-19.786282
-17.365307
-19.567114
-20.383148
-17.512671
-15.593824
-16.041300
-15.281100
-16.763182
-14.666098
-17.519100
-20.476627
-19.553507
-23.035589
-16.374302
-17.388384
-14.939663
-18.311255
-14.136863
-18.404436
-13.343635
-16.451773
-17.466496
-18.067772
-16.273726
-15.103710
-17.708391
-15.911787
-18.181482
-19.077152
-19.447363
-15.017771
-14.729989
-15.704056
-16.396849
-21.809988
-16.938946
-17.744007
-18.301752
-17.640020
-15.793589
-19.630367
-14.432433
-17.219669
-17.252766
-15.999854
-18.346779
-18.031322
-19.463654
-19.539217
-13.104569
-16.221630
-14.782080
-21.740829
-18.156078
-14.179019
-19.277227
-18.250616
-17.737381
-15.718586
-19.420589
-16.218523
-19.760715
-18.414026
-18.022135
-19.580162
-16.533569
-15.179668
-15.966182
-14.801823
-12.552345
-14.760087
-14.817053
-18.162142
-19.223284
-19.649359
-16.607660
-15.328411
-18.194223
-12.429790
-11.584194
-15.317346
-16.309389
-19.822344
-13.698956
-14.245237
-20.826462
-16.372265
-13.673738
-25.299307
-17.287573
-14.464550
-19.163567
-16.749340
-17.900484
-13.610271
-22.261425
-17.010126
-17.273586
-17.150070
-16.224148
-15.970491
-16.903139
-14.969706
-14.886946
-15.180643
-18.155413
-14.250925
-17.944893
-18.738420
-14.854678
-15.269862
-20.114767
-20.697004
-20.356432
-20.816069
-18.295158
-14.876650
-14.859179
-16.209198
-17.293167
-16.613516
-17.866636
-17.027828
-19.000954
-15.502625
-15.595424
-19.339806
-16.410416
-14.232974
-17.726841
-20.147629
-14.716751
-18.042820
-17.645441
-15.306952
-14.832081
-16.058414
-15.417469
-17.793892
-21.659256
-19.321377
-13.634141
-15.741430
-15.730284
-13.231694
-10.985065
-19.576418
-14.403532
-19.506737
-18.781025
-17.015213
-16.454826
-16.375645
-16.114382
-20.634171
-15.252968
-17.562637
-13.614923
-18.530499
-18.259636
-18.519903
-22.678858
-18.791239
-19.990778
-16.909742
-17.434479
-16.780169
-17.703531
-19.597698
-21.135172
-18.898346
-19.358381
-17.300159
-12.706660
-17.314224
-15.190584
-17.822838
-18.867886
-12.722317
-27.498571
-19.672470
-19.886009
-15.232458
-18.974945
-18.480135
-16.373688
-18.938221
-16.515539
-16.889704
-20.567753
-21.103748
-16.935896
-21.300678
-18.298948
-18.655743
-20.609783
-17.931681
-18.967653
-19.052847
-12.234811
-13.223278
-18.707605
-9.712681
-17.065390
-20.080801
-16.344816
-17.115240
-16.987780
-15.838972
-13.388564
-13.646564
-19.327635
-19.546398
-15.079494
-16.729027
-16.953320
-12.570404
-19.896029
-15.365409
-19.892614
-14.124104
-17.824066
-19.329857
-15.148304
-12.907512
-14.309555
-18.535189
-17.899595
-15.542796
-14.488525
-17.391064
-23.910179
-19.927998
-21.060656
-16.855961
-20.865908
-14.170056
-18.028963
-14.655464
-18.697239
-20.337255
-14.757010
-18.718403
-18.498692
-20.770761
-12.966230
-18.642017
-19.072010
-17.346373
-19.920067
-23.026304
-13.014584
-17.566895
-15.056847
-16.291365
-21.151447
-15.026003
-15.118329
-13.816957
-15.242735
-16.769629
-15.458405
-20.281116
-20.137341
-17.346073
-17.697615
-16.357080
-19.016006
-14.551601
-19.722359
-19.149471
-16.167688
-16.948870
-21.557625
-18.102444
-17.087431
-14.633552
-15.686868
-18.768171
-16.181301
-17.288910
-12.835850
-12.163279
-17.299967
-19.886486
-14.928135
-15.548779
-16.784266
-18.330696
-16.916235
-16.334478
-12.875663
-15.893885
-13.710160
-20.494228
-28.490725
-17.708426
-18.660444
-15.336832
-17.718008
-12.480607
-13.707208
-19.095348
-15.945580
-18.579176
-15.694688
-16.259151
-13.997993
-17.977959
-15.212719
-20.989712
-16.286440
-16.531027
-16.078993
-16.530107
-16.125130
-18.125742
-11.553509
-20.429737
-20.355680
-14.551148
-21.746738
-18.798832
-16.440670
-17.655258
-16.423294
-19.747543
-21.968914
-21.603275
-13.709083
-13.958545
-17.531820
-19.737957
-15.978116
-19.274345
-14.664234
-17.176903
-16.405672
-18.502085
-12.861137
-14.678289
-17.368467
-19.052616
-14.285209
-14.715355
-19.146160
-11.897098
-18.748657
-16.575651
-14.342307
-20.650341
-18.897488
-17.060242
-18.263603
-20.177624
-18.753534
-16.676645
-26.728256
-15.259359
-22.224783
-16.243237
-18.699039
-19.136396
-12.613399
-18.821285
-19.949556
-16.777390
-15.075405
-17.717131
-14.508174
-17.834436
-14.782128
-21.502720
-17.706110
-15.456769
-11.603801
-15.134166
-15.536692
-15.858159
-18.204014
-17.836641
-17.026939
-17.348543
-18.377527
-26.890699
-15.090490
-19.743298
-18.321173
-13.327000
-16.439102
-20.221710
-14.417342
-18.376455
-21.969347
-19.858660
-20.993204
-19.111742
-16.397430
-17.855490
-16.327250
-20.163425
-13.377872
-20.954878
-14.270039
-17.499056
-18.839657
-14.451941
-14.786273
-15.890005
-18.054319
-16.996498
-15.847725
-22.467062
-15.367020
-17.002705
-14.002199
-18.249870
-13.008686
-17.388620
-13.095415
-17.992598
-9.380354
-14.644695
-17.558046
-13.938939
-16.341593
-58.939518
-22.827065
-18.241199
-13.914373
-20.292156
-15.511225
-20.042995
-17.226254
-17.734203
-18.782816
-15.841125
-19.038967
-15.870643
-16.705120
-18.142311
-16.007349
-17.401499
-17.798498
-17.387638
-18.423721
-18.424335
-17.670986
-17.717281
-19.053164
-16.311647
-15.109778
-16.647594
-17.860785
-15.354711
-19.625965
-11.882139
-16.361744
-19.053001
-20.714136
-15.549046
-20.768322
-10.759242
-18.349283
-23.971706
-20.072163
-19.178385
-21.237944
-18.428806
-16.890541
-18.854134
-15.304338
-17.418261
-17.236347
-19.679792
-15.660776
-18.996788
-14.710343
-16.473434
-16.407557
-15.407110
-18.503250
-21.575048
-14.547407
-18.512085
-17.373379
-13.971924
-15.776100
-16.249386
-16.465534
-18.695597
-14.573043
-23.344353
-15.109606
-16.347866
-15.097562
-18.437801
-19.121399
-16.632698
-15.835995
-11.229372
-16.041714
-19.001541
-18.673681
-12.244675
-21.940510
-20.852512
-16.343327
-14.912184
-20.634611
-21.491508
-19.465305
-13.476087
-18.183979
-13.924828
-14.452184
-14.700850
-15.895596
-17.423151
-12.638389
-15.802515
-22.427204
-16.405945
-15.160935
-15.750527
-23.585049
-17.334433
-19.064085
-18.306004
-18.488073
-16.405958
-18.682606
-13.823331
-17.175484
-17.150286
-20.890564
-15.697989
-15.028143
-14.834216
-14.705996
-16.166885
-13.269408
-22.067451
-19.279814
-15.691004
-14.973053
-16.523914
-14.576901
-19.310017
-15.173628
-20.080883
-13.396770
-18.216249
-19.140017
-17.486448
-17.975336
-13.764690
-20.225893
-16.181396
-13.532713
-20.734722
-18.778795
-16.971004
-15.047112
-19.552717
-17.236076
-19.043810
-15.708529
-15.799113
-15.628664
-15.590385
-13.426707
-14.405065
-18.459019
-18.105427
-18.147142
-12.779584
-18.443552
-19.653633
-16.426437
-13.050200
-13.256345
-16.667053
-18.432848
-18.950308
-16.257200
-19.091736
-14.170983
-16.696310
-18.858295
-17.770433
-16.544306
-16.099163
-15.640328
-18.733025
-18.768766
-19.534878
-12.557941
-12.909305
-19.541645
-16.756268
-15.812069
-15.876598
-15.301825
-16.267494
-13.260514
-14.962499
-15.999974
-17.291607
-17.230738
-11.164869
-15.619499
-15.289744
-18.089394
-17.125414
-19.874626
-18.843630
-18.041756
-13.577623
-19.216377
-15.083290
-19.027832
-14.609764
-14.917530
-13.734626
-22.146355
-13.148794
-16.679354
-15.328835
-17.104914
-18.187351
-15.504860
-17.475735
-18.811663
-20.670341
-18.918253
-21.854527
-19.343372
-13.517730
-18.681396
-20.827263
-16.172239
-14.984944
-15.902961
-22.998901
-14.092485
-16.369202
-16.519285
-16.091736
-15.952841
-17.530890
-16.048777
-21.378553
-18.277639
-16.222652
-14.924692
-20.773914
-19.732193
-16.447819
-18.738214
-19.425856
-16.629963
-16.514149
-18.474422
-15.003860
-17.438448
-22.113230
-22.112808
-13.197472
-20.838837
-13.658566
-17.465334
-20.586689
-15.193196
-15.438475
-18.450916
-13.889235
-16.522919
-18.629997
-15.303765
-15.344604
-19.152008
-14.501259
-17.817013
-15.135039
-18.158722
-13.202698
-15.619086
-20.531836
-18.343109
-17.437178
-19.475893
-16.901249
-13.653893
-18.063471
-18.793736
-17.487139
-14.954559
-15.260347
-17.968121
-15.337186
-22.119616
-21.449451
-17.921183
-16.455214
-12.131840
-15.539893
-17.949150
-18.932177
-18.833055
-17.037025
-20.583647
-11.799907
-17.907753
-16.600842
-16.988680
-14.489102
-16.413973
-21.669569
-17.241730
-22.819851
-19.194836
-16.784105
-14.042803
-14.346223
-18.364290
-35.844379
-16.838942
-16.501780
-19.083311
-16.754185
-20.319422
-16.274673
-17.290901
-15.447214
-17.789003
-15.124958
-16.911625
-14.263019
-19.976931
-14.960649
-14.803251
-19.432697
-19.458078
-22.369186
-14.855082
-15.796247
-15.869131
-13.931521
-11.657242
-18.600368
-20.292286
-18.937281
-13.532813
-18.148869
-20.759035
-16.261627
-10.436349
-16.232269
-17.646351
-13.866556
-16.436546
-16.593611
-14.515640
-19.362093
-21.977446
-18.151056
-14.217134
-17.165228
-19.358892
-17.491154
-15.253360
-18.269327
-16.242584
-18.632315
-15.800953
-15.114214
-12.713402
-12.438285
-15.927443
-19.169510
-13.752246
-16.352962
-16.199003
-12.810564
-17.156355
-19.987900
-17.562927
-15.564459
-15.084099
-18.301893
-15.350266
-16.671989
-18.153652
-18.510496
-15.177948
-18.383904
-15.550534
-17.438303
-18.216646
-24.444374
-19.436842
-21.706659
-22.245863
-15.213873
-19.498013
-13.971188
-22.303711
-19.960440
-19.616255
-16.042017
-18.794249
-20.221972
-16.392641
-21.840023
-15.382099
-18.805912
-14.565712
-14.512211
-17.978315
-18.336533
-13.342419
-20.278303
-17.310163
-14.643675
-16.535421
-15.482006
-18.333614
-17.079292
-17.829334
-21.619764
-21.422085
-19.117672
-20.861216
-17.927774
-17.954182
-19.242628
-17.846531
-14.750369
-17.318998
-21.908054
-15.965539
-17.311886
-11.097788
-17.855268
-18.079525
-20.390600
-21.402807
-16.141096
-15.881797
-13.730210
-18.445168
-14.587673
-17.563667
-17.372200
-17.251350
-22.261045
-13.618739
-18.103609
-16.968117
-18.537489
-20.481585
-18.247875
-18.568813
-17.665062
-14.822961
-22.390099
-15.624393
-22.659029
-14.836154
-14.750494
-22.003613
-14.441838
-18.740494
-15.240477
-19.730663
-17.014997
-16.951725
-19.081657
-22.142067
-23.175196
-18.710827
-40.965706
-16.132868
-12.283848
-18.854939
-13.092215
-16.500431
-17.088932
-20.097561
-17.409689
-16.509695
-16.906706
-16.363010
-17.195833
-17.722984
-13.713336
-18.351065
-18.390467
-20.467030
-18.593338
-19.363281
-17.639679
-15.464253
-20.579872
-18.102758
-16.526623
-20.894247
-15.809708
-15.000489
-19.385046
-21.559515
-17.589025
-13.437860
-11.748849
-16.126600
-16.477131
-21.104937
-12.120605
-17.335667
-14.482023
-13.932424
-16.244268
-13.339507
-13.765446
-19.379908
-20.155239
-16.736027
-14.078454
-18.012350
-21.676762
-19.295204
-19.370424
-16.264275
-15.037302
-15.639334
-16.734625
-17.170088
-15.520121
-12.728706
-15.046366
-14.727904
-18.427200
-16.100201
-13.892657
-15.376383
-14.777523
-22.144405
-15.046023
-18.849670
-14.409105
-15.213701
-18.353653
-18.565626
-16.206896
-13.888652
-18.918207
-15.936663
-19.517721
-21.021654
-19.507221
-15.667776
-15.953156
-15.884165
-18.139788
-16.534491
-14.934545
-18.199348
-13.811901
-17.318363
-14.098288
-15.788789
-18.231777
-15.842525
-20.428879
-17.458027
-20.027658
-19.912516
-18.805233
-19.016706
-16.761786
-22.680105
-17.552118
-14.882393
-16.288834
-15.552420
-14.558867
-16.906647
-18.933111
-12.880365
-14.514450
-17.195366
-13.026384
-17.161970
-14.894921
-19.160063
-17.597033
-18.089222
-17.633802
-15.155252
-13.718501
-16.265926
-16.576054
-14.858988
-13.690763
-17.829769
-19.846437
-16.890339
-20.515127
-16.400888
-17.940718
-13.503753
-17.278133
-16.468050
-20.353779
-18.397186
-17.893618
-15.816920
-20.128368
-20.531317
-17.931101
-12.255755
-20.182232
-20.336012
-17.960613
-12.741714
-17.441013
-17.135077
-16.372261
-17.028044
-20.107700
-15.039233
-16.933191
-11.990186
-19.754751
-15.922600
-17.311909
-14.661413
-14.497334
-18.101593
-13.650616
-17.082478
-20.848476
-18.335085
-16.831791
-17.090794
-17.428822
-13.491248
-19.206194
-17.230034
-15.724312
-19.709986
-13.684580
-19.636190
-16.970819
-18.701073
-21.104919
-16.498873
-19.151991
-11.812693
-18.869768
-17.066669
-18.495426
-14.877061
-12.573441
-15.825069
-16.195601
-16.207741
-17.988558
-19.319361
-16.066551
-16.798082
-17.977617
-17.686094
-18.535894
-16.894726
-19.251730
-18.347385
-16.359673
-14.029960
-19.455832
-21.129059
-17.572248
-18.668283
-15.790513
-17.425539
-15.923868
-20.100300
-16.764460
-17.916065
-18.716831
-18.090057
-16.265696
-14.322784
-13.720643
-14.134046
-20.379683
-17.442743
-15.599502
-18.460894
-15.930389
-19.536356
-15.836780
-16.963173
-16.469604
-20.639561
-24.469923
-17.074181
-16.120678
-20.797815
-20.054688
-15.650012
-15.624636
-14.198642
-15.602335
-19.386934
-13.661365
-16.031595
-19.541632
-23.132282
-17.755028
-10.072424
-14.458827
-13.957771
-17.130207
-19.589186
-18.615177
-11.840975
-19.496923
-15.930868
-14.569334
-14.317507
-19.461426
-20.287954
-16.432850
-19.178667
-9.698030
-18.303379
-21.138578
-14.976343
-14.752235
-20.726025
-16.355785
-18.979681
-14.320558
-16.927059
-20.270256
-17.331070
-19.293831
-12.752352
-21.047550
-17.782804
-12.703439
-22.449896
-10.158905
-15.883979
-18.670261
-19.635891
-15.717964
-19.369095
-19.920109
-13.103280
-18.032845
-18.425680
-15.477893
-16.178925
-16.673174
-27.171108
-16.991367
-12.673284
-19.036543
-15.002369
-15.062682
-14.870093
-15.799664
-14.627832
-19.025616
-22.485415
-15.230929
-19.550936
-15.737794
-17.788778
-21.089329
-16.536083
-13.048649
-18.910097
-17.164825
-20.412205
-17.729967
-21.436769
-17.103807
-14.899449
-15.975565
-15.494873
-20.347755
-20.828606
-18.346359
-19.607679
-12.594334
-17.320330
-16.057228
-13.096214
-15.197889
-18.926325
-17.414320
-15.407964
-18.493156
-18.240549
-13.925362
-24.564257
-20.057425
-15.000008
-20.184456
-13.881063
-13.826299
-19.313324
-16.798370
-21.399286
-15.838301
-16.536886
-13.272938
-18.105555
-14.525954
-20.004139
-15.391709
-21.176559
-17.590078
-18.647095
-16.801229
-21.240421
-16.236233
-18.936968
-15.613969
-14.089066
-19.076216
-17.673203
-17.867867
-20.395023
-16.484562
-12.834728
-13.801240
-19.454590
-15.780365
-11.976416
-16.701906
-18.235451
-16.507776
-16.053944
-20.515102
-14.778505
-13.850619
-15.335975
-15.371024
-16.271416
-20.758823
-16.667351
-12.842672
-16.356133
-17.840500
-17.513676
-16.280478
-19.274628
-16.831333
-14.587593
-12.443884
-17.815599
-17.753357
-18.874416
-18.627274
-18.364260
-10.846400
-14.809691
-17.064766
-19.981304
-16.459356
-21.625496
-22.368500
-16.770849
-18.153746
-14.886831
-13.565542
-16.147284
-18.207787
-15.935800
-14.492722
-16.920244
-18.321381
-18.122215
-16.567343
-18.079853
-19.379810
-22.921343
-17.138491
-17.186996
-17.763624
-21.005358
-14.363201
-18.264999
-12.677924
-15.805616
-16.314878
-14.573570
-18.068268
-14.409918
-21.311745
-16.862598
-22.319468
-15.942396
-18.179609
-14.071699
-22.883911
-18.566544
-19.302998
-16.321693
-17.257561
-15.590271
-15.809100
-18.007784
-17.248796
-19.810823
-19.733238
-16.260965
-11.139153
-18.810741
-16.028610
-16.014311
-16.280367
-16.542130
-13.396464
-17.962702
-15.516706
-17.326742
-21.007771
-19.485107
-16.127939
-21.143257
-22.628958
-17.133833
-16.164362
-16.897078
-19.217840
-20.018398
-17.944221
-17.958817
-19.506975
-16.942305
-14.637977
-14.674588
-20.196604
-13.580284
-15.066158
-15.935647
-17.273083
-19.277922
-14.709752
-16.497177
-20.509163
-22.500940
-20.304638
-21.765532
-23.779728
-19.113327
-18.667820
-16.199663
-15.175802
-13.839739
-19.634312
-15.529570
-14.545654
-16.212214
-13.594031
-19.437084
-18.439785
-14.866261
-18.626049
-13.487267
-16.378136
-12.346123
-11.779852
-15.952014
-14.195479
-13.543820
-12.370510
-16.005747
-18.540630
-16.365189
-18.783617
-19.614834
-20.785452
-19.433746
-19.437656
-15.585051
-19.340075
-14.094213
-18.571276
-15.240220
-20.082399
-18.967386
-18.429493
-15.063717
-16.410213
-18.773937
-17.711893
-16.287333
-16.832548
-15.740220
-16.891315
-15.118402
-13.992374
-16.796820
-11.929976
-13.899588
-13.019338
-17.171394
-17.865837
-19.218914
-19.655045
-16.977985
-14.809230
-16.547895
-22.778200
-18.097075
-21.516338
-21.278254
-16.663767
-18.255630
-17.540289
-18.723392
-13.771171
-17.021479
-19.745419
-13.899648
-14.891163
-20.621761
-17.611650
-18.908073
-17.510960
-15.147955
-16.775036
-14.031935
-18.747877
-18.401594
-13.145269
-15.064055
-20.656277
-17.692183
-15.223867
-17.627602
-15.688275
-13.065894
-16.932102
-13.080434
-14.632746
-18.369457
-21.742996
-14.048423
-18.008505
-23.890070
-17.223524
-17.834429
-18.359812
-17.350025
-17.535749
-16.567808
-19.195574
-15.016225
-16.350504
-20.346989
-20.553743
-13.419320
-17.088461
-18.965912
-19.990343
-14.648033
-15.341712
-16.466759
-19.760630
-16.723188
-19.307632
-16.477995
-18.353903
-15.136912
-19.867214
-18.680016
-18.756544
-20.631283
-14.501034
-18.647467
-16.652105
-13.416090
-17.475750
-19.635685
-17.778265
-18.950045
-17.231102
-16.230778
-21.893295
-19.105324
-15.057566
-20.386183
-18.167658
-14.936450
-16.675081
-14.728481
-18.709091
-17.141581
-18.952650
-16.762136
-19.194769
-16.417616
-17.075388
-20.946907
-17.994467
-16.841631
-19.327919
-16.558109
-17.842373
-19.872326
-18.776218
-19.561237
-17.124006
-17.889765
-17.392895
-19.584866
-20.967392
-17.252260
-15.601045
-15.469075
-19.553587
-17.252668
-16.648760
-20.945396
-20.574671
-17.689949
-16.434023
-18.210529
-14.652976
-14.212561
-15.275351
-15.869757
-18.210152
-15.565209
-18.501112
-25.726765
-15.880499
-18.423088
-21.129801
-16.225794
-15.413639
-21.377693
-14.390272
-17.678293
-17.467564
-12.772908
-19.655193
-20.808323
-19.260429
-18.355181
-18.256073
-16.646360
-17.664944
-17.361923
-12.661980
-16.947456
-19.263451
-18.055918
-13.622032
-16.541691
-20.435575
-17.940235
-15.188630
-19.125481
-21.418236
-15.297434
-12.551033
-17.571449
-17.413742
-16.266100
-17.513605
-18.544731
-13.458055
-13.173014
-14.558573
-17.218039
-21.477701
-18.097879
-18.252317
-14.172197
-16.243856
-14.436351
-15.521585
-14.587952
-20.048208
-18.071922
-17.029476
-14.863749
-16.846657
-14.074255
-20.236309
-17.232719
-18.639227
-18.268167
-17.117025
-14.019548
-15.089535
-14.629266
-13.622675
-17.805872
-19.116766
-15.638462
-19.781918
-16.309439
-16.862787
-15.393655
-19.250141
-17.988533
-16.084503
-19.749798
-17.842331
-14.695726
-18.759668
-16.488979
-19.268188
-14.185483
-18.451492
-16.176992
-20.341543
-16.591707
-14.820865
-17.947269
-18.747042
-20.614473
-19.924898
-18.934002
-16.803913
-14.893297
-14.871477
-16.162727
-20.150631
-12.924830
-17.705374
-18.599808
-18.227959
-15.101081
-20.760082
-17.588268
-16.797661
-14.510065
-19.971973
-16.546358
-15.792805
-17.378433
-17.177713
-16.275911
-17.570694
-21.115904
-21.576399
-18.105135
-18.191534
-21.402159
-19.125349
-17.500118
-13.963162
-15.464677
-15.476059
-14.962185
-20.052311
-20.970692
-14.051821
-18.718678
-18.108700
-23.211769
-18.115700
-17.760017
-15.062016
-18.981461
-17.903088
-15.531040
-15.585072
-20.739220
-18.927156
-18.564520
-17.776878
-21.715912
-33.513699
-20.012754
-13.484718
-16.321569
-18.964411
-16.304546
-13.642151
-12.758453
-17.342283
-12.117095
-18.379698
-13.197248
-20.275558
-21.612679
-13.256853
-18.962238
-18.318005
-19.670898
-32.304306
-14.708194
-15.450318
-15.611270
-19.865974
-19.798431
-12.989326
-16.156195
-12.539780
-16.617451
-11.433734
-19.530344
-16.724056
-16.728117
-17.503498
-19.936237
-19.227119
-23.287264
-15.457352
-19.753832
-19.464764
-16.883709
-16.315359
-18.317722
-18.699871
-20.892296
-19.861343
-14.284996
-11.109377
-17.393961
-17.071333
-16.657717
-14.228112
-17.644852
-16.628975
-15.660601
-14.254605
-16.770103
-13.625761
-18.546703
-16.107607
-13.834234
-14.191532
-15.830707
-15.120378
-14.772514
-21.499544
-14.120347
-14.328938
-21.557728
-18.791656
-14.727012
-21.197983
-18.046949
-20.078836
-17.791470
-17.835106
-16.714182
-12.310715
-22.978556
-19.767546
-14.912820
-19.160368
-13.189432
-19.674049
-14.883062
-17.016148
-13.170443
-21.446680
-14.790674
-17.359383
-16.184858
-14.682336
-21.655613
-17.112234
-16.142677
-15.154032
-19.951481
-17.224262
-19.062838
-17.718487
-17.916134
-17.794676
-14.825233
-16.004137
-15.668353
-16.165501
-16.016382
-15.874069
-12.646474
-16.684549
-18.065197
-18.444626
-33.745289
-15.576620
-13.091958
-13.706086
-18.674896
-16.376513
-17.680140
-16.559381
-15.900345
-20.194313
-15.852913
-18.155785
-15.392621
-20.233984
-21.537588
-19.374975
-19.085617
-14.449046
-14.768594
-15.705645
-19.473961
-17.795454
-16.059568
-13.665451
-19.216232
-18.417431
-25.607944
-17.247747
-18.800657
-18.039814
-17.457624
-18.541063
-16.306744
-13.908217
-17.871319
-15.685810
-17.088234
-17.130157
-16.924337
-17.686720
-19.348082
-19.688393
-18.881344
-17.583166
-20.377285
-18.044231
-13.628042
-15.746911
-17.860647
-16.531485
-18.865871
-19.588486
-14.817142
-12.879315
-22.644281
-16.845676
-18.516243
-22.029825
-18.137768
-21.504431
-19.543316
-19.935923
-22.735821
-20.148247
-18.047846
-13.417286
-14.750816
-19.699017
-14.469406
-18.274492
-18.582279
-19.198614
-20.141045
-19.493151
-21.143005
-18.203449
-18.485313
-14.433955
-15.962095
-17.205688
-17.500189
-17.235975
-19.883928
-16.715038
-16.233232
-16.546848
-18.257261
-18.868011
-19.906727
-16.932327
-19.993206
-17.244461
-18.455614
-20.736925
-15.926103
-17.547024
-13.471691
-16.206125
-13.120364
-17.431795
-15.723165
-13.061206
-15.769156
-15.894920
-17.752579
-17.090712
-14.792664
-18.227713
-15.936006
-19.921894
-17.752680
-14.307220
-10.920714
-23.179640
-20.968620
-19.064053
-16.446501
-18.522726
-15.668756
-15.719728
-19.603207
-15.530227
-19.220381
-18.833122
-17.894701
-16.581684
-16.192564
-16.122137
-17.592440
-14.598728
-16.776411
-17.485651
-17.476816
-17.582748
-24.033665
-20.497074
-16.456417
-20.014505
-11.447762
-17.325808
-13.615273
-16.973757
-18.232670
-19.774792
-18.554392
-14.770912
-17.790133
-13.726337
-17.555304
-17.993488
-16.152845
-15.399922
-15.453555
-22.906511
-19.597397
-19.275475
-20.470901
-17.254810
-14.167850
-18.345312
-18.623026
-15.046635
-17.507967
-19.019573
-26.258270
-17.477369
-14.863556
-15.961943
-19.201170
-19.108212
-14.516122
-17.136652
-19.429037
-17.273626
-17.152552
-15.127754
-17.235518
-17.998959
-16.790764
-19.984083
-17.021425
-15.254361
-19.503757
-16.570332
-19.944923
-15.035046
-15.488086
-19.549992
-19.993570
-16.813892
-16.209429
-19.925688
-11.244304
-15.572336
-13.087142
-25.211573
-18.102955
-15.799821
-13.268073
-21.552458
-15.963669
-17.736441
-14.297131
-17.722700
-19.570011
-19.774784
-19.685335
-20.090961
-19.044086
-16.005587
-18.647980
-12.127729
-17.241962
-12.680240
-14.025573
-17.971497
-21.119499
-15.332369
-20.156437
-16.845343
-18.621778
-18.294521
-19.387474
-18.445345
-20.198971
-18.239737
-18.727587
-11.418742
-16.292908
-17.517124
-18.099529
-19.117985
-18.073385
-14.083519
-14.594306
-14.483883
-12.260475
-16.654432
-20.255266
-19.655838
-19.186918
-18.969193
-13.509723
-13.409882
-13.500092
-15.569087
-16.950983
-19.574112
-14.731312
-16.744892
-19.271603
-17.459465
-18.880592
-15.780249
-19.328259
-14.117994
-18.116898
-20.876877
-18.655882
-19.133675
-17.551374
-17.570070
-20.187141
-21.377483
-15.283716
-16.071939
-14.840936
-19.543465
-16.600716
-18.631477
-19.503073
-23.477251
-19.249115
-17.539492
-17.888220
-19.791796
-17.312546
-18.750031
-17.007118
-29.112663
-18.652328
-18.406853
-15.906351
-22.115934
-17.951799
-16.543985
-23.148390
-20.751289
-16.587673
-13.858220
-16.647587
-16.352539
-15.584793
-14.748977
-16.894365
-14.917634
-16.276499
-21.561489
-19.842438
-19.268642
-20.542555
-15.784447
-15.767521
-14.922338
-19.466434
-16.742210
-20.171890
-24.727461
-18.221134
-18.841732
-15.601189
-19.745066
-13.354468
-16.806189
-12.944983
-17.942642
-18.447119
-20.783714
-15.934420
-19.662758
-17.310085
-13.241834
-16.622250
-13.991047
-14.551054
-18.525192
-15.047276
-16.783852
-16.210316
-16.689686
-17.194971
-17.510206
-18.457767
-12.342539
-11.608620
-18.609638
-14.462322
-16.756994
-19.445940
-18.389807
-17.060205
-18.420578
-14.197605
-22.461771
-19.588081
-17.650257
-36.514679
-18.803341
-17.283581
-19.470940
-15.907334
-19.210592
-18.105137
-18.159592
-19.275972
-16.893055
-18.733046
-17.364399
-15.533659
-12.622747
-15.182342
-16.414127
-19.062065
-18.975292
-17.587276
-17.115135
-13.063048
-19.129831
-15.957281
-12.415263
-14.956396
-21.586353
-21.763956
-20.656078
-20.216337
-17.305359
-17.676826
-18.214989
-13.137532
-16.320911
-14.374548
-18.144655
-13.937989
-19.028934
-15.722183
-19.093220
-16.122887
-17.387156
-15.170539
-16.859314
-15.047466
-14.403849
-17.983089
-13.621508
-8.733431
-18.207003
-15.353199
-17.732721
-18.566532
-20.932861
-17.979328
-16.612589
-21.836857
-19.801695
-15.112286
-18.191313
-17.903990
-17.030613
-19.336952
-17.676249
-16.575176
-12.092081
-21.678463
-15.445254
-17.140610
-21.654776
-14.702347
-16.097500
-13.946241
-13.224613
-22.472443
-19.163050
-16.469534
-14.753047
-16.671173
-18.208630
-18.226286
-35.101833
-16.283045
-15.472940
-17.166595
-16.563311
-17.939917
-14.433613
-18.072632
-17.238300
-17.038145
-18.076977
-17.286806
-35.334843
-17.732492
-19.300739
-19.111874
-21.024715
-18.440666
-17.918976
-17.052521
-20.069769
-19.129873
-15.568479
-13.945066
-17.801098
-20.583136
-12.391081
-19.471958
-16.295366
-16.047285
-15.862974
-20.170818
-15.585581
-14.582981
-19.260017
-17.511953
-16.531218
-16.909107
-18.656460
-16.233356
-14.435390
-16.981697
-16.694416
-20.040274
-17.424208
-16.931057
-22.103367
-19.307976
-15.036469
-15.102890
-16.738920
-17.163223
-17.309517
-15.572138
-15.680435
-16.236643
-18.322659
-19.343416
-14.826552
-22.444859
-16.917004
-13.412074
-19.030476
-17.299391
-17.526634
-21.239349
-17.429911
-18.833622
-16.240622
-13.994329
-16.300512
-17.857729
-15.558951
-17.390366
-15.941675
-13.600214
-16.483019
-13.755641
-16.441935
-12.205524
-20.193396
-14.790449
-16.383450
-18.864737
-16.441858
-16.444624
-15.495158
-15.099700
-16.856657
-21.353125
-24.424892
-15.811476
-17.589489
-16.658285
-16.642466
-20.289709
-20.037245
-14.530390
-13.755444
-17.215582
-21.296677
-16.669235
-18.298130
-13.882500
-20.202028
-17.357649
-19.540396
-19.280113
-17.304178
-18.811672
-14.891765
-12.161823
-20.464596
-20.241064
-18.556145
-11.211019
-16.580143
-15.988480
-16.589230
-21.373590
-18.143591
-19.669348
-18.968061
-18.112785
-17.781830
-13.381124
-16.651569
-19.299343
-12.919819
-14.461014
-16.964411
-16.146599
-17.526768
-18.028028
-15.847103
-20.534885
-16.256617
-14.497093
-17.829588
-17.112759
-16.622540
-18.347559
-18.817078
-20.998825
-21.907692
-13.415933
-18.552479
-17.600197
-20.371958
-9.573580
-26.783619
-16.084377
-14.638853
-17.682796
-18.548267
-15.514831
-15.592367
-17.610308
-18.937149
-13.581974
-17.269894
-20.246986
-21.550674
-21.167446
-18.570900
-19.726654
-14.406084
-17.721485
-14.308841
-17.660650
-17.698977
-14.299336
-16.315294
-18.209642
-17.834799
-15.223639
-14.770989
-21.004965
-17.406208
-13.063748
-13.827628
-20.268169
-17.622168
-20.856552
-19.459631
-9.776965
-19.272802
-14.481105
-18.957479
-14.615047
-19.077412
-18.174946
-16.222464
-21.261837
-15.911963
-20.146212
-17.885387
-18.225679
-15.239239
-12.261950
-18.529905
-17.086002
-16.847813
-16.866175
-16.953846
-13.982192
-17.843628
-15.333963
-21.130825
-11.517282
-14.614680
-14.672775
-19.600231
-20.067913
-21.231035
-16.441895
-19.414856
-16.433937
-21.117748
-19.385895
-17.874493
-13.487757
-22.667521
-43.923576
-17.471117
-17.706070
-13.290692
-18.665358
-19.139515
-15.754469
-17.950525
-15.583904
-19.248949
-17.170298
-15.531694
-15.404180
-19.776789
-13.696743
-21.477285
-17.387537
-22.930220
-17.844021
-17.490978
-15.854780
-17.599077
-19.568611
-17.463200
-16.515171
-17.476664
-15.161839
-16.907167
-14.515255
-18.104630
-21.955545
-19.197826
-21.917854
-19.056643
-19.453424
-18.886353
-17.854856
-20.443680
-14.153852
-18.132771
-25.836237
-18.146793
-17.610432
-25.975574
-20.400639
-16.468107
-24.326023
-16.800121
-18.723782
-15.768314
-19.790432
-14.728734
-16.652693
-19.388847
-17.249443
-18.793127
-21.045000
-15.022439
-15.703786
-13.667358
-15.645510
-18.225702
-18.693226
-21.091776
-18.189905
-15.548275
-12.365223
-18.586334
-21.508492
-12.346640
-16.280144
-16.147516
-14.959396
-17.331034
-19.180138
-18.666847
-13.811749
-14.720749
-20.599415
-19.767145
-20.493128
-15.373884
-17.789351
-19.207270
-18.052389
-18.146097
-17.465233
-17.868073
-15.299416
-18.977362
-21.076187
-15.891603
-19.828436
-17.626135
-18.676243
-20.629223
-14.882513
-11.403349
-17.163712
-15.824030
-15.872654
-17.156115
-19.095875
-19.735210
-14.831664
-19.931890
-14.630895
-16.952318
-18.476616
-21.060480
-15.309546
-17.644978
-14.428963
-14.287932
-18.666355
-16.714630
-11.536625
-15.209030
-17.054960
-47.606518
-14.247585
-13.961066
-14.897945
-23.222271
-18.319609
-16.989771
-18.027315
-19.578356
-18.357641
-18.008665
-16.533630
-14.562966
-16.793219
-16.956577
-16.815001
-18.856104
-17.122025
-18.961504
-17.627253
-15.525416
-14.429303
-17.934631
-21.771084
-19.877445
-17.003563
-14.973629
-16.727100
-15.420962
-13.265101
-19.741646
-13.907331
-20.804733
-18.114202
-13.936298
-15.924484
-11.542089
-14.691761
-17.043261
-14.141758
-19.970427
-23.047962
-21.017433
-20.540136
-17.067984
-17.262058
-17.088806
-11.788591
-17.414030
-15.327105
-14.724183
-19.902813
-18.197748
-15.735768
-17.999352
-18.553385
-17.469208
-15.610770
-20.907463
-21.253759
-19.101173
-15.076356
-19.085421
-17.059624
-16.690376
-18.657623
-19.610680
-16.673115
-13.545720
-18.859480
-13.219421
-13.616777
-17.571856
-15.962614
-18.371666
-16.895044
-19.112879
-19.270086
-16.583807
-37.908928
-19.597849
-13.555674
-12.312071
-15.674062
-18.653357
-17.618341
-15.619822
-13.846230
-20.834579
-12.638363
-14.532351
-15.664948
-15.210805
-17.888594
-59.722042
-15.820662
-18.493177
-14.668037
-18.233267
-16.661753
-21.683088
-15.248812
-20.364552
-19.080929
-14.997149
-18.898716
-13.021106
-18.243715
-18.352970
-17.938162
-16.206482
-12.581900
-19.422413
-16.130669
-12.806898
-19.896172
-13.125581
-14.082074
-18.339643
-14.521532
-17.422464
-17.452234
-19.675861
-14.015065
-20.572819
-21.588556
-18.725315
-11.175197
-13.894224
-12.763529
-19.426687
-18.069164
-14.240999
-16.756889
-20.433830
-18.012060
-17.758265
-20.405415
-15.981331
-16.657009
-18.124233
-16.919609
-22.486622
-16.492180
-15.692840
-15.283072
-18.429279
-13.089236
-15.816038
-20.847256
-17.929502
-17.709274
-13.522541
-17.925304
-14.885499
-17.948135
-12.580109
-14.965941
-18.987770
-15.180917
-17.983496
-18.662170
-18.323416
-17.259771
-15.860545
-20.691666
-21.830168
-16.628468
-17.068943
-15.581983
-21.040928
-16.369370
-17.874056
-20.447531
-18.411198
-15.338350
-18.264170
-20.179771
-17.127844
-16.857237
-19.026577
-17.937733
-19.316217
-19.815035
-20.604355
-19.432480
-18.627615
-12.061634
-14.529048
-15.298849
-15.699512
-18.056007
-26.126451
-11.785945
-17.112333
-19.201866
-18.418613
-17.324574
-21.206509
-24.106504
-18.273027
-19.250179
-20.857647
-17.399643
-17.086178
-16.214880
-17.073021
-20.066477
-16.102507
-27.666828
-18.722870
-16.758152
-18.979080
-14.624767
-19.920477
-18.876389
-14.945381
-14.938448
-16.940783
-17.810001
-13.260308
-18.604630
-17.959442
-16.550341
-14.214915
-19.074350
-15.347876
-16.720041
-17.441925
-17.764963
-19.534946
-12.494638
-18.401007
-14.816385
-15.756296
-17.001692
-22.194048
-13.322382
-14.346015
-18.678957
-14.720590
-15.574321
-12.479197
-16.946348
-14.191217
-16.526087
-17.584457
-17.996679
-14.581915
-19.002474
-11.588353
-17.752439
-18.554087
-19.366411
-17.700579
-17.222174
-19.636719
-20.764313
-18.768967
-16.668259
-18.838087
-19.115345
-16.700459
-19.582088
-15.671883
-19.828285
-17.592398
-14.101223
-16.567600
-19.401039
-20.742146
-17.022022
-18.128151
-16.095158
-13.512928
-21.315115
-17.113098
-18.205494
-17.134085
-17.504890
-16.048649
-17.419025
-18.902279
-19.611719
-14.547403
-19.999662
-16.263798
-22.050169
-18.598959
-15.281149
-18.460871
-18.633190
-17.529600
-12.556074
-10.002575
-19.200912
-20.628765
-17.131254
-18.588469
-17.722538
-17.069191
-19.073221
-15.052223
-19.154387
-17.589828
-18.356819
-20.439198
-16.222828
-21.897074
-19.712492
-16.647923
-20.917568
-16.780226
-21.932446
-18.963737
-18.224461
-12.503039
-16.507587
-15.186715
-20.978874
-18.710424
-18.028181
-14.315012
-22.387667
-16.070902
-16.158775
-20.083023
-14.393714
-16.360157
-17.010408
-19.888325
-19.685587
-17.007940
-18.340607
-17.166929
-16.961138
-26.686050
-17.523523
-19.828743
-19.290297
-18.092020
-20.795729
-14.345337
-16.901966
-15.282581
-17.491526
-18.257103
-18.203377
-14.349282
-20.596020
-19.519318
-13.358378
-15.336851
-14.024137
-13.109875
-17.688606
-16.922821
-18.906023
-18.463898
-20.103865
-23.855402
-15.139104
-20.385279
-15.091969
-18.989273
-20.124340
-19.894655
-17.126442
-10.802673
-19.189062
-16.572390
-15.935337
-17.019098
-17.384140
-15.758129
-16.083693
-18.302248
-14.922701
-15.666569
-18.754074
-19.144421
-13.723970
-19.201557
-13.066932
-17.869001
-19.032810
-21.682587
-11.321082
-19.628561
-18.880379
-19.713007
-17.190262
-16.076719
-16.550365
-20.006073
-17.589823
-14.885379
-15.685753
-21.763443
-16.874092
-18.303749
-19.972136
-17.027349
-18.834520
-20.481739
-18.714016
-21.010733
-22.408470
-15.534807
-18.064169
-15.953609
-13.781713
-15.487437
-13.875185
-16.517761
-18.218061
-16.035595
-17.896723
-21.926975
-19.719219
-10.579067
-16.727812
-19.037287
-16.025227
-15.512470
-21.617352
-19.363029
-15.261753
-20.915970
-17.929115
-22.387983
-18.764591
-19.395725
-15.949648
-18.962639
-19.958395
-17.077885
-12.058696
-15.200167
-15.396606
-16.756575
-18.597223
-15.911971
-17.853271
-18.905354
-19.273300
-17.728621
-14.607912
-17.065382
-43.465340
-24.581554
-21.600296
-15.697436
-17.180019
-17.267399
-13.836802
-17.528191
-18.571606
-20.344526
-13.318322
-21.732719
-17.838877
-16.247662
-17.764860
-15.575000
-18.166428
-18.176500
-17.546835
-16.773039
-14.037567
-11.243440
-15.629021
-16.559057
-18.308826
-17.384653
-15.581149
-14.900471
-21.420986
-27.149769
-18.043461
-22.542440
-13.886500
-13.204579
-12.037988
-18.393372
-15.452714
-17.505499
-16.874666
-22.650455
-21.729218
-19.152449
-19.051134
-14.343496
-17.816702
-19.490353
-20.395241
-15.487003
-15.833333
-20.460604
-18.983822
-16.130983
-20.368885
-18.014030
-19.511923
-17.163195
-15.253087
-18.300653
-18.387150
-16.965372
-11.955733
-15.705942
-18.604776
-20.495098
-18.298725
-23.292416
-20.933256
-17.925213
-14.475832
-22.045116
-18.222160
-18.302050
-17.076714
-17.905708
-19.684380
-14.305224
-20.565704
-15.800886
-17.240747
-15.358946
-20.437021
-18.897610
-15.132646
-17.926878
-17.977781
-14.230963
-20.374340
-15.675620
-18.159964
-17.891729
-17.382935
-17.560858
-14.570846
-17.934025
-19.727547
-17.732872
-15.221164
-17.300587
-21.612431
-19.612011
-18.054678
-17.343683
-19.785776
-16.054394
-16.837772
-19.941406
-18.151608
-21.223341
-19.438820
-15.438600
-16.773193
-17.956785
-18.197029
-17.272635
-16.590462
-18.450054
-15.770149
-57.183018
-18.776451
-18.132767
-22.104170
-19.888983
-19.200846
-17.998081
-17.710312
-12.581129
-17.285267
-17.125189
-19.589186
-19.033092
-15.185616
-22.017471
-20.443947
-18.123898
-11.214705
-17.722034
-19.144217
-19.417234
-18.109915
-16.603048
-19.218540
-17.120399
-18.376806
-20.670946
-21.116175
-14.274877
-19.127361
-18.533867
-17.200424
-17.940201
-16.940498
-15.322550
-15.762165
-15.051117
-16.381052
-17.947233
-19.544647
-17.459406
-17.867924
-14.814426
-13.734059
-18.768047
-22.812353
-15.957331
-21.146168
-17.224674
-14.461144
-16.799917
-18.607426
-14.811059
-15.076323
-27.110245
-14.336501
-16.885056
-17.743734
-17.491850
-19.248783
-18.854860
-18.026310
-19.349352
-16.888748
-18.442699
-22.584061
-18.948776
-14.861945
-20.073235
-22.253561
-19.718607
-18.864525
-20.977833
-15.891707
-15.184632
-17.727350
-16.431236
-14.546606
-20.908857
-17.605852
-18.865337
-16.024836
-16.561522
-20.884455
-15.472761
-18.924973
-19.133495
-20.178207
-21.718952
-25.493204
-19.143982
-15.961672
-17.785889
-17.949762
-14.535499
-17.863169
-19.635363
-16.816750
-16.629770
-19.261518
-19.462231
-20.604706
-22.176786
-17.836296
-13.540602
-24.422556
-18.230659
-13.888749
-15.259341
-16.513786
-14.369312
-15.265233
-20.451509
-18.945837
-11.987549
-12.646049
-14.153259
-18.319801
-13.699598
-25.148302
-17.526220
-17.267204
-15.096354
-17.925436
-18.649416
-17.583158
-16.536137
-18.106899
-20.239151
-19.346956
-23.020096
-22.520939
-18.227596
-20.105812
-18.046032
-24.271774
-20.504150
-18.125711
-21.593597
-19.938408
-19.863522
-15.342535
-16.157965
-14.955664
-16.378868
-14.338787
-18.888058
-20.020653
-20.741699
-13.834493
-18.117331
-20.237055
-18.345324
-15.331905
-15.350255
-14.686345
-14.273870
-14.214852
-19.895607
-17.522482
-21.699133
-21.540382
-18.414543
-18.153425
-17.288942
-20.739725
-16.094856
-20.394588
-16.021303
-13.365878
-16.695862
-15.033470
-18.831787
-19.460346
-16.588446
-18.987768
-14.769633
-17.904213
-17.910461
-16.118902
-16.714043
-17.678110
-16.549679
-19.566643
-16.754910
-20.021431
-15.824192
-16.443085
-14.834935
-19.897867
-17.883995
-16.525391
-17.815647
-18.829865
-15.557667
-15.995045
-19.133049
-17.276772
-17.167828
-15.855091
-21.982416
-16.794104
-14.981844
-15.153437
-18.566484
-19.610447
-18.674368
-15.801726
-12.708962
-18.984737
-17.683544
-16.875206
-20.457922
-19.924225
-14.689205
-10.186358
-17.155891
-15.460831
-16.924446
-18.261040
-15.791862
-14.589204
-11.923397
-17.080568
-20.238981
-10.900457
-18.545927
-15.992874
-19.795580
-20.773468
-15.569688
-18.408249
-15.886930
-25.849743
-14.565749
-18.301838
-15.636652
-21.319868
-20.731895
-10.771902
-12.432069
-18.298367
-17.409933
-19.251743
-14.955397
-19.737278
-16.087399
-14.657975
-13.047496
-18.826376
-20.013298
-17.367010
-19.615805
-16.107269
-13.967276
-11.637630
-20.779631
-16.745914
-15.171469
-16.695812
-18.050789
-16.976665
-16.953506
-20.755081
-16.123810
-13.473047
-19.021198
-18.243126
-16.859772
-23.168819
-16.543430
-18.410604
-19.872519
-17.115425
-19.292847
-24.136866
-18.948332
-18.697720
-16.981522
-15.265871
-15.789328
-13.555444
-15.574390
-18.384417
-44.053085
-17.824659
-14.042555
-16.440214
-19.125179
-19.234226
-17.380552
-18.267132
-15.129961
-14.331093
-20.866753
-17.617271
-13.660704
-15.652002
-19.675764
-16.363285
-17.314476
-17.965988
-15.926276
-17.562710
-16.129913
-17.519363
-17.586163
-19.686268
-17.876036
-14.153062
-19.267166
-20.041853
-14.667312
-17.816027
-17.440575
-20.439814
-19.902246
-16.816538
-20.919235
-20.787678
-18.925735
-15.923138
-15.619100
-21.421021
-17.533573
-19.673664
-21.354296
-17.369125
-15.167326
-54.025116
-21.618195
-15.548405
-19.576353
-13.353539
-15.314526
-15.763686
-19.048643
-14.409122
-18.763288
-18.196285
-17.080614
-18.282963
-21.605970
-14.025647
-27.762980
-20.359705
-12.645125
-18.778475
-13.767049
-15.120197
-19.117832
-17.953480
-20.055910
-17.912302
-20.057997
-11.512408
-18.123043
-15.142424
-14.252384
-13.379867
-19.322414
-16.618343
-14.226850
-18.737499
-22.976948
-15.677170
-13.624270
-19.226429
-18.012411
-20.799389
-16.770390
-19.790037
-18.348061
-15.504436
-19.276390
-18.293934
-16.476273
-16.024536
-15.830829
-20.227013
-18.661448
-14.522043
-19.530081
-17.006472
-17.530941
-18.770134
-18.737049
-14.883982
-16.488735
-16.572010
-16.847504
-19.085766
-20.709534
-15.799199
-21.204731
-20.867332
-20.353182
-13.236169
-13.683717
-17.051991
-14.300248
-17.099987
-17.498152
-17.323034
-17.182686
-20.352661
-20.501007
-17.267958
-17.338497
-18.709188
-18.358633
-14.444081
-16.812178
-15.782372
-13.924953
-13.179720
-16.570341
-16.428715
-17.094744
-14.131523
-20.945501
-20.761501
-15.630040
-12.223419
-21.066551
-14.878076
-14.630237
-15.056854
-15.870710
-19.526424
-14.709522
-12.635680
-14.781009
-14.369081
-25.427610
-17.757748
-9.562529
-10.506754
-13.325148
-7.369893
-8.173023
-8.697680
-9.641308
-8.753227
-5.995842
-11.045355
-12.609249
-9.615867
-8.463837
-9.076902
-13.709280
-9.917562
-9.893628
-13.644512
-6.580612
-8.674643
-8.031507
-7.002461
-8.946202
-10.468246
-9.148264
-11.810456
-9.941888
-13.013039
-11.176364
-9.415810
-12.389486
-8.125417
-11.477943
-11.121754
-12.657993
-11.446737
-17.275782
-11.443059
-10.010756
-12.400475
-10.205910
-11.977518
-12.053200
-11.617277
-12.196465
-10.144931
-12.649224
-11.542679
-13.929379
-12.097859
-13.080001
-13.317232
-12.682615
-13.714010
-11.804008
-13.218584
-12.679144
-11.034214
-10.949039
-13.865191
-12.652209
-12.677256
-11.548205
-14.145739
-11.116161
-9.740643
-14.152044
-13.024757
-12.054873
-15.902599
-10.035609
-15.390440
-12.347569
-13.309025
-15.085944
-14.828960
-18.148357
-15.917708
-15.143590
-16.117100
-14.508588
-11.564000
-13.639622
-13.083745
-8.781010
-17.509583
-10.727650
-16.914688
-13.519211
-15.935965
-13.537987
-15.331006
-13.153217
-18.765316
-10.911702
-15.619187
-23.638147
-10.348171
-10.783848
-15.405192
-39.392548
-7.118206
-7.397726
-38.591415
-7.065011
-2.243383
-7.659440
-7.639461
-10.356044
-8.455229
-5.785113
-9.752435
-8.178065
-10.010630
-8.920659
-8.959563
-21.596163
-33.267841
-7.456105
-6.295342
-39.371696
-39.144352
-37.330280
-38.826820
-39.413643
-39.519115
-30.205647
-37.741550
-36.543663
-39.471882
-38.285351
-38.459221
-39.065727
-39.348354
-38.683464
-39.053818
-32.695248
-14.785551
-3.382799
-38.968899
-32.806118
-16.822531
-39.170090
-39.154644
-39.306870
-39.586384
-39.402447
-38.290215
-39.372066
-39.651001
-39.555637
-38.887337
-39.303345
-38.380398
-38.811310
-39.141502
-38.583687
-38.498333
-39.401917
-39.000896
-39.620148
-39.323380
-39.006893
-38.912148
-39.309284
-38.671204
-39.339439
-39.827534
-39.231152
-39.076740
-39.222443
-39.007469
-39.339928
-39.117718
-39.099812
-39.299019
-38.952736
-39.252766
-38.984993
-39.378407
-39.297771
-39.051949
-39.703415
-39.304901
-39.219898
-39.135479
-39.359734
-39.069809
-8.775106
-39.195698
-39.144066
-39.054176
-39.482098
-38.441998
-39.015907
-38.652699
-39.419750
-39.444103
-39.090382
-39.711514
-39.033844
-39.639420
-39.311558
-39.148201
-39.142460
-39.514050
-39.469891
-39.189056
-39.664951
-38.948795
-39.347057
-38.952240
-39.556213
-39.368290
-39.129864
-39.562744
-39.336395
-39.599934
-39.572926
-38.878647
-39.793903
-39.181625
-5.374488
-38.839142
-9.368123
-39.279652
-39.096210
-39.703880
-39.285606
-39.372787
-39.789425
-39.155067
-39.530128
-39.213497
-39.095940
-39.261631
-39.183216
-39.461071
-38.712997
-39.236130
-39.663338
-39.471775
-39.053471
-39.372662
-39.333279
-38.673416
-38.905174
-39.229500
-38.632725
-39.578438
-39.209461
-39.511917
-9.220643
-39.423031
-8.994745
-38.525803
-9.867137
-13.100010
-11.438691
-11.054710
-11.214185
-10.971910
-10.815000
-10.423558
-12.705107
-10.704755
-12.863537
-12.420893
-10.735554
-11.560235
-11.078903
-8.905280
-11.101797
-10.635852
-9.345277
-11.166813
-9.864218
-11.261086
-10.694253
-7.727572
-10.501060
-10.783146
-10.677087
-9.807607
-9.699488
-8.585411
-11.055412
-10.548635
-7.435959
-8.469812
-8.790098
-9.323451
-8.669795
-8.914998
-8.729649
-9.665290
-10.526634
-9.864470
-9.021833
-10.480010
-8.177288
-8.384593
-11.350438
-8.247805
-8.573663
-8.845505
-8.134037
-9.105217
-11.279269
-10.264960
-9.422050
-8.858028
-8.373129
-7.433724
-8.345146
-10.633131
-9.399537
-9.730465
-10.150368
-10.639553
-38.995052
-40.094925
-1.969718
-2.934352
-8.837090
-7.928305
-11.248405
-12.314092
-12.224275
-10.513250
-10.962954
-10.933002
-11.408793
-13.819081
-9.099418
-9.264275
-8.943333
-10.898714
-14.320643
-15.226115
-15.219285
-13.980814
-11.250082
-10.030530
-9.165129
-10.286283
-14.002744
-11.667780
-16.517698
-20.612207
-19.450226
-17.257732
-9.249002
-10.235069
-5.787832
-9.644909
-9.090657
-8.136437
-8.852851
-8.595695
-7.880630
-8.483198
-8.504360
-8.727886
-7.397725
-10.685915
-11.622136
-6.612987
-9.764215
-36.126102
-35.428925
-18.059307
-19.599768
-39.251705
-39.240200
-39.244656
-38.980320
-39.543007
-39.417339
-39.308819
-39.225479
-39.278313
-39.208946
-39.938469
-7.083326
-6.473107
0.730071
-4.958683
-6.446272
-9.110811
-7.049500
-5.973251
-4.298487
-7.664941
-10.019882
-5.725060
-2.336192
-4.825956
-7.910907
-1.282939
-4.804724
-3.122935
-5.827443
-6.676898
-5.791561
-8.211411
-2.133293
-11.339890
-3.488544
-2.657711
-8.520454
-2.329229
-5.370437
-1.232151
-0.850213
-0.580820
-12.240801
-6.484220
-6.680622
-0.268924
-7.377034
-1.306558
-10.198892
-8.982735
-1.349548
-3.659458
-1.020448
-6.125432
-4.921488
-8.131114
-7.474735
-6.270099
-3.526346
-9.072620
-9.732370
-10.319118
-8.538623
-0.983066
-2.453995
-10.140817
-1.908783
-10.706412
-2.954651
-10.506672
-7.334120
-7.694188
-9.717982
-4.149290
-1.127350
-8.223865
-7.171210
-7.836335
-10.007019
-1.887913
-3.672078
-9.127219
-2.546138
-9.226040
-7.428360
-1.904385
-2.002787
-3.920183
-9.002920
-8.367831
-3.447133
-9.076708
-2.975097
-6.863664
-10.483994
-10.643991
-8.329919
-9.504956
-12.505117
-8.708460
-6.666329
-7.914751
-8.943689
-9.905075
-9.259492
-10.388282
-10.874065
-3.548363
-3.784142
-2.776977
-3.639282
-3.601528
-11.649546
-5.340301
-10.987788
-6.716378
-8.376565
-10.877650
-5.115429
-11.776719
-2.834829
-11.241557
-5.864787
-8.311238
-7.491908
-7.544422
-3.568635
-5.408164
-9.206054
-6.285462
-8.603292
-6.544658
-2.818739
-9.329851
-8.353514
-3.667354
-7.952263
-7.240356
-8.846409
-9.978290
-10.202649
-4.306039
-10.787538
-4.581777
-6.989296
-13.210690
-8.654118
-7.540775
-12.410278
-2.547331
-10.060780
-8.009558
-5.826531
-9.941268
-4.202404
-6.647744
-6.273111
-1.863009
-12.363015
-9.770253
-13.284513
-4.792700
-10.063274
-7.064811
-4.043064
-5.835605
-7.973206
-4.666607
-5.922640
-4.012465
-8.959207
-7.954270
-9.270346
-4.919342
-3.322485
-6.588433
-8.309263
-6.557464
-3.137022
-7.879349
-10.912753
-16.339954
-5.934509
-7.062990
-5.712102
-3.736300
-8.254328
-4.373832
-7.472795
-9.955928
-6.193882
-11.194279
-8.157151
-5.342906
-1.536853
-7.603397
-3.388361
-2.558401
-12.223950
-6.596534
-5.041922
-8.038271
-12.164186
-7.950483
-7.201027
-9.977654
-6.777246
-1.781477
-10.873804
-8.691329
-10.370518
-7.813759
-8.092651
-3.400932
-1.509462
-4.833240
-3.709255
-6.143928
-9.484035
-9.207538
-11.721625
-5.466317
-4.945361
-9.387833
-6.452238
-1.577357
-7.537310
-5.737395
-7.012100
-8.019322
-10.759082
-6.164709
-10.868646
-6.457750
-4.616697
-2.744544
-6.460029
-8.938498
5.283287
-11.705289
-10.073586
-10.009202
-6.093492
-7.437548
-9.507689
-10.670807
-5.184547
-2.836013
-7.494483
-11.398463
-9.250222
-11.876827
-11.875441
-8.518422
-12.307886
-9.608128
-6.607702
-8.685091
-12.397609
-9.582715
-12.668654
-4.347561
-1.746965
-4.748213
-9.404938
-5.790216
-5.796874
-1.389518
-8.294190
-6.927698
-6.231993
-10.077189
-9.806981
-9.449252
-6.677570
-11.455805
-12.688329
-10.303489
-6.879158
-9.499718
-9.928688
-9.271950
-2.532077
-9.709909
-10.759075
-4.355629
-11.308088
-7.311028
-8.766134
-3.390541
-11.144713
-8.032400
-8.979052
-9.701215
-4.769710
-3.729918
-7.272926
-4.085872
-7.616420
-10.182949
-9.433884
-8.011714
-8.115372
-4.287248
-8.514178
-3.429667
-4.349467
-8.655281
-10.350645
-4.529192
-7.100257
-8.811112
-8.473021
-4.138027
-11.558916
-3.873655
-3.421854
-12.380925
-9.204487
-5.641205
-2.247106
-4.171621
-6.300614
-10.372520
-3.896948
-8.730370
-4.774754
-13.582737
-11.090163
-12.550240
-7.426086
-9.821191
-12.841370
-8.358232
-9.061399
-4.992113
-10.340967
-6.389803
-6.503963
-7.236253
-9.887892
-7.988596
-4.868335
-6.274298
-4.379273
-8.671232
-8.254852
-6.983551
-11.614099
-6.656677
-4.316874
-6.789526
-4.853545
-7.052993
-8.778749
-11.497786
-6.314533
-6.397190
-9.653049
-6.751883
-10.213936
-9.511808
-5.920616
-11.484891
-3.144629
-8.975832
-6.429522
-5.602989
-5.792729
-8.164818
-6.141071
-11.576592
-10.536833
-9.208639
-9.125593
-10.419493
-9.998397
-13.303635
-6.108623
-10.362493
-8.049838
-5.959981
-12.799054
-8.287849
-5.371032
-8.300934
-6.359959
-8.995312
-11.324841
-6.728753
-7.519423
-7.823933
-4.331545
-1.861598
-10.279818
-4.035645
-8.552010
-10.022487
-7.310176
-5.984475
-9.076214
-4.828930
-8.476130
-8.161435
-5.936176
-10.846024
-9.992434
-6.471475
-9.640440
-9.519851
-6.893676
-10.089489
-10.307598
-12.598479
-8.834765
-11.025784
-8.077950
-8.389908
-7.831361
-7.744442
-10.638440
-7.542013
-6.021628
-7.231029
-10.057317
-7.040564
-7.189312
-4.485157
-4.003298
-9.964226
-3.791773
-9.689205
-10.698133
-9.503736
-6.908345
-9.295131
-10.920223
-10.429678
-8.317917
-3.078075
-8.272278
-11.978165
-7.750021
-10.566018
-7.819804
-6.654158
-8.382562
-8.024842
-7.837231
-10.374852
-7.591331
-9.222478
-9.419771
-14.380797
-9.122284
-8.927589
-10.553202
-8.101376
-8.288098
-10.140471
-3.583151
-8.627668
-5.711813
-7.882955
-7.633845
-10.257333
-6.263979
-8.169328
-7.121537
-11.467516
-7.745924
-12.009723
-13.964879
-11.788502
-9.251167
-11.082073
-4.195598
-9.155240
-8.179242
-4.838553
-10.080008
-6.692339
-11.630269
-10.565780
-3.938846
-4.693774
-8.892669
-9.746217
-11.771776
-7.238869
-7.851623
-11.161174
-7.674915
-8.537664
-11.240412
-7.869402
-5.058622
-16.225897
-5.478714
-11.104991
-9.584831
-8.845770
-12.091146
-9.728627
-9.893885
-7.481127
-5.185534
-9.401042
-5.861866
-9.165154
-10.557191
-9.437951
-7.168399
-9.242493
-13.720395
-7.520411
-9.030457
-6.348542
-4.723012
-8.432444
-5.898345
-4.387355
1.466965
-9.656484
-5.168108
-4.989981
-4.885394
-8.805134
-8.418205
-6.004992
-9.436945
-8.809789
-5.832616
-11.413896
-11.868904
-9.168423
-4.972081
-10.936302
-9.620446
-9.401966
-10.548561
-10.474331
-6.015565
-8.087617
-10.322107
-14.267050
-9.559132
-13.561932
-7.817857
-5.084407
-10.772921
-10.908151
-10.471843
-10.048599
-4.239434
-3.257538
-5.820084
-6.326069
-11.173143
-7.031138
-9.002629
-8.636171
-6.541026
-9.579177
-7.107086
-10.550206
-8.466448
-4.358894
-13.447073
-9.967744
-5.198527
-8.671256
-8.214419
-4.117353
-6.569966
-6.741912
-4.999718
-10.582819
-10.196863
-6.238617
-5.519450
-11.809494
-6.794261
-3.291206
-12.483934
-4.333724
-10.932599
-10.364686
-9.660701
-8.517303
-9.872313
-5.840627
-6.965650
-5.930672
-8.088304
-9.423097
-12.410995
-11.218278
-10.529560
-11.666032
-11.112673
-6.098748
-3.434076
-9.582055
-7.759106
-7.559726
-9.776698
-11.865026
-9.674548
-12.509485
-6.811847
-9.760272
-14.038134
-6.094963
-10.420803
-13.732758
-3.806746
-6.362189
-11.650181
-11.176580
-9.717387
-8.794209
-11.085236
-9.370358
-10.885142
-3.959030
-8.801887
-8.634132
-8.029402
-7.927579
-4.178283
-7.988081
-6.272875
-7.640497
-7.769381
-11.237493
-6.106724
-9.172223
-9.976157
-2.926596
-12.357888
-13.223286
-10.420584
-11.296426
-11.779107
-10.631399
-8.191380
-7.869397
-9.259883
-4.801600
-12.005185
-8.570486
-6.304296
-11.029191
-3.452814
-11.088048
-8.367905
-7.281772
-7.606796
-10.134345
-8.043776
-9.359808
-6.334488
-10.528740
-13.956152
-10.566671
-8.156742
-8.470843
-0.209645
-4.357613
-5.379352
-10.117081
-6.113752
-10.153284
-9.309805
-9.506128
-5.285164
-7.364231
-12.625408
-6.453759
-7.851440
-9.376005
-10.211836
-11.331274
-11.351218
-4.538149
-8.217190
-9.900602
-5.154759
-8.084856
-8.046763
-9.712469
-11.098528
-6.224474
-11.026769
-9.042927
-6.050517
-3.606325
-12.307553
-9.143056
-6.758674
-5.311741
-9.804041
-8.790211
-6.125753
-9.709773
-9.427501
-8.839385
-9.316761
-10.381973
-11.090050
-10.707648
-9.458537
-11.938820
-6.058497
-12.847342
-8.898414
-3.917681
-14.531693
-6.275262
-6.875518
-7.576725
-5.728124
-5.894323
-10.882738
-5.566712
-8.082788
-12.371511
-9.067119
-11.637639
-7.024103
-7.987833
-7.678433
-11.327948
-8.539209
-10.946036
-7.792388
-10.187741
-9.865313
-6.815683
-14.508897
1.658343
-7.081135
-7.845242
-10.691111
-3.471006
-9.726628
-10.835851
-4.154157
-4.954820
-9.081129
-5.012221
-10.860254
-6.859518
-7.834454
-10.149109
-7.521544
-10.282280
-11.762096
-9.103907
-10.614528
-7.836788
-8.727651
-8.408874
-10.922487
-11.570969
-7.611503
-14.740649
-5.639617
-10.535106
-8.389167
-9.494720
-8.595063
-8.042835
-10.174922
-9.610944
-7.495472
-10.815099
-12.017341
-9.788733
-7.679432
-7.608257
-9.197365
-12.005852
-8.285285
-13.220562
-7.601562
-8.409355
-8.014066
-7.462256
-8.815441
-9.214814
-6.566216
-8.138020
-11.073222
-5.917861
-11.439642
-12.020276
-9.663616
-11.457791
-13.019159
-11.056609
-5.457723
-8.862125
-5.822203
-5.190057
-7.258865
-6.199917
-11.249581
-5.798515
-8.483258
-10.524048
-7.109367
-6.475710
-11.831542
-9.711243
-8.530725
-7.143031
-5.491736
-11.740207
-11.085064
-9.807779
-8.437258
-9.685052
-9.069472
-11.172688
-10.802637
-5.757996
-7.109746
-11.238686
-5.532746
-6.649701
-10.649218
-8.552069
-5.063945
-10.600832
-12.350161
-10.495345
-8.725165
-4.624806
-7.655102
-9.728907
-11.206880
-14.003391
-7.768106
-7.138900
-7.855402
-10.061753
-6.119709
-7.976152
-6.399509
-7.517214
-5.299475
-13.650367
-14.593783
-10.437576
-3.846751
-7.995828
-9.052579
-8.045534
-7.188095
-7.726972
-10.494212
-9.219864
-4.578465
-14.147005
-10.428808
-7.195306
-13.654882
-9.434070
-11.957684
-3.877974
-6.231167
-3.346728
-12.179053
-7.963663
-6.261494
-8.862859
-7.460240
-8.957153
-8.691896
-6.078509
-10.141002
-6.406981
-7.739213
-3.287011
-9.699693
-11.302261
-0.989375
-9.421320
-7.871817
-9.885675
-10.211344
-4.495264
-8.318284
-8.267921
-8.189381
-10.661045
-8.211560
-6.744115
-8.943836
-9.607903
-5.862816
-8.463453
-6.677077
-8.778538
-7.188873
-6.768426
-11.098199
-11.923678
-8.400150
-13.623092
-9.636531
-7.518813
-9.111862
-10.003342
-10.077970
-10.688377
-10.661321
-8.616582
-9.928767
-8.220331
-10.492232
-6.956741
-1.660965
-10.689365
-10.976995
-6.898960
-6.730171
-6.206376
-9.785066
-7.823436
-4.093423
-8.355967
-10.925724
-6.879539
-8.252052
-8.935333
-9.682746
-9.718314
-6.286174
-12.215828
-10.794533
-9.823363
-9.903584
-12.685540
-11.966943
-10.930384
-11.421375
-5.339637
-9.644687
-5.488439
-10.844710
-9.559247
-0.057287
-6.722107
-7.543303
-12.365670
-7.039101
-7.951447
-6.237287
-12.016811
-10.483315
-10.900260
-10.833429
-6.744352
-9.538642
-2.189164
-5.828290
-9.268188
-10.585705
-10.938814
-6.447239
-8.534581
-13.287668
-9.286097
-11.989859
-10.340915
-10.100822
-8.470868
-6.864821
-8.708406
-8.997535
-9.179588
-9.639143
-8.027925
-9.106239
-8.729210
-8.980490
-8.067116
-8.497759
-12.246921
-11.347673
-3.992385
-9.436355
-9.849377
-6.097727
-12.793555
-9.838421
-11.335758
-10.613805
-7.770860
-1.702559
-7.374586
-10.186971
-4.361174
-8.198597
-4.812060
-10.821535
-11.657920
-11.248957
-11.182628
-14.485324
-10.971879
-10.701781
-8.964870
-11.279515
-5.775553
-6.458162
-4.691472
-9.405504
-6.788761
-6.051471
-14.095379
-8.498328
-10.376413
-7.989404
-9.111420
-9.171644
-8.625245
-6.972799
-9.593190
-7.520925
-12.082355
-10.085186
-6.142115
-8.346255
-5.758088
-5.595248
-7.009581
-9.835634
-4.657950
-11.074847
-7.552809
-6.570047
-7.899918
-13.417530
-13.523259
-11.733965
-12.490273
-4.168714
-13.256146
-4.724802
-8.829755
-6.246796
-9.186051
-11.229440
-5.423535
-10.411086
-10.600735
-4.885880
-10.093754
-8.809222
-8.393198
-8.742375
-6.932575
-11.761312
-10.662675
-12.487113
-8.740566
-9.649503
-8.123556
-14.129889
-9.466103
-9.181299
-7.347826
-8.998330
-10.144766
-12.326975
-11.731570
-11.230855
-9.915796
-4.516091
-4.577058
-3.136127
-7.410031
-5.165079
-0.937710
-9.368567
-7.760465
-11.635422
-4.882752
-7.267878
-6.238359
-11.498256
-12.373830
-6.159947
-12.199961
-5.932311
-13.670964
-9.538503
-7.834194
-8.898483
-6.695119
-8.603331
-9.146232
-10.048127
-11.612914
-11.880774
-11.048479
-7.400565
-9.568788
-11.549786
-8.536752
-6.377175
-7.076379
-12.415367
-9.411950
-11.087263
-12.706016
-8.811977
-9.384078
-11.791584
-8.432226
-1.737249
-5.719809
-10.052195
-5.249084
-7.806938
-11.813170
-10.010436
-3.695310
-7.964858
-8.384555
-10.102071
-9.210360
-10.529955
-7.720058
-5.743601
-5.663389
-9.032126
-5.224801
-4.095798
-6.519524
-9.740957
-10.592043
-10.060493
-11.355630
-9.132500
-8.617575
-9.821011
-5.071291
-4.972154
-7.503761
-9.234935
-9.678893
-10.351985
-4.578297
-9.695210
-10.500185
-12.769419
-6.612123
-10.223090
-4.166058
-7.757459
-8.248656
-6.604485
-7.658569
-6.971684
-10.239884
-10.986126
-8.331322
-10.250576
-9.248724
-5.130207
-8.001617
-12.283489
-6.646463
-11.730485
-7.777042
-2.266778
-8.552696
-11.820875
-9.790497
-10.241754
-9.752320
-13.618673
-7.007595
-8.036013
-6.612875
-10.821943
-8.066107
-6.972191
-5.066923
-5.755662
-9.859359
-9.983865
-10.993270
-7.384981
-7.896078
-7.100467
-7.980537
-12.318537
-11.998834
-8.448188
-9.482819
-11.031589
-9.614857
-13.466358
-11.863719
-10.758950
-5.371801
-11.145370
-9.898563
-7.497493
-8.420670
-8.109095
-9.384998
-9.212773
-6.464016
-11.252601
-11.227452
-6.226932
-7.017127
-6.307408
-9.700177
-7.648273
-10.194095
-11.526228
-5.980289
-9.086486
-8.453364
-8.567777
-6.752233
-7.503028
-8.836567
-4.977911
-6.944126
-4.662740
-12.054379
-4.648137
-14.079136
-10.191886
-9.745119
-10.144794
-12.563395
-9.764980
-6.236220
-11.339699
-13.379804
-8.992785
-4.769088
-9.868793
-6.319357
-13.731411
-9.789217
-8.112151
-12.707571
-11.080458
-9.007644
-5.111959
-5.989727
-8.862940
-8.016529
-9.849291
-5.602112
-9.007803
-5.116441
-5.038935
-9.224572
-7.822519
-11.833654
-6.370434
-10.469867
-9.099994
-8.476575
-6.411251
-6.562544
-10.959505
-11.277337
-5.091978
-9.346043
-7.418207
-9.888053
-10.333004
-10.824917
-12.833332
-4.627510
-9.979244
-10.013113
-10.417963
-8.559752
-9.095778
-11.787074
-8.229482
-9.479851
-9.535330
-10.899261
-9.978393
-10.981795
-7.647676
-12.170853
-7.056099
-11.298948
-11.500856
-7.719181
-9.753018
-9.346773
-11.353346
-6.716857
-10.109740
-10.963958
-6.741216
-6.529418
-8.550303
-7.554489
-7.589226
-10.453053
-5.091631
-3.497035
-8.430511
-13.008395
-11.366417
-5.795512
-8.396276
-10.342145
-6.506584
-12.909027
-10.195566
-10.110394
-10.035885
-11.005017
-8.659332
-8.457985
-9.313929
-12.123526
-15.139690
-8.972075
-8.749146
-11.525972
-0.573202
-10.489801
-6.011254
-10.125609
-5.449181
-5.289089
-6.932996
-11.311774
-13.218931
-11.319491
-10.799951
-8.285965
-8.120550
-6.009539
-8.992059
-11.385041
-10.006366
-9.909059
-5.742296
-8.202887
-9.123420
-8.383631
-10.492774
-9.036772
-11.060282
-9.069759
-13.508651
-11.514361
-9.910452
-10.076891
-8.663537
-10.326032
-6.914142
-7.280976
-11.918369
-5.451616
-11.883121
-9.778715
-8.256783
-7.926511
-11.174443
-10.454830
-8.959493
-0.725062
-11.396181
-7.181878
-8.332287
-6.915337
-9.317652
-12.565744
-7.311781
-6.176088
-9.628063
-6.457721
-10.967134
-9.775755
-15.784708
-7.940176
-8.878580
-12.556352
-8.535712
-10.076246
-10.267033
-13.160839
-6.885444
-8.179836
-12.414701
-10.048352
-12.813185
-6.457986
-10.525971
-6.295591
-11.833134
-10.813065
-10.117786
-5.629887
-10.075331
-9.590490
-13.640572
-10.000565
-8.260587
-12.088663
-8.921529
-8.573195
-10.099638
-11.884897
-8.770808
-5.705738
-7.057744
-10.841786
-10.227001
-10.603571
-8.285789
-9.636114
-5.460692
-5.357112
-10.911908
-8.536664
-12.223589
-8.053391
-8.301592
-11.587015
-7.218991
-9.440052
-9.018814
-11.425156
-10.336289
-10.201682
-9.883004
-12.215218
-11.257067
-13.186014
-8.826030
-3.625821
-9.698005
-10.415406
-8.188357
-6.027660
-8.439213
-7.192731
-8.426381
-9.655879
-9.954913
-6.048739
-8.055182
-11.824952
-7.433618
-11.026865
-10.195624
-5.831424
-10.054295
-10.561328
-9.229860
-38.919945
-9.586014
-7.754621
-9.580669
-8.477406
-6.878754
-11.756987
-7.096646
-7.644272
-15.457926
-6.588621
-6.103886
-12.106602
-7.563677
-10.492320
-7.129391
-8.084383
-6.609775
-7.373547
-9.302017
-8.197228
-9.576284
-7.833876
-8.415386
-9.655851
-10.410847
-9.159234
-8.447096
-12.843663
-7.440965
-5.565537
-6.086704
-8.648252
-8.588711
-9.811430
-10.473689
-9.418832
-7.602153
-7.948740
-13.843144
-10.133338
-10.252495
-9.866917
-6.641530
-8.710806
-9.997135
-7.798052
-10.407165
-8.232951
-9.145765
-12.338502
-9.423012
-10.046883
-7.982941
-9.177975
-12.149615
-8.712467
-8.803581
-4.839265
-12.643191
-8.839451
-9.595148
-11.803472
-9.171568
-7.680152
-10.596965
-8.454545
-8.028558
-4.457162
-10.030845
-8.338359
-9.730028
-13.953515
-14.199043
-11.413791
-9.057897
-13.612242
-9.054101
-12.417837
-6.191194
-9.645360
-6.474415
-12.775064
-6.456134
-3.813733
-8.956215
-6.322231
-9.220604
-9.650334
-10.952601
-8.740322
-3.527544
-10.143379
-6.956983
-15.772333
-7.735349
-7.731385
-10.829345
-5.789235
-8.554662
-11.242277
-10.533785
-7.795779
-11.660061
-13.921008
-10.372002
-10.141269
-11.310382
-5.650652
-8.394024
-11.053227
-10.916246
-13.668632
-9.544291
-6.342187
-11.500337
-3.650201
-11.727020
-2.090849
-6.502976
-4.689840
-7.122910
-11.634785
-11.145779
-10.479645
-8.513249
-11.842979
-11.365232
-11.132252
-12.740438
-8.156563
-5.417298
-9.855268
-11.411069
-13.863993
-7.731318
-12.575708
-8.660715
-12.887139
-10.480833
-7.416781
-13.430377
-14.009043
-9.142842
-7.857935
-6.250739
-9.565785
-9.964710
-5.432879
-10.940622
-7.800685
-7.623818
-10.926304
-8.735641
-13.865658
-9.759245
-7.709037
-5.465806
-12.225063
-7.643407
-4.643756
-7.724356
-5.305693
-11.366753
-9.269755
-12.770047
-7.663599
-9.702158
-8.020926
-12.025365
-9.977365
-6.269051
-10.887894
-10.038367
-10.170337
-6.307768
-10.324625
-4.110124
-10.023403
-10.973871
-9.696135
-11.305354
-11.207336
-9.834608
-10.995712
-8.958758
-9.105029
-11.704486
-12.200255
-10.255333
-12.916649
-8.551915
-10.710440
-1.190727
-11.903821
-8.799398
-11.613224
-3.056319
-7.273716
-9.577939
-7.950357
-11.914728
-11.209474
-9.604878
-12.663355
-6.557076
-10.333054
-9.127382
-10.881271
-10.326761
-6.083809
-13.083083
-9.174068
-11.143984
-9.699623
-11.272861
-9.647511
-8.287472
-10.031210
-11.600722
-8.429261
-4.087605
-7.035275
-9.224736
-11.568770
-7.863486
-11.039444
-6.353478
-9.572758
-10.761250
-14.455306
-7.264921
-13.336852
-11.116798
-8.919074
-5.452621
-10.579855
-9.766115
-12.153285
-7.189478
-7.932884
-9.536343
-10.293764
-7.296200
-6.681071
-4.723152
-9.736766
-9.468882
-13.285451
-9.938848
-7.313473
-7.226385
-7.705849
-12.305158
-9.557877
-7.832381
-10.591665
-9.548706
-12.485331
-6.248343
-7.802312
-14.788557
-13.064370
-9.735467
-8.982187
-10.387968
-8.850628
-8.364686
-8.276776
-6.692565
-10.129547
-7.694676
-7.571031
-8.350978
-13.015877
-8.435033
-9.472034
-8.074620
-7.004076
-11.538266
-8.972325
-11.152742
-5.274698
-11.159998
-6.746249
-8.346850
-10.165415
-7.252008
-10.638945
-8.332396
-10.590499
-7.284859
-10.171110
-10.182841
-5.205228
-6.791338
-9.538618
-11.008179
-8.568560
-10.271753
-7.765021
-10.687608
-13.669403
-11.529083
-10.568785
-13.492952
-7.345540
-4.072075
-9.563472
-4.802942
-10.004308
-10.684573
-10.649659
-9.995228
-5.767314
-11.658241
-11.925287
-10.054088
-16.035162
-7.350015
-8.571712
-10.383921
-5.533685
-11.526180
-8.863629
-13.211892
-12.253548
-9.204008
-8.698919
-6.589718
-9.770867
-12.860124
-8.603885
-11.910992
-8.191645
-8.501876
-13.461757
-14.396973
-12.202782
-13.719412
-13.423622
-12.101019
-10.046531
-11.612347
-7.640135
-9.035573
-10.276594
-8.751496
-9.475294
-6.047774
-9.824249
-7.634555
-15.363868
-10.298375
-12.181459
-13.304796
-6.505455
-13.116174
-11.364061
-12.399598
-8.246100
-7.852187
-11.440733
-11.127143
-8.375736
-10.542933
-7.287665
-7.758291
-11.009034
-11.947023
-12.296907
-10.215774
-10.434073
-10.226529
-9.448696
-10.354992
-11.175005
-10.238182
-10.602091
-10.179826
-7.668208
-11.936815
-12.550844
-7.558443
-7.331990
-10.744078
-12.514530
-8.568551
-7.937013
-10.668242
-9.370921
-15.116570
-8.529070
-7.094182
-12.057840
-9.099072
-11.478913
-7.682027
-7.265012
-6.166356
-9.156788
-8.981743
-10.925009
-11.838451
-14.005194
-11.727765
-7.092186
-9.510975
-12.232782
-6.447772
-6.547106
-9.292122
-9.756783
-9.277039
-8.245365
-7.609447
-10.946278
-9.824734
-6.998347
-2.599538
-4.154015
-5.037560
-8.249449
-8.034007
-9.985149
-7.448584
-11.852624
-12.603965
-10.893137
-12.354456
-6.903427
-10.021883
-15.033754
-8.119607
-10.182022
-7.532046
-12.388012
-10.596125
-10.029465
-9.047356
-7.115878
-10.056296
-8.784544
-6.622519
-7.244063
-6.020063
-9.502501
-7.952768
-4.914743
-10.339585
-6.207794
-10.504183
-4.602444
-10.925569
-9.960041
-3.834375
-10.889909
-11.553873
-11.219043
-12.802884
-6.653085
-7.332766
-3.645292
-8.442911
-5.408689
-13.574295
-11.449130
-7.953576
-7.372615
-4.965659
-11.307819
-8.860360
-10.162225
-0.629963
-8.767813
-6.735787
-14.775036
-10.600698
-3.137585
-10.750710
-7.414051
-10.941974
-11.362539
-9.316398
-8.270793
-6.823054
-7.651047
-9.406858
-10.113696
-11.265165
-6.426112
-11.439280
-7.221415
-10.287656
-7.467185
-15.091477
-10.240249
-8.167859
-10.348850
-11.872362
-9.017965
-10.163093
-9.123037
-4.825799
-8.588454
-9.412144
-11.573610
-10.414651
-10.949025
-8.323954
-5.322324
-13.142560
-8.958030
-16.132107
-7.529039
-8.285390
-14.523052
-7.010405
-11.004824
-8.512635
-13.202923
-6.596017
-8.328556
-10.451195
-7.648679
-6.890904
-5.075974
-12.768077
-5.698382
-11.401464
-8.898561
-11.961077
-9.814948
-13.921631
-11.547078
-10.144874
-10.010603
-5.696560
-12.278621
-9.212301
-10.035349
-5.030142
-6.726757
-9.070382
-6.945551
-10.608922
-10.146935
-12.403334
-13.318381
-11.010803
-12.381524
-10.625120
-4.551751
-11.344879
-8.478065
-11.216128
-9.070949
-7.605166
-11.428950
-7.809186
-7.848071
-10.349106
-10.390905
-6.749991
-7.345123
-11.473784
-9.212387
-9.369102
-11.330246
-10.782334
-18.111347
-8.092536
-5.893803
-10.677074
-12.112894
-5.995119
-10.149252
-10.227609
-11.815825
-11.797387
-11.848486
-11.074796
-6.554744
-14.035309
-8.270062
-7.344754
-12.471913
-8.452038
-13.704453
-13.067987
-11.432499
-10.804264
-10.846706
-5.984701
-12.186430
-7.056688
-9.775475
-10.193460
-11.408764
-10.944627
-9.163067
-12.740008
-10.830035
-8.331915
-8.096202
-8.557500
-9.835761
-7.726039
-12.908749
-13.280627
-12.783684
-6.840013
-12.164343
-12.543045
-4.251033
-4.862626
-12.625227
-6.439838
-6.992979
-9.823693
-11.678858
-9.353346
-10.197561
-11.900560
-10.627834
-7.201162
-7.752767
-6.936378
-11.788709
-7.620638
-10.475212
-9.048314
-5.827220
-10.226660
-8.893759
-8.757833
-9.509725
-7.703353
-6.213385
-8.928837
-7.298520
-13.833987
-10.999677
-5.353097
-11.905168
-6.572772
-8.934217
-8.808341
-7.622543
-7.395936
-8.012243
-9.176924
-7.361139
-9.965495
-14.045042
-8.080601
-13.906104
-8.395196
-6.440149
-10.500694
-7.708961
-10.682545
-10.098829
-9.536233
-7.513537
-7.438141
-7.101582
-7.923401
-11.834018
-11.795619
-9.040905
-12.961059
-11.434796
-10.289467
-3.737092
-9.292244
-8.268240
-12.367067
-12.920380
-13.575377
-7.815852
-10.060236
-7.422370
-8.158548
-5.953099
-12.463881
-7.919074
-8.743457
-11.750902
-8.128787
-8.258149
-5.251284
-13.370124
-9.270681
-6.484065
-10.157205
-10.314320
-6.983644
-8.436219
-11.401262
-13.028604
-11.825026
-8.690490
-12.278461
-13.200809
-5.572777
-9.737419
-8.306700
-8.287460
-10.152916
-10.222801
-11.084749
-5.656127
-13.779326
-7.185261
-12.282102
-9.330269
-7.473167
-4.387256
-6.084167
-8.084879
-9.358423
-11.390749
-10.290462
-13.089727
-12.223573
-8.594191
-9.902828
-15.095354
-9.588462
-9.220652
-10.441990
-9.806669
-3.858270
-8.937698
-11.427209
-8.892150
-10.273438
-9.239142
-6.428343
-11.045385
-9.697449
-9.054523
-12.112129
-8.487283
-10.123364
-7.570082
-12.149803
-2.726067
-9.398876
-9.067299
-9.157120
-9.286541
-3.832565
-8.498258
-10.077886
-8.927587
-9.097225
-9.355433
-13.363006
-7.841836
-9.729787
-11.526993
-12.155114
-7.534676
-7.803941
-9.271583
-7.582090
-11.265883
-9.704683
-3.927905
-5.914255
-12.436300
-9.140377
-8.404561
-32.029316
-10.232936
-12.088041
-10.963904
-7.005644
-7.902462
-9.362235
-13.802577
-12.191068
-5.853072
-13.170488
-9.799028
-13.334937
-17.268663
-10.221377
-7.273913
-4.122149
-7.589806
-10.388553
-8.215220
-11.870209
-11.175271
-8.453168
-8.297260
-9.769665
-8.364789
-9.293812
-12.876765
-8.709262
-11.785767
-11.622765
-6.225495
-13.599980
-10.307129
-8.859756
-9.566815
-11.300701
-10.133448
-10.235341
-11.138366
-11.009388
-7.290983
-10.587273
-9.331934
-12.832747
-11.594122
-10.529484
-12.949191
-9.983749
-8.482210
-8.083534
-10.030672
-8.754229
-7.333747
-5.712136
-11.618502
-10.272520
-6.437178
-7.073791
-10.374719
-10.319229
-11.768030
-10.070275
-6.441039
-8.551016
-10.242620
-13.727587
-8.244190
-12.850991
-12.303892
-12.646567
-5.337915
-12.291622
-11.208927
-8.892819
-8.127911
-10.741089
-4.225904
-7.988626
-8.981013
-8.014064
-10.116922
-5.670588
-10.751672
-10.838959
-13.115492
-13.490389
-9.470676
-7.618736
-11.438569
-12.571796
-11.122615
-8.776705
-6.838775
-4.343846
-13.706630
-7.499366
-10.944916
-10.763908
-7.611028
-11.089001
-9.294933
-10.366926
-10.315916
-11.029140
-8.648909
-7.444535
-8.519075
-8.626887
-13.255874
-11.214996
-9.646807
-11.437837
-7.711660
-11.393320
-7.999349
-5.642523
-7.029368
-9.170380
-13.258890
-11.772035
-10.658432
-8.538272
-9.591362
-13.225946
-8.106874
-12.586571
-10.027981
-7.322144
-6.207472
-11.002735
-10.000596
-10.431168
-8.974815
-12.955564
-6.924207
-8.472942
-10.646770
-6.105355
-13.307531
-10.796114
-13.464318
-12.589473
-14.372131
-7.624817
-8.585192
-4.812511
-11.263689
-11.447374
-11.201264
-10.393360
-6.614355
-13.404586
-10.186390
-10.609296
-5.826783
-11.579573
-4.984091
-11.096654
-7.538395
-11.275394
-7.986133
-10.835767
-10.648281
-11.548812
-8.368818
-10.684566
-9.623292
-7.411624
-8.832336
-11.864298
-7.186258
-11.898005
-10.000205
-4.639973
-7.276793
-11.661777
-14.509997
-5.093038
-8.150634
-9.725709
-7.984562
-8.938250
-12.453791
-19.965357
-9.464681
-11.376730
-7.815006
-9.542542
-11.356281
-12.174347
-10.698943
-12.927907
-11.122848
-9.343384
-10.358489
-9.323175
-8.355153
-5.687109
-8.411462
-8.916622
-9.373786
-8.090201
-6.877423
-9.748463
-10.511394
-5.445638
-11.974874
-7.062108
-14.837264
-9.630417
-9.085523
-8.343217
-9.316579
-8.639076
-7.751545
-6.795413
-9.392580
-33.504238
-11.559553
-10.914741
-11.854992
-9.121213
-10.817779
-7.620973
-13.055155
-6.845764
-11.198167
-11.234072
-12.071972
-7.969584
-4.787909
-6.143323
-10.491167
-11.838272
-10.791344
-5.494945
-6.562838
-12.590370
-11.335186
-11.096769
-9.279217
-12.168832
-10.124760
-7.447762
-6.846385
-10.634098
-11.084321
-6.178922
-13.610563
-12.572458
-12.095309
-11.961949
-8.286966
-6.743598
-12.973280
-10.495216
-8.011784
-13.928102
-7.862731
-10.715780
-11.366945
-12.368471
-8.655170
-10.730484
-7.528082
-12.354699
-5.942115
-10.390502
-11.075416
-11.715891
-13.475868
-8.686466
-11.821630
-4.764155
-5.999114
-9.527497
-6.849259
-9.569477
-10.279428
-10.365240
-9.449487
-9.402269
-6.669985
-12.602339
-11.480579
-8.004786
-4.919169
-11.515154
-14.343257
-9.105447
-7.248265
-8.565083
-6.968423
-11.544399
-10.506600
-12.552435
-13.461729
-9.426116
-12.072552
-9.383041
-8.264079
-9.988458
-8.498221
-8.829158
-9.532530
-11.127710
-7.979698
-3.704266
-12.364912
-7.169422
-9.146219
-10.450984
-7.585631
-13.253447
-9.271602
-8.864138
-13.091458
-10.875024
-6.747585
-9.483471
-4.186444
-10.496661
-6.875280
-4.999870
-11.766590
-11.723169
-11.524409
-8.365899
-9.278630
-3.464930
-8.809783
-11.803411
-9.764209
-8.977460
-9.717213
-10.165168
-4.493911
-13.980709
-13.327729
-6.596497
-9.329628
-8.013275
-9.314185
-9.882318
-8.249928
-9.655419
-9.397881
-8.273817
-7.944098
-3.650845
-4.950696
-10.902179
-7.932171
-9.204339
-7.969040
-8.663538
-8.375245
-7.379416
-10.848713
-7.857755
-14.016939
-8.966686
-8.483561
-13.962480
-7.817008
-11.440388
-6.800757
-9.423532
-7.876247
-10.527742
-11.470600
-8.790792
-8.094008
-11.074378
-10.697999
-11.668241
-8.409910
-10.925926
-10.635916
-10.441858
-6.790607
-10.450006
-8.611732
-12.705727
-14.336590
-8.388492
-10.976107
-8.846983
-11.474052
-10.052692
-9.399500
-7.383502
-9.855727
-10.788411
-7.660256
-9.186835
-5.362545
-11.417172
-6.124074
-7.914886
-9.767307
-15.548227
-8.724252
-9.936763
-9.975670
-12.221609
-12.941363
-6.489345
-11.808976
-11.832468
-11.287155
-13.785457
-9.871466
-12.222196
-11.153588
-5.921301
-11.192800
-8.603172
-12.463644
-10.947610
-11.739069
-8.675813
-9.581664
-5.207136
-9.448524
-10.525107
-11.378474
-8.924596
-11.033851
-12.778436
-12.552557
-9.176661
-11.297898
-8.785404
-13.052777
-5.302007
-12.768104
-10.239255
-9.160402
-8.173376
-6.801301
-13.558117
-11.343499
-10.014421
-8.237610
-8.616280
-10.012313
-11.933054
-9.894802
-10.693786
-12.452770
-6.309796
-7.032177
-10.732656
-31.543459
-6.909993
-11.408169
-10.485178
-11.388580
-8.922648
-8.170343
-10.579883
-8.430449
-12.476488
-11.170120
-13.254627
-11.082425
-10.614406
-10.335297
-10.490362
-9.413813
-8.246734
-12.416897
-11.409463
-8.395207
-12.091057
-10.268917
-7.116131
-19.679640
-10.450001
-11.907321
-7.642022
-9.463179
-9.148492
-11.472166
-10.509888
-10.866808
-8.265263
-10.469014
-9.640121
-9.728273
-7.551757
-14.663869
-6.917259
-14.005072
-9.337449
-12.013321
-9.626216
-13.739641
-10.816315
-9.171878
-0.728231
-9.425936
-11.785559
-12.060938
-6.664161
-8.985892
-5.466090
-7.410546
-9.278494
-12.106013
-11.264628
-10.169252
-9.590127
-8.456241
-11.854697
-9.286201
-7.712625
-12.163523
-9.592258
-8.547989
-9.816779
-7.727878
-15.688297
-8.222244
-10.095946
-9.154767
-11.038203
-8.649522
-13.810946
-12.658876
-9.475827
-15.081598
-8.530373
-8.269158
-8.234012
-9.113363
-8.389260
-7.814116
-10.784401
-11.264526
-11.502398
-9.459784
-11.036838
-8.477015
-7.627843
-5.790536
-9.843445
-9.379900
-10.520535
-11.487321
-11.613263
-7.175311
-8.187091
-11.271606
-11.289100
-9.002042
-9.933662
-7.783916
-11.017987
-10.925624
-9.930432
-10.407330
-8.929818
-9.314347
-13.222214
-6.606621
-12.592424
-5.098417
-8.397156
-11.780709
-11.064471
-7.454226
-11.177703
-8.367789
-12.413460
-10.835197
-11.912631
-10.768663
-8.960663
-8.408966
-13.698485
-14.006618
-7.403738
-12.540197
-3.881470
-11.960241
-10.050508
-11.011733
-11.176084
-9.422375
-11.744082
-10.702842
-9.956775
-9.320457
-8.012769
-7.690821
-9.648213
-8.756816
-5.338368
-8.631815
-10.083543
-11.297054
-11.999929
-8.706353
-8.243340
-6.579766
-8.049400
-11.119722
-11.531880
-14.302901
-7.018650
-9.043726
-8.799763
-9.655704
-13.665752
-10.372375
-8.053421
-11.150751
-5.678047
-7.205733
-9.365463
-9.232588
-11.395926
-9.553213
-10.959742
-8.686398
-9.534916
-10.418525
-5.703074
-11.744457
-7.056405
-11.607416
-12.522766
-7.318948
-8.008921
-11.687975
-10.800920
-7.024303
-11.448977
-7.415944
-9.435207
-9.527372
-9.329911
-10.910591
-10.254051
-12.319935
-12.196774
-12.494882
-9.962220
-12.765034
-11.259259
-9.728313
-12.095404
-9.761599
-10.725637
-7.533301
-6.653615
-12.673704
-10.427384
-10.948467
-11.487674
-7.995865
-8.345693
-8.791954
-2.902055
-10.998528
-8.972881
-12.241629
-8.573512
-5.772643
-8.440656
-10.783700
-9.803798
-5.859463
-9.051291
-11.080773
-9.302139
-12.691584
-6.698229
-9.451464
-7.211099
-13.315781
-21.887939
-6.564404
-9.205180
-11.668427
-12.047585
-5.434299
-9.692927
-13.990592
-10.340337
-10.049852
-10.651321
-10.965026
-13.040412
-5.840357
-11.445704
-10.296597
-11.685071
-7.349246
-11.124478
-16.315887
-10.730906
-9.395574
-8.865147
-9.701728
-11.129262
-7.712512
-12.964206
-8.993922
-11.738393
-5.462083
-5.901780
-11.748896
-11.413781
-9.570698
-4.766705
-7.893157
-12.441683
-10.316317
-8.114601
-9.559611
-7.405477
-7.067725
-11.316387
-5.770895
-18.467825
-9.861073
-12.810392
-12.622335
-10.259781
-12.321749
-9.788308
-9.917754
-7.436481
-8.743086
-11.162071
-10.069118
-9.431630
-5.498824
-13.258163
-11.787678
-11.394072
-10.121082
-12.482363
-8.631460
-12.311296
-11.444360
-8.057004
-8.335332
-9.626930
-7.599896
-10.866208
-14.130727
-11.269332
-8.243389
-10.341494
-10.005890
-11.809561
-11.468199
-12.416358
-9.350452
-4.973487
-12.539521
-7.806054
-10.817592
-9.367222
-12.130266
-10.300993
-9.582250
-7.276109
-10.077151
-9.957863
-10.463770
-9.259249
-6.905658
-13.348683
-9.267650
-10.710016
-10.549396
-9.983819
-10.973020
-14.635352
-8.216577
-13.308512
-11.930634
-6.816046
-6.328412
-6.080010
-5.566213
-6.957471
-9.067005
-10.007958
-10.657182
-6.770253
-13.626863
-8.514664
-10.653506
-11.840048
-15.323111
-4.884942
-9.524438
-6.274329
-12.609667
-4.700807
-13.088132
-9.545047
-7.058032
-14.103626
-10.250635
-9.944610
-8.846786
-11.799655
-10.457249
-12.172516
-11.961849
-5.707157
-9.472249
-11.197960
-12.919816
-17.988005
-8.519844
-10.391157
-9.961624
-10.752469
-7.572313
-9.002914
-6.886967
-9.296363
-13.476818
-5.644975
-9.133078
-7.371967
-11.230501
-10.655268
-8.440127
-10.016373
-12.164542
-9.588035
-10.462081
-8.601062
-9.418418
-4.522258
-6.007605
-10.247571
-10.526900
-7.645197
-12.339977
-11.007907
-10.697376
-12.944014
-10.828111
-10.582172
-11.048472
-7.444145
-12.275372
-9.768952
-12.902369
-9.356820
-8.258673
-9.859749
-6.168769
-12.009209
-8.392147
-9.944746
-7.003079
-7.989686
-12.153349
-9.761153
-11.257633
-14.590545
-11.652907
-7.543054
-5.752373
-10.308269
-6.583679
-8.550893
-13.843103
-8.379299
-9.155981
-8.413092
-7.154721
-11.241420
-12.560694
-13.478703
-13.765815
-5.819389
-8.937258
-14.027872
-7.952280
-13.027454
-9.891427
-8.650834
-8.947427
-9.681245
-8.361116
-9.831421
-10.344482
-8.263123
-11.848740
-11.266958
-11.708604
-13.329805
-12.156310
-13.849936
-11.521085
-9.179030
-7.195290
-5.444930
-8.616186
-13.478835
-9.493119
-8.833597
-9.587182
-14.071145
-5.826119
-9.197825
-11.953509
-8.875325
-11.407713
-7.600102
-11.509890
-10.353832
-10.492826
-11.419895
-12.625772
-11.469879
-6.924129
-8.685826
-7.465511
-8.973545
-5.011647
-8.045415
-9.729273
-6.185329
-9.348711
-10.702180
-2.836382
-9.430185
-8.318274
-13.889490
-7.343187
-7.600446
-8.484771
-11.288036
-10.869095
-8.638021
-5.566555
-9.113316
-5.669971
-10.661839
-8.157244
-12.180902
-7.291574
-6.949114
-8.146363
-7.818688
-6.579313
-12.294112
-8.708093
-11.680582
-14.115013
-6.580634
-11.939184
-5.356673
-6.992466
-11.111440
-10.334682
-11.003721
-12.384132
-6.601602
-9.155881
-5.768681
-10.968670
-7.479644
-11.590855
-9.643891
-11.264088
-10.804399
-12.566031
-11.829158
-14.725426
-7.527981
-13.127225
-9.116458
-14.101728
-13.831712
-11.219843
-14.056505
-9.591528
-7.159320
-8.664369
-7.779426
-10.194920
-5.037672
-9.502206
-6.584180
-8.671644
-8.014324
-14.966449
-7.587106
-10.347328
-11.087831
-7.565190
-10.641747
-8.471360
-12.775640
-8.806385
-13.576759
-11.734131
-7.184107
-12.600875
-11.814837
-10.062199
-10.273208
-13.928942
-12.304108
-9.589020
-7.316340
-12.113605
-12.029364
-4.323621
-6.239251
-9.032305
-9.988474
-9.527417
-9.827257
-8.449114
-9.216322
-9.043159
-9.562099
-7.454537
-7.408415
-9.641543
-8.096946
-12.314731
-11.919526
-2.176743
-7.467097
-8.707956
-9.522848
-9.374266
-7.437883
-7.395141
-12.387531
-10.061445
-8.303043
-8.158399
-12.030498
-8.237631
-12.562511
-13.863370
-11.470887
-11.818026
-8.864818
-11.257177
-11.595212
-10.415266
-10.715442
-6.373957
-12.113482
-8.959314
-10.139678
-13.648999
-11.179119
-9.986128
-13.236015
-14.333498
-6.664861
-9.532486
-12.950601
-10.312505
-8.442956
-8.599684
-8.278213
-7.246114
-11.405686
-6.324957
-13.261448
-11.933827
-12.252575
-7.109819
-7.694020
-8.713683
-11.890255
-9.025636
-8.764983
-9.256441
-9.693800
-12.753675
-11.383768
-9.735677
-12.408448
-7.608150
-8.181250
-13.382340
-12.029235
-11.483043
-12.396364
-8.060435
-11.525949
-9.149846
-13.849418
-10.470066
-8.916151
-7.732522
-10.936796
-8.848564
-4.950868
-12.224411
-37.693268
-9.391748
-7.767149
-10.792095
-10.661740
-12.923225
-7.433875
-9.604176
-7.829024
-11.211452
-10.889090
-7.768336
-7.859424
-11.744402
-11.066319
-8.986444
-2.487928
-12.132557
-11.359675
-6.963350
-7.994678
-9.245343
-10.426875
-11.540608
-7.895930
-8.429442
-9.818654
-4.591512
-9.282984
-6.458564
-13.258448
-8.562433
-8.842330
-7.064611
-8.308280
-11.563461
-12.024100
-12.166512
-7.423090
-16.826630
-11.058817
-9.361005
-12.325811
-10.620350
-10.247458
-9.912855
-10.727865
-9.918866
-8.487038
-11.393951
-10.283543
-10.909482
-10.384283
-11.296644
-5.822952
-16.643375
-8.925194
-8.939435
-8.995144
-11.443020
-8.320258
-7.398435
-10.518018
-11.147852
-9.975002
-7.042311
-13.926445
-10.099252
-12.206537
-6.969349
-7.263580
-12.890429
-10.243974
-8.580232
-12.229273
-8.713900
-8.038767
-6.120528
-10.856129
-10.831717
-12.055401
-10.041598
-5.282481
-6.719256
-9.045041
-10.514617
-12.118769
-7.382848
-3.706326
-12.130053
-10.268831
-7.888415
-8.289393
-10.043997
-7.337329
-10.657228
-9.103757
-8.628963
-8.698770
-9.208441
-9.184043
-12.988733
-8.796751
-7.393893
-8.717875
-13.136347
-9.205083
-8.868296
-11.542500
-10.463435
-10.975799
-10.711819
-15.106037
-14.055788
-7.235743
-10.435738
-10.251268
-4.718078
-10.078190
-11.173339
-12.612812
-9.719399
-4.261236
-5.736848
-9.277601
-20.384407
-2.599035
-14.233455
-8.846777
-10.566701
-9.292097
-8.102567
-11.248264
-6.650904
-11.417061
-8.526762
-10.754696
-16.154795
-8.745346
-9.902108
-8.373475
-6.365471
-8.421279
-9.057460
-10.537807
-11.026467
-9.550504
-9.464540
-11.557862
-4.610569
-14.163406
-8.623557
-7.016869
-10.416813
-10.556521
-8.445821
-11.122789
-10.237258
-10.791984
-6.587562
-7.783357
-8.008117
-10.739598
-8.935591
-12.894241
-12.749430
-12.880065
-13.495754
-8.944716
-7.910613
-12.394487
-4.585902
-13.317488
-14.729704
-11.754829
-6.806647
-10.339147
-9.259528
-9.477961
-13.154415
-9.718593
-11.117686
-7.830398
-6.865893
-10.640541
-8.396735
-12.444684
-12.084836
-9.266130
-9.843067
-8.374496
-6.758510
-8.330972
-9.309599
-8.448452
-12.308312
-12.854200
-9.694587
-8.732262
-11.787478
-8.095338
-10.345367
-8.936981
-8.348196
-7.161604
-9.291462
-6.180985
-11.854126
-11.358829
-10.969955
-13.638964
-8.462881
-11.730093
-12.914110
-4.432976
-12.626331
-12.472244
-6.175267
-9.933748
-9.384838
-11.989814
-8.001741
-9.256990
-12.871226
-11.118550
-11.471977
-6.173539
-10.274195
-9.372366
-13.167772
-10.776006
-6.910412
-9.207297
-8.604175
-10.567740
-11.561285
-9.980429
-11.276091
-9.726428
-12.551831
-9.127342
-11.591992
-10.445618
-3.802080
-9.627562
-8.225302
-11.986043
-7.161013
-13.376348
-7.028980
-11.595570
-5.370167
-11.915843
-9.677807
-9.292752
-13.280466
-13.569867
-6.849319
-14.430021
-10.760300
-9.514812
-11.626070
-9.852717
-9.755430
-8.728704
-10.848425
-11.834171
-11.606376
-10.265060
-8.763067
-11.508758
-7.599251
-10.072095
-11.459686
-7.953401
-11.933228
-8.708155
-11.187048
-11.007234
-9.362852
-9.191695
-8.337591
-9.260082
-10.937146
-8.675541
-9.675177
-7.041308
-8.447428
-13.630504
-8.106690
-8.838592
-10.539107
-10.174163
-8.946070
-10.277312
-10.619562
-3.553286
-11.350429
-10.555392
-6.655385
-7.226799
-10.328643
-10.060272
-10.239591
-9.184932
-12.472567
-13.114031
-10.393373
-11.934459
-9.490337
-9.861267
-11.485141
-10.202324
-8.478230
-9.835236
-6.362459
-7.578603
-10.109519
-8.506960
-13.852946
-6.928854
-8.822597
-10.628160
-8.498595
-8.892587
-11.065125
-10.438786
-10.674610
-11.497295
-8.866324
-10.543448
-9.561058
-11.786458
-13.146351
-10.444759
-10.957960
-10.117162
-6.469427
-11.468040
-9.183820
-8.354702
-13.654311
-4.335116
-12.991220
-11.032631
-8.062647
-11.403967
-11.847572
-6.537113
-6.777574
-9.664350
-12.437202
-12.043226
-11.702211
-6.811765
-9.804985
-14.209501
-14.622485
-11.074653
-6.170285
-7.931607
-9.846996
-11.543766
-5.935402
-8.399696
-9.922853
-10.390650
-9.781527
-12.970551
-12.227446
-3.573210
-10.514547
-11.527494
-8.509346
-12.923052
-12.583387
-10.809731
-14.185154
-9.148475
-7.315316
-12.189180
-11.062233
-10.704500
-12.063427
-13.659840
-11.178904
-9.311605
-8.416525
-9.368424
-10.762246
-5.987820
-9.316961
-10.746822
-9.894243
-11.771466
-7.879183
-14.222258
-0.359740
-12.288196
-7.866374
-7.733479
-11.802923
-10.868396
-13.268460
-14.655280
-5.585028
-10.569070
-10.595343
-8.602104
-5.999666
-9.177856
-12.219042
-11.331326
-6.373976
-8.189624
-10.428608
-11.307970
-12.261192
-7.288412
-11.962893
-12.146261
-7.863057
-9.728576
-7.569772
-14.575244
-9.790298
-9.045794
-12.292637
-6.574465
-9.417327
-12.974405
-9.793931
-11.320085
-12.406685
-14.518568
-10.654511
-10.515101
-7.133467
-12.267691
-7.485463
-4.435620
-9.744070
-9.803955
-6.603222
-8.663853
-10.834557
-6.801511
-10.103690
-8.842470
-10.404703
-9.303483
-10.227376
-13.814590
-12.378858
-13.742790
-8.160894
-12.426042
-8.543221
-10.751427
-10.511976
-5.751774
-11.666641
-7.028916
-9.130853
-11.735605
-4.919885
-8.072771
-10.715551
-11.831680
-7.686236
-11.153481
-10.621452
-9.574552
-10.594728
-11.343084
-10.241684
-9.349937
-9.319976
-8.711602
-8.455863
-15.123486
-13.935452
-13.127556
-13.667317
-8.808296
-6.615341
-13.351404
-14.248832
-13.616154
-10.201395
-2.975771
-9.049903
-8.197096
-11.145531
-9.586800
-7.768542
-10.258833
-8.370307
-11.244363
-8.815929
-9.907287
-10.513488
-12.105750
-10.574265
-8.599924
-9.748313
-11.104267
-9.016863
-8.848720
-9.294550
-8.325024
-7.554146
-7.469030
-10.316936
-9.599937
-8.765123
-12.994947
-14.976638
-11.978766
-9.388454
-11.904850
-7.514409
-16.212839
-7.192592
-8.213634
-4.873152
-10.503234
-11.736280
-22.694061
-8.996661
-9.871595
-12.637208
-5.884304
-4.429984
-9.340119
-8.679856
-9.938742
-10.449350
-9.723959
-9.587322
-12.879737
-12.097817
-4.873783
-8.055813
-10.679358
-11.022066
-8.445402
-12.411019
-8.319263
-5.397953
-6.479438
-12.358165
-8.748609
-5.941898
-7.382146
-10.292731
-11.692499
-10.364618
-7.705559
-8.826360
-10.515473
-8.885247
-12.696342
-9.480903
-11.495917
-9.604986
-8.772021
-8.331681
-10.684501
-11.708277
-8.496480
-11.670351
-8.884860
-13.154002
-10.891905
-11.602266
-7.498846
-10.584903
-10.476414
-10.939548
-9.841810
-8.137491
-11.330530
-12.093800
-6.398169
-10.908527
-9.535552
-9.931788
-13.650555
-8.808065
-14.252918
-7.200165
-7.817536
-10.148610
-10.816853
-8.023035
-12.521479
-9.911623
-9.730310
-6.660979
-11.941167
-4.883256
-10.313329
-13.184472
-13.432084
-11.690757
-14.105101
-12.065211
-11.422888
-11.021973
-10.498942
-11.503575
-10.560436
-7.599846
-6.120810
-9.673720
-8.530194
-7.479969
-10.995240
-11.002954
-11.514948
-13.183889
-13.519757
-12.227722
-14.757611
-8.714775
-8.602303
-11.564166
-11.709865
-7.283329
-13.410639
-10.104078
-8.686767
-10.009450
-5.702143
-7.464787
-9.585282
-12.582521
-11.279426
-10.476469
-6.626316
-11.597032
-5.738541
-9.904905
-9.965221
-11.181995
-7.737394
-10.322016
-10.985211
-5.285055
-8.087103
-14.679180
-5.282155
-10.229893
-5.213678
-6.989623
-9.762203
-12.416818
-10.577527
-7.010751
-11.118210
-7.557361
-12.069421
-7.003184
-4.922914
-11.403028
-14.806749
-13.102865
-10.150778
-9.904917
-8.619642
-13.357762
-9.226475
-6.676304
-10.932071
-10.198144
-6.732689
-13.242365
-14.568236
-10.694960
-9.540091
-12.055849
-12.136962
-5.467493
-11.129274
-9.822062
-6.848958
-13.705791
-9.996147
-14.385676
-10.904145
-11.674360
-2.783313
-10.142666
-11.707810
-8.881729
-11.046058
-14.109505
-9.670454
-9.826191
-7.886743
-9.989079
-8.201884
-11.656488
-9.139004
-27.734926
-8.598021
-4.150321
-12.859033
-7.787684
-8.889322
-8.700030
-10.233568
-12.226040
-13.159824
-10.517711
-6.434793
-13.579235
-7.466623
-10.420325
-12.468359
-11.085062
-8.712838
-10.615197
-10.546566
-9.853717
-8.907694
-10.511897
-12.085141
-13.181837
-6.279087
-11.819966
-14.650160
-10.185469
-9.784297
-9.082986
-11.395818
-9.517910
-13.003440
-9.335972
-9.383531
-12.255792
-10.367046
-10.401712
-11.321353
-10.048449
-2.199404
-10.731463
-13.142622
-8.740670
-10.844538
-9.350484
-12.158910
-9.477086
-12.236494
-10.146129
-12.068905
-9.905616
-12.103028
-9.553308
-11.327717
-3.663187
-8.690027
-10.853268
-14.542389
-13.770295
-8.442687
-5.927225
-10.691113
-14.515628
-8.025729
-11.172361
-10.415718
-11.449662
-7.637157
-13.724322
-9.980697
-14.732998
-4.988593
-4.569962
-9.575943
-13.047508
-9.953315
-7.472829
-5.445734
-10.995305
-8.020182
-8.152682
-6.622147
-11.849111
-14.070168
-12.741848
-12.278091
-11.210399
-8.801414
-10.497404
-7.379569
-8.307487
-13.338109
-6.701712
-8.359093
-8.506230
-10.913532
-12.269984
-8.426183
-9.128580
-10.063650
-10.461199
-32.010368
-14.131246
-10.680606
-8.944332
-11.706059
-12.286749
-8.105913
-27.532122
-9.545872
-11.101236
-10.398409
-9.451306
-11.380403
-8.528069
-9.310251
-5.475484
-6.106113
-9.088149
-7.861701
-7.455923
-6.193389
-8.042141
-7.110622
-10.235692
-7.656353
-5.965816
-7.211128
-13.938290
-9.600528
-8.427146
-9.827703
-8.719400
-10.762761
-10.323358
-6.845968
-13.406858
-8.158040
-6.584371
-8.864269
-8.323763
-8.880169
-11.959369
-10.972449
-8.304141
-6.531756
-14.447563
-11.382487
-8.197659
-11.871864
-9.507126
-8.007959
-11.426734
-11.309631
-13.284786
-10.095365
-14.891121
-6.009989
-10.745755
-12.712830
-11.612407
-6.930814
-8.966583
-5.654467
-10.813324
-12.109992
-9.950885
-6.423903
-9.210851
-8.812855
-13.038575
-9.592822
-10.300590
-10.583203
-11.163662
-12.688450
-10.489763
-8.217353
-6.010870
-10.411767
-3.486083
-6.117200
-12.716487
-12.765327
-14.028776
-11.136246
-10.266374
-9.238538
-10.664511
-6.103498
-7.044929
-10.405928
-10.322313
-10.486282
-9.039935
-14.712739
-9.587152
-14.613048
-7.996103
-10.487442
-9.572615
-11.343366
-12.679364
-11.733022
-9.764759
-10.662084
-9.394346
-8.376932
-9.327883
-9.461621
-11.671405
-9.520970
-14.227918
-12.472825
-10.651805
-9.497725
-8.304217
-7.110243
-11.988587
-15.649550
-11.256163
-12.865911
-11.412117
-8.225264
-6.180644
-12.175111
-7.317468
-9.835440
-11.411275
-6.280761
-9.503983
-13.405789
-4.778055
-13.169446
-9.100509
-9.408753
-10.121738
-14.458510
-10.963966
-6.949825
-11.887069
-11.361307
-10.022358
-8.093572
-11.156748
-4.738050
-10.281211
-13.487059
-12.506317
-11.382956
-11.961166
-10.733515
-4.501144
-4.528314
-2.849254
-9.815351
-8.803067
-12.168018
-13.358536
-8.314849
-8.176624
-9.388582
-11.279696
-9.332964
-9.302520
-12.972718
-7.620194
-11.077051
-6.594044
-9.784881
-10.058340
-9.542854
-9.974857
-16.727526
-6.961392
-8.001701
-9.793358
-11.123989
-11.276555
-11.652938
-11.422935
-9.497042
-7.126348
-8.187772
-9.238196
-8.735890
-12.110736
-8.711090
-9.224085
-11.630350
-14.668510
-11.345267
-11.105464
-11.996769
-9.428521
-12.710358
-12.647424
-9.827112
-13.398181
-12.527661
-9.143270
-10.741394
-10.760729
-13.873127
-10.558115
-11.128689
-9.704012
-8.417521
-10.229721
-7.780366
-12.381713
-9.757616
-10.598806
-11.157313
-10.730675
-12.170059
-6.259071
-12.103550
-8.098886
-6.694391
-11.265652
-11.450430
-11.139996
-9.381935
-8.263288
-9.294648
-10.594859
-11.836823
-12.112934
-8.433152
-8.413365
-10.477806
-8.944332
-11.825195
-9.535580
-11.240891
-11.237474
-11.976139
-11.019848
-12.992132
-7.793411
-13.677485
-10.493976
-14.210639
-10.932404
-10.418781
-10.392680
-9.296921
-13.326417
-5.537861
-10.454597
-9.852603
-11.496816
-11.800355
-12.008276
-12.832546
-9.514394
-14.729766
-12.292789
-11.734835
-7.255124
-12.230702
-7.472053
-10.662346
-17.979813
-10.518801
-7.406796
-10.745924
-7.871562
-7.699027
-9.254769
-11.554306
-8.359024
-8.188396
-13.814670
-11.288825
-8.989097
-13.427749
-9.348427
-13.078137
-15.562735
-10.785604
-12.773928
-13.382687
-10.260002
-9.362688
-11.385475
-5.880932
-8.443592
-10.436900
-9.690725
-10.754787
-11.639893
-12.192907
-11.330629
-9.707657
-10.489591
-11.972116
-9.643780
-9.054356
-2.534235
-10.866940
-12.649102
-7.148438
-8.150254
-6.521059
-8.995174
-13.544950
-10.662070
-8.742120
-8.961345
-8.363783
-7.406100
-3.524978
-12.073387
-12.591731
-15.188626
-11.146308
-11.926783
-11.753797
-13.965172
-7.788820
-8.980914
-4.651279
-13.890438
-13.599115
-10.959425
-10.243917
-7.889607
-9.994305
-5.555916
-10.029336
-13.427389
-10.230957
-13.831944
-16.330238
-8.852982
-11.178180
-12.166986
-11.829576
-10.811082
-8.474365
-11.586478
-6.646731
-9.206869
-9.990301
-7.893166
-11.248187
-10.677788
-12.968225
-8.785721
-9.747496
-9.194717
-2.582404
-10.579385
-10.527396
-12.558212
-9.922707
-11.786683
-11.588125
-9.293359
-12.315355
-9.293406
-8.411571
-9.900015
-9.006156
-10.287890
-11.123167
-12.630586
-11.384597
-10.995897
-10.339870
-14.244103
-11.310109
-10.094903
-10.370314
-9.369180
-8.180101
-7.622154
-12.882862
-18.286816
-13.286311
-8.006507
-10.264586
-11.030953
-9.595068
-13.262289
-10.653302
-11.760456
-11.525906
-10.139780
-7.356949
-4.602204
-7.643475
-8.600938
-12.213629
-7.355575
-8.036186
-6.040950
-12.619537
-5.919363
-9.418298
-11.446529
-12.118892
-13.826006
-11.418544
-14.870415
-12.459939
-8.801697
-4.536302
-8.723600
-14.557854
-11.541970
-7.981349
-7.364393
-9.994062
-8.718599
-12.588606
-7.940337
-7.711187
-9.816382
-10.514540
-7.712759
-13.651367
-7.345886
-8.550454
-9.804955
-12.545780
-6.902973
-11.143681
-9.118780
-9.328593
-11.866341
-11.633047
-10.041677
-12.094788
-9.603827
-11.304415
-7.553594
-11.597333
-6.417504
-8.454875
-18.044523
-7.602765
-14.257553
-12.908415
-8.530620
-10.157830
-10.997723
-8.513600
-10.270827
-8.629332
-9.706295
-6.411107
-8.960274
-3.995971
-8.128060
-10.776169
-10.650568
-7.393135
-8.991589
-10.441033
-3.111529
-6.533382
-8.539821
-11.766576
-8.755313
-8.858449
-15.955884
-17.905258
-9.209782
-10.385222
-11.434943
-9.719248
-7.349478
-11.036920
-9.773670
-12.650475
-11.355023
-7.424376
-10.141946
-10.688601
-5.839669
-10.369461
-10.283333
-10.007242
-11.798397
-10.323413
-7.448777
-10.548476
-11.951068
-10.165367
-7.383010
-11.277246
-12.824820
-9.871671
-10.717706
-14.326295
-8.987933
-7.331728
-10.916525
-11.200042
-9.355946
-8.122906
-8.478794
-11.730026
-11.640081
-9.171171
-11.271172
-9.381218
-10.870872
-38.096958
-13.656944
-9.336737
-5.398597
-13.563090
-10.065438
-11.754485
-9.840459
-5.883262
-13.124307
-12.091086
-10.815388
-11.180134
-6.866608
-12.462873
-6.276958
-8.959845
-11.851760
-13.252831
-11.594744
-10.987693
-9.467764
-9.854679
-12.893459
-8.195724
-12.283226
-9.057897
-9.510297
-9.657770
-11.732244
-6.870186
-11.565600
-12.067433
-8.358969
-9.367859
-11.129463
-9.251530
-11.107427
-15.605421
-9.896408
-12.630940
-9.606955
-11.098947
-11.647833
-10.320339
-6.318973
-8.916746
-10.811234
-10.711468
-8.425875
-10.925104
-13.667001
-8.140132
-11.612738
-11.125926
-12.984074
-10.888707
-6.186707
-7.672143
-9.784652
-10.648467
-13.603708
-11.729776
-10.947565
-12.208779
-6.868082
-9.352626
-11.690827
-9.368362
-10.884148
-11.885567
-12.636945
-12.603511
-11.590273
-7.993805
-11.434325
-10.373092
-7.841418
-12.122377
-14.785389
-15.097883
-12.209146
-9.795142
-12.113755
-11.870417
-12.444129
-3.410592
-12.220247
-13.665822
-7.499399
-8.254099
-10.102509
-7.286979
-9.291371
-8.890530
-9.991406
-8.705851
-10.459400
-9.380058
-13.731736
-9.753086
-10.491139
-8.229108
-5.307745
-7.563955
-9.855829
-11.029258
-11.123637
-11.642172
-12.973748
-8.387653
-6.451057
-12.105318
-4.025404
-9.917284
-8.210444
-10.880877
-9.742259
-8.875311
-10.330097
-13.512318
-10.169414
-12.999610
-12.292698
-9.987655
-8.963875
-10.603891
-8.167079
-9.397480
-13.604563
-9.518977
-10.112601
-7.537965
-10.154800
-7.517569
-12.116389
-8.568975
-9.788177
-6.962145
-5.880507
-12.676130
-8.126714
-10.851210
-11.578380
-7.730388
-10.613952
-9.733666
-12.169975
-8.151119
-10.249858
-10.918092
-8.634753
-12.748214
-8.261344
-10.183903
-6.749385
-10.983772
-10.043196
-12.990646
-6.145229
-12.538647
-9.432131
-9.974020
-11.465397
-11.390171
-9.113500
-6.577719
-8.345932
-13.684161
-9.225758
-6.593402
-12.398989
-8.915545
-14.164083
-10.560033
-8.476295
-12.342721
-10.518497
-8.494417
-8.067949
-6.262640
-9.825362
-6.479951
-10.952934
-9.237379
-9.512674
-7.887681
-6.612464
-9.649107
-11.243173
-12.629547
-13.383636
-5.945930
-7.495002
-9.808577
-11.791035
-14.822287
-3.199024
-9.594100
-14.027819
-11.786201
-11.717310
-11.194471
-11.243445
-12.327146
-9.923875
-7.547196
-12.555612
-13.622412
-7.922559
-14.092039
-15.472452
-8.852014
-11.565911
-11.693162
-7.858890
-10.546916
-7.963466
-13.492504
-12.630938
-12.750280
-8.527154
-10.021023
-8.694067
-7.768246
-8.938849
-8.480370
-9.218475
-11.000663
-8.772610
-7.196348
-9.221156
-5.582289
-10.201356
-12.585683
-13.077954
-11.257828
-8.207352
-9.740797
-8.822776
-7.569398
-14.797482
-9.677063
-12.236594
-9.487571
-9.070123
-13.901527
-6.396842
-8.728887
-8.744486
-10.034245
-12.504188
-9.594546
-7.293751
-6.837742
-14.340073
-8.591907
-8.587605
-10.585215
-10.232268
-7.528036
-12.021375
-13.433416
-11.679791
-7.498025
-14.082805
-9.264857
-11.450996
-12.901612
-11.501631
-4.815226
-10.600585
-7.577751
-11.027115
-10.604556
-13.560575
-9.922788
-11.772251
-9.014147
-9.557733
-10.102503
-9.856114
-12.555447
-8.060068
-9.855141
-15.242508
-6.602147
-12.772850
-11.743637
-11.222285
-10.920842
-10.994720
-13.420294
-11.130630
-14.607477
-12.493188
-8.332119
-8.053831
-6.114257
-12.405259
-22.808434
-11.083231
-8.333356
-13.149904
-11.315056
-10.232300
-10.376258
-9.520722
-12.050546
-11.662994
-9.880861
-9.274386
-8.804716
-11.676043
-11.611051
-8.977408
-12.810477
-12.614685
-10.458195
-6.019176
-14.689262
-9.589025
-9.958439
-11.172858
-10.718731
-12.545784
-16.152491
-8.300227
-8.234690
-14.603172
-7.971828
-8.095654
-10.046239
-11.595241
-10.435816
-10.362352
-10.320347
-11.467222
-14.947796
-12.562580
-9.336409
-9.688559
-5.857536
-9.063145
-13.551563
-8.304344
-8.526519
-15.485332
-11.540818
-7.653049
-10.106970
-6.789550
-9.709565
-10.179125
-12.022772
-12.308556
-8.559740
-9.167686
-10.232407
0.148664
-10.809400
-8.167858
-10.023366
-10.612329
-8.516562
-7.108721
-5.249992
-8.918826
-11.164362
-8.301466
-10.192074
-10.816235
-10.527118
-12.867540
-17.046192
-12.580296
-9.714458
-12.168563
-11.880184
-13.366771
-8.950045
-14.795815
-7.776752
-10.438310
-13.433382
-13.531429
-13.000571
-8.269974
-12.341972
-12.976424
-9.374733
-11.590212
-9.378357
-10.320993
-7.241497
-8.331398
-11.068089
-10.051135
-9.942256
-10.300361
-8.175877
-7.009356
-8.138563
-10.668606
-11.317050
-13.546574
-10.649703
-13.084000
-13.826233
-12.595949
-11.631798
-12.119791
-9.832374
-7.218506
-13.884332
-8.371945
-8.790239
-10.913276
-7.713995
-10.916949
-14.226379
-14.841825
-6.124240
-8.751912
-9.922905
-8.948372
-11.524104
-9.741537
-11.472150
-12.837025
-16.505703
-11.043112
-11.607499
-11.687374
-10.332211
-6.192411
-8.349673
-10.549288
-11.015981
-7.406320
-13.286288
-10.097484
-15.104973
-12.446281
-6.419495
-11.477615
-8.462615
-9.356332
-7.962877
-11.637487
-9.207569
-8.449240
-7.093624
-16.132710
-16.312119
-8.240667
-25.957687
-3.229111
-10.757180
-10.780425
-8.235655
-9.379890
-12.918709
-10.976753
-11.593268
-8.169137
-10.519726
-12.229283
-10.200965
-6.071861
-13.463540
-12.766176
-11.955029
-8.277805
-7.712628
-11.784355
-6.325751
-10.595744
-12.021992
-8.753813
-8.424667
-12.104513
-10.901217
-11.732656
-12.079433
-14.757867
-8.156370
-12.249962
-7.386647
-10.941316
-7.776834
-12.158519
-10.117139
-11.884148
-11.177607
-6.744810
-11.064418
-9.327466
-7.848736
-9.785701
-14.826384
-8.331190
-6.559715
-11.500232
-9.584554
-13.323183
-9.369248
-12.116629
-12.254906
-9.965094
-9.789035
-11.708190
-10.168121
-10.619787
-10.742626
-8.711268
-9.400874
-8.007942
-11.433097
-12.228367
-9.901400
-12.815431
-8.352648
-9.908141
-10.248928
-9.146206
-8.674779
-9.277471
-11.891931
-9.702066
-9.796851
-7.294702
-13.530341
-12.332346
-2.833283
-8.479404
-10.219101
-8.582347
-9.197824
-10.430654
-10.029100
-11.550265
-3.853219
-8.712853
-13.515831
-11.004071
-11.572794
-8.718061
-11.710259
-12.788336
-11.853840
-11.001186
-6.466291
-7.066602
-10.133987
-13.181718
-12.164757
-9.305322
-12.800499
-7.809624
-12.767490
-10.230022
-10.573661
-11.029422
-9.725367
-14.176462
-5.816232
-11.006523
-6.565309
-14.297459
-10.228941
-6.712998
-8.712201
-11.013520
-9.394831
-9.910376
-6.712976
-13.310272
-9.897733
-14.377607
-12.791726
-8.195807
-10.425940
-9.108034
-12.760170
-7.679039
-7.861101
-10.429378
-12.729254
-9.827617
-9.317458
-10.284242
-11.042641
-12.423100
-8.752909
-9.514244
-7.463011
-13.441560
-7.374130
-3.941742
-10.174751
-11.900166
-8.396100
-9.339628
-12.279087
-8.071444
-9.679807
-11.257251
-12.944609
-11.256187
-10.239832
-9.708282
-7.847573
-13.343655
-10.641573
-7.824896
-6.653499
-9.072928
-11.768703
-14.552734
-6.308401
-7.604626
-12.230169
-12.851692
-12.805824
-11.768431
-7.297550
-15.280975
-11.265521
-13.730549
-13.347001
-9.080655
-8.596397
-10.029163
-12.151093
-7.671608
-10.607255
-7.742931
-11.063452
-8.046255
-11.337063
-8.863248
-9.669810
-9.449247
-10.185122
-10.112197
-11.323956
-10.546438
-11.169786
-9.728405
-10.754542
-14.831858
-5.762615
-8.724505
-12.949411
-9.123045
-11.972285
-10.015177
-10.291235
-12.090598
-9.775390
-10.687070
-9.044050
-10.864794
-7.254267
-9.806026
-12.155325
-7.866761
-10.151730
-8.767019
-11.453711
-9.962669
-5.736260
-13.573179
-7.505321
-11.543425
-9.723731
-6.940226
-7.850047
-10.912822
-17.241697
-11.585966
-12.309773
-12.590862
-13.943535
-9.886473
-12.086113
-11.248737
-5.371630
-11.010341
-10.922604
-7.926957
-11.056879
-9.841365
-9.313391
-6.081577
-10.349563
-9.066775
-5.670539
-12.414824
-11.435225
-7.967444
-14.072542
-10.297075
-13.370087
-9.419355
-10.366537
-13.442661
-7.066973
-2.816109
-10.399992
-11.517467
-11.794508
-10.746979
-9.854712
-6.717542
-6.264472
-10.478493
-8.743695
-8.285033
-12.131165
-10.029831
-10.878954
-7.714455
-10.731249
-9.286383
-12.021521
-12.551390
-6.618926
-8.028135
-8.698766
-11.701115
-13.119553
-7.249345
-15.157570
-6.726635
-9.153314
-13.241857
-9.113916
-9.258183
-13.758699
-18.739538
-11.166657
-13.777695
-11.773140
-7.988048
-9.606504
-14.906590
-12.491858
-6.571527
-12.888310
-15.844592
-6.601574
-9.969924
-11.451798
-11.291621
-13.799767
-6.133896
-11.650652
-10.534644
-11.251238
-9.600258
-11.068375
-14.164956
-9.425933
-11.610773
-9.995272
-9.395737
-11.372890
-11.433229
-8.793736
-9.981041
-8.234678
-13.495337
-11.836616
-8.625282
-7.419969
-12.409237
-10.448273
-8.966113
-11.863968
-11.701736
-13.297350
-18.067036
-9.268111
-13.418821
-12.318400
-7.845962
-7.901284
-12.679810
-9.302107
-12.372113
-9.226887
-9.555584
-10.808208
-11.130787
-12.562785
-9.681633
-7.718100
-8.604136
-12.955779
-14.488748
-11.524335
-12.334397
-9.120995
-12.054799
-7.481540
-5.879037
-14.275536
-10.054290
-12.442741
-11.223132
-11.026958
-10.427461
-7.727666
-9.064322
-11.435252
-4.816938
-10.533403
-10.621003
-9.513461
-13.009933
-11.635946
-10.136821
-10.188705
-9.902856
-8.797632
-8.520581
-14.322648
-11.566969
-11.531620
-11.278832
-11.494298
-4.639001
-10.910217
-4.060017
-11.264318
-6.644021
-7.092941
-10.736286
-3.744730
-7.648708
-12.053331
-11.447577
-7.743704
-7.409301
-11.541405
-10.577196
-8.791689
-13.042557
-13.049538
-11.119267
-7.998966
-10.768572
-7.995438
-11.609412
-9.834893
-10.036645
-8.882024
-11.207756
-8.827649
-7.775288
-11.298028
-13.442367
-10.511247
-14.307574
-11.492961
-10.626170
-9.685158
-12.073936
-7.630959
-8.736487
-12.497235
-11.407688
-10.554085
-7.425299
-10.174652
-10.064044
-11.025569
-11.586235
-13.778279
-10.615622
-3.039117
-11.441153
-14.462773
-11.600330
-10.619205
-9.826364
-7.621519
-7.173427
-12.577032
-11.482540
-7.470953
-14.340955
-10.080396
-12.317354
-9.234210
-8.706616
-11.095643
-10.562569
-10.567256
-12.807848
-6.694248
-9.442205
-9.449837
-9.420662
-10.815939
-8.901554
-11.163568
-8.161348
-9.338827
-10.674767
-12.757263
-10.991150
-8.692492
-13.187811
-10.952020
-12.192801
-12.006743
-10.494482
-9.613637
-10.240487
-12.149693
-10.123621
-7.591622
-8.266383
-8.062058
-8.189450
-7.743884
-11.182565
-12.311892
-15.477872
-12.184446
-11.343763
-16.441435
-10.531572
-10.653722
-11.748890
-10.130472
-9.231708
-7.976869
-6.993156
-8.642705
-12.182476
-9.592525
-9.830496
-13.663695
-11.158298
-12.568198
-9.846522
-11.041898
-11.262805
-8.589649
-12.377261
-10.427477
-10.077938
-9.408673
-9.319668
-10.185823
-5.550220
-10.898878
-11.417829
-14.562275
-7.477401
-10.071842
-0.565974
-13.416045
-10.724049
-9.073291
-6.762798
-10.210747
-11.040983
-11.162449
-9.458186
-11.593710
-7.324101
-11.240417
-9.524288
-10.554319
-6.843585
-12.084960
-9.603305
-10.088741
-6.438047
-7.749630
-11.286594
-13.546351
-8.567984
-8.857090
-7.919736
-11.857699
-13.227121
-11.406081
-7.331551
-14.077407
-10.485168
-10.019716
-9.084473
-10.926960
-8.123020
-6.932009
-13.684542
-6.923815
-7.860578
-14.113725
-12.838179
-10.223538
-11.006009
-11.125600
-8.564713
-11.021327
-9.243848
-12.638476
-13.299666
-9.627274
-11.717988
-6.658454
-9.850835
-11.686438
-15.159060
-10.298985
-9.114625
-9.417333
-13.094907
-10.884853
-9.724787
-9.745523
-11.091434
-11.970699
-9.607541
-10.638247
-16.340572
-9.710638
-8.488457
-9.339274
-12.587393
-12.131395
-9.540386
-12.499617
-8.362305
-10.667486
-13.141526
-11.986174
-9.646177
-6.272314
-10.104431
-10.807927
-10.512133
-9.982126
-9.320749
-10.455388
-9.050452
-12.419436
-11.062243
-9.647180
-16.445744
-9.461145
-11.955124
-12.167184
-12.141168
-10.843831
-12.122535
-8.861828
-9.881660
-9.473367
-6.399592
-8.673985
-9.603254
-10.849171
-7.174592
-8.311785
-7.922756
-11.785662
-10.478376
-11.235522
-7.399462
-12.358054
-10.325436
-10.466747
-10.167151
-12.028419
-7.853946
-13.717507
-11.877778
-7.568613
-15.901225
-10.066369
-7.180510
-12.732493
-11.326239
-11.477151
-12.815512
-9.731047
-12.990244
-8.650275
-9.091468
-9.010303
-7.596064
-12.403156
-13.721924
-7.608839
-8.882298
-10.963566
-9.299848
-8.766958
-10.870370
-10.969691
-10.111406
-14.049865
-9.021873
-11.673428
-7.115164
-7.741341
-5.014949
-11.995642
-10.483603
-6.456640
-16.905542
-8.211203
-8.367241
-10.476583
-9.219978
-5.017739
-10.971354
-11.122941
-8.237837
-11.832979
-9.792749
-12.038509
-8.436341
-7.982904
-10.178663
-12.825324
-10.373467
-11.910541
-6.540420
-12.296429
-5.574313
-11.779211
-10.339049
-9.824099
-10.621171
-12.940536
-8.484079
-11.432320
-9.745109
-13.905218
-7.520433
-13.191959
-9.608037
-10.019816
-8.918769
-11.235857
-7.649441
-11.546450
-8.039580
-9.489552
-4.525246
-14.974246
-8.473745
-9.962261
-6.015583
-12.394423
-12.162828
-7.574145
-11.662482
-7.421321
-9.711704
-8.866967
-6.745627
-11.244226
-7.045320
-12.963530
-12.145223
-12.213318
-10.203311
-11.296703
-6.852894
-11.970719
-8.940683
-7.745882
-9.209692
-11.151732
-5.608288
-10.631062
-12.859632
-8.750289
-7.981479
-10.863916
-13.029467
-9.401500
-10.843972
-14.019814
-10.898145
-11.622420
-8.828310
-8.249907
-12.708823
-10.728194
-11.779256
-13.416719
-8.709682
-7.728898
-11.388628
-11.581808
-12.149103
-9.559378
-9.633163
-6.386778
-7.213003
-7.914132
-11.761991
-11.434147
-6.677168
-11.997729
-11.273458
-14.204389
-8.212729
-9.786802
-10.327055
-11.244215
-11.007854
-11.998661
-8.527409
-10.121546
-9.949841
-6.819728
-11.696758
-8.140676
-7.408506
-13.979742
-9.952815
-9.999906
-8.951467
-10.833628
-12.033750
-9.717161
-10.871206
-13.732008
-6.526839
-6.593592
-12.659376
-13.169760
-9.103035
-8.463256
-14.640690
-11.166898
-10.572288
-7.734537
-13.838552
-13.578317
-8.460234
-10.336012
-9.373679
-10.878563
-11.052540
-12.452584
-13.601875
-20.700371
-9.967061
-9.773641
-9.539156
-6.252050
-9.010909
-11.421461
-10.759919
-13.411422
-11.318473
-7.262469
-10.995308
-7.967540
-12.101318
-8.886883
-12.277311
-7.517627
-9.839471
-21.499165
-9.890805
-10.603479
-10.319126
-10.733273
-14.742754
-6.895572
-10.889408
-9.304525
-8.031376
-8.986412
-13.473367
-13.146518
-11.727355
-8.277717
-11.708015
-7.423405
-14.802773
-6.900683
-8.308105
-12.912508
-8.137287
-8.651972
-7.683383
-12.163250
-13.170416
-10.090395
-8.677251
-6.938895
-8.162434
-12.889269
-10.908034
-8.899889
-5.811878
-7.983497
-7.079045
-11.670280
-8.401056
-10.600118
-11.462898
-10.313470
-10.684468
-12.119093
-7.698407
-9.432598
-12.361624
-10.514512
-11.258492
-12.498636
-13.520978
-12.046276
-8.359396
-5.030983
-9.803873
-10.350192
-12.323747
-12.600307
-11.100065
-9.890945
-12.766441
-11.477881
-10.717523
-11.174536
-9.992372
-7.499719
-10.031655
-11.294576
-12.452180
-12.217923
-10.149662
-10.569211
-7.883621
-11.148582
-13.394567
-9.937339
-11.035058
-10.182794
-9.677235
-9.222438
-8.896451
-11.413568
-10.587466
-10.936646
-9.701162
-9.558655
-12.149728
-10.566984
-11.394788
-10.755598
-10.158218
-12.275160
-8.403085
-12.930866
-22.032730
-8.459894
-9.087015
-12.816424
-8.451735
-10.781961
-11.633986
-11.866314
-5.704823
-8.567334
-13.577353
-5.178580
-9.696598
-11.723290
-11.676896
-13.060143
-7.721943
-8.944672
-6.990657
-8.782815
-11.348650
-14.294223
-7.927521
-9.657814
-6.920739
-9.187753
-16.667133
-12.205252
-7.818048
-7.806517
-9.900050
-12.616713
-5.209355
-12.925701
-12.230328
-8.283473
-12.352299
-7.354869
-9.523698
-12.289437
-13.554647
-9.928099
-6.884099
-9.198647
-11.778420
-11.529617
-9.307199
-9.465981
-14.021492
-9.392527
-9.518957
-9.853371
-7.391839
-12.937040
-12.756602
-11.481482
-9.548326
-13.604577
-11.660359
-8.929688
-13.641692
-15.755217
-11.457804
-9.473077
-11.368519
-10.440889
-10.451259
-9.970078
-11.264606
-9.466843
-11.104283
-14.424457
-8.346889
-13.000850
-12.311269
-13.385785
-13.623808
-10.998377
-11.290261
-12.912310
-9.763751
-10.980474
-11.522366
-9.336866
-7.141718
-9.507121
-10.844215
-13.793509
-9.441252
-11.378421
-10.871282
-10.455414
-11.100543
-6.204981
-14.054002
-8.591622
-8.670650
-6.528724
-9.529938
-7.731504
-9.805692
-10.212281
-8.286981
-11.832153
-12.135980
-7.202838
-10.135040
-7.862837
-10.930387
-11.087534
-10.231202
-8.966940
-6.198246
-15.579124
-12.692228
-14.112103
-8.782899
-12.100689
-10.009579
-10.905795
-12.695840
-10.423572
-6.801619
-9.687750
-9.724013
-10.563150
-8.676004
-9.119469
-14.043829
-10.156992
-12.075764
-8.674332
-9.032983
-8.855227
-15.149416
-11.296237
-8.190096
-11.707800
-8.348226
-7.537463
-11.401784
-5.768627
-11.999224
-10.428365
-11.275272
-8.820502
-11.763588
-9.702194
-9.530001
-10.778429
-9.508036
-13.133414
-10.042135
-9.590075
-12.291723
-9.862917
-11.179064
-13.795938
-4.932168
-10.692075
-6.318776
-10.207059
-9.144088
-10.152890
-17.225183
-14.679873
-6.912074
-10.600217
-11.787519
-10.607599
-8.877439
-10.064129
-11.590169
-12.121062
-9.153973
-9.132009
-12.201610
-10.628856
-7.549093
-9.516871
-10.246809
-11.011164
-10.849903
-10.804744
-11.165988
-9.368882
-8.433710
-9.853937
-13.157819
-12.541871
-8.801071
-12.807962
-12.144463
-10.050884
-11.553429
-17.343241
-8.660709
-12.477477
-9.739943
-12.285723
-8.699026
-8.219504
-12.254320
-10.963013
-14.684848
-8.304613
-6.766200
-11.708832
-9.993430
-10.271712
-8.685153
-10.893431
-10.740181
-10.598822
-9.988038
-8.987995
-13.693676
-11.442829
-11.832882
-10.148162
-10.214526
-9.560975
-12.737783
-10.278131
-13.731830
-11.704229
-11.462414
-10.984173
-6.355676
-8.814302
-10.625608
-10.327598
-14.200380
-7.486927
-10.977679
-11.855822
-9.253115
-10.235239
-12.194668
-10.789114
-12.934275
-14.924073
-12.090487
-11.348660
-11.784009
-11.279131
-10.323925
-12.106481
-11.105255
-9.995092
-9.144098
-8.942308
-8.341630
-8.341443
-11.592236
-10.499762
-10.914477
-11.223915
-12.637468
-10.373638
-10.946384
-8.514364
-12.564058
-12.631775
-7.759947
-12.349424
-9.890131
-9.725229
-11.464568
-11.224917
-13.569190
-8.333238
-12.673424
-7.462399
-8.641279
-11.670074
-9.575598
-9.040352
-10.786981
-21.243183
-10.775846
-9.268858
-8.085405
-13.349477
-11.842429
-8.626553
-15.082919
-15.437850
-9.499602
-11.332148
-10.968284
-10.464375
-13.044566
-9.509599
-10.105540
-13.368886
-9.811235
-10.486778
-10.529049
-12.809231
-12.840129
-11.465349
-8.955001
-9.773668
-6.792903
-8.747307
-11.409365
-18.027897
-13.781329
-13.492517
-11.508295
-13.532730
-9.491005
-8.366674
-9.926935
-9.665532
-12.618588
-13.551088
-4.832183
-4.306931
-6.738125
-9.427563
-0.118385
-12.081619
-6.315738
-8.624984
-8.543729
-5.790333
-9.538552
-11.894818
-8.852060
-11.541431
-12.615796
-10.775791
-6.327332
-13.099446
-9.749932
-11.689135
-14.223345
-11.570356
-9.067391
-13.785612
-11.285796
-13.060041
-11.468039
-9.216899
-23.452045
-10.302339
-10.023128
-10.870497
-7.203219
-9.779127
-13.222477
-10.365926
-11.657169
-9.731145
-10.992182
-13.197045
-11.317302
-9.721824
-9.280445
-10.162784
-10.761172
-8.215940
-8.704479
-11.532076
-10.539923
-9.980000
-10.656689
-11.059541
-8.989428
-11.568328
-12.403248
-12.428771
-12.810017
-13.079777
-13.640702
-4.475935
-9.989681
-13.053202
-9.177666
-11.947018
-9.328168
-14.113417
-12.322667
-9.574720
-10.319794
-7.682970
-9.322247
-8.038523
-10.308969
-9.624697
-11.347286
-10.123927
-6.981550
-10.357224
-12.035053
-12.627623
-11.106926
-14.445589
-12.314783
-10.473261
-12.399819
-11.863207
-10.219351
-8.428255
-12.950679
-12.121026
-12.201854
-10.717411
-13.111270
-10.816584
-10.982535
-7.866464
-10.657503
-9.801661
-7.401084
-10.596850
-7.480845
-10.828457
-10.338400
-13.293045
-14.619980
-9.472570
-12.182430
-10.711214
-9.636602
-22.757677
-7.071646
-12.944598
-9.864273
-7.425849
-10.618495
-8.328069
-11.412358
-8.829399
-10.921155
-11.615994
-15.613275
-22.825657
-9.807583
-10.583795
-11.993285
-12.881801
-10.435635
-12.682727
-10.443994
-12.392543
-12.055369
-9.569305
-7.069316
-11.145060
-14.192623
-7.070142
-10.395306
-9.154680
-12.267997
-7.474945
-14.583110
-8.989264
-7.222547
-10.232409
-9.369680
-10.580982
-10.907463
-11.986810
-12.170233
-12.390295
-7.737307
-11.496199
-14.338311
-8.821650
-8.250073
-11.098158
-9.728835
-12.428378
-10.212308
-11.537906
-12.360800
-10.153435
-9.566717
-11.435243
-9.054084
-10.112938
-11.097174
-12.026306
-14.048515
-11.119690
-10.792030
-9.699103
-5.944211
-8.094770
-9.767481
-9.756725
-12.590875
-10.881287
-10.241205
-9.826280
-5.885103
-12.155660
-10.686231
-12.004518
-9.426096
-9.830548
-9.656483
-11.966180
-7.623453
-14.116416
-11.258464
-10.165509
-10.452025
-9.967425
-6.342089
-10.541956
-9.191030
-12.235231
-6.502034
-15.776339
-11.104464
-8.925354
-11.037775
-11.624807
-13.880487
-8.242005
-10.599693
-11.518596
-12.473687
-12.002015
-9.803097
-8.951960
-10.482352
-12.470886
-9.654624
-11.324934
-11.629403
-9.071623
-9.523030
-11.465045
-7.935497
-11.289882
-11.499434
-9.889538
-9.056065
-8.487363
-10.066753
-9.859806
-14.941442
-9.500400
-10.075006
-13.582150
-9.169817
-12.885506
-7.504526
-7.926692
-11.076746
-6.506080
-6.887096
-10.730152
-8.449602
-8.294621
-11.475931
-8.278384
-12.190322
-11.745636
-8.544140
-11.907508
-6.333880
-10.968619
-6.618906
-12.028554
-11.695894
-13.420548
-11.262019
-10.549845
-8.099989
-11.142523
-7.665887
-16.482292
-10.472612
-6.820318
-9.359547
-9.837709
-10.994078
-7.473857
-13.350766
-10.494328
-12.021961
-12.503099
-5.934920
-7.827325
-15.426050
-12.124280
-11.274755
-8.916136
-13.722295
-6.493962
-12.720181
-11.126886
-7.338955
-12.553408
-9.679085
-10.784735
-9.245358
-8.149327
-8.292927
-12.829193
-10.894926
-11.438560
-11.374486
-13.310412
-10.292307
-11.698483
-10.073490
-6.516842
-6.511258
-7.009142
-12.343512
-12.221395
-9.641384
-10.565744
-13.879778
-8.896230
-12.707136
-12.152693
-15.603994
-12.609386
-6.276820
-13.182731
-10.527694
-10.746921
-7.194016
-8.152310
-8.422192
-12.566332
-6.881967
-11.672487
-11.405085
-10.097387
-10.128518
-12.277412
-9.332267
-12.280627
-8.801577
-12.814785
-10.111545
-15.852823
-12.523261
-11.583630
-9.420672
-16.650465
-28.947067
-11.272437
-10.906398
-8.175471
-12.060280
-14.367088
-11.626595
-14.613716
-10.267679
-13.471856
-8.218116
-11.345244
-7.438978
-10.164558
-6.649539
-13.822964
-11.980572
-12.498463
-8.875683
-9.816077
-10.770444
-7.717896
-11.720787
-10.086313
-12.027369
-14.004056
-7.753698
-12.055168
-7.149138
-6.178507
-13.305893
-7.771285
-11.569153
-10.278704
-12.735124
-10.920450
-11.734952
-12.278282
-10.054050
-12.882934
-15.622468
-8.647722
-6.108420
-16.153042
-11.783452
-7.671202
-15.387999
-10.512200
-14.418791
-13.184959
-9.573780
-8.123059
-11.999484
-6.836710
-7.343141
-7.778464
-14.481482
-8.242912
-10.858061
-10.592618
-10.963226
-12.442564
-12.554103
-14.568172
-10.362883
-11.013903
-7.874903
-9.504284
-14.808975
-10.121526
-7.234585
-10.425493
-11.032607
-12.072446
-12.364168
-13.828327
-10.550294
-8.615911
-12.701406
-10.494105
-9.659854
-12.113926
-11.183623
-11.003249
-9.632758
-8.402355
-10.929637
-12.569890
-7.081907
-9.816374
-9.471173
-13.424329
-13.965133
-10.061018
-12.129310
-10.419842
-11.555121
-10.031788
-10.320467
-11.594571
-12.230848
-11.685655
-8.787800
-13.713930
-12.030085
-13.381012
-11.483806
-7.759819
-12.374009
-7.570951
-8.726993
-12.759502
-8.559538
-8.281392
-11.096656
-8.273023
-10.716352
-6.103176
-8.261147
-30.991608
-7.456724
-12.111057
-10.046376
-13.133045
-12.025558
-12.219886
-8.399556
-11.868136
-7.551130
-10.725061
-10.549429
-12.584462
-7.522077
-10.090029
-10.508043
-8.167213
-8.622875
-7.883808
-11.067227
-9.472773
-11.492703
-10.485701
-8.821532
-10.044869
-7.698805
-7.576889
-14.448750
-13.304810
-11.175990
-7.400499
-13.526651
-11.766186
-10.517786
-10.348539
-5.697100
-8.981843
-8.140137
-10.838358
-7.899613
-13.168892
-7.182273
-10.962737
-11.541704
-10.481226
-8.821159
-7.798300
-11.000699
-8.801828
-10.386633
-12.054460
-9.366940
-11.964769
-7.807655
-9.356062
-13.572329
-8.378672
-10.204106
-7.223437
-9.559281
-11.482222
-12.410022
-9.864165
-10.370132
-5.703039
-9.692418
-9.373344
-8.908452
-13.167347
-8.804352
-11.545120
-10.235502
-10.766809
-11.924917
-11.859820
-11.998373
-10.337875
-14.867750
-5.399207
-24.865364
-8.996493
-9.372485
-12.152152
-12.701018
-10.620715
-11.760144
-12.293313
-11.711989
-13.916825
-8.948114
-10.537822
-10.648733
-12.797968
-13.184148
-39.088806
-11.478234
-7.299002
-13.269628
-11.482991
-9.202828
-8.844713
-7.940250
-13.639431
-8.703287
-11.673409
-13.308603
-12.310594
-7.511219
-11.721560
-10.298364
-8.563672
-8.642681
-7.788876
-12.266416
-8.590171
-9.777883
-6.877933
-10.051407
-7.654400
-7.038691
-11.959620
-8.814123
-8.131803
-10.166927
-10.354116
-10.301816
-10.808485
-9.905474
-10.528932
-11.113658
-8.696537
-9.753811
-8.160964
-7.629526
-13.176028
-12.821548
-11.465053
-10.973921
-13.118173
-10.804882
-8.759279
-11.841594
-8.928740
-9.397121
-13.734108
-7.264152
-10.040484
-6.132767
-9.861010
-12.421810
-12.073698
-10.884621
-9.507060
-9.540531
-9.333884
-9.594316
-8.260101
-11.431617
-12.059175
-9.014838
-9.772344
-12.113310
-12.464721
-10.521078
-12.325449
-12.798805
-11.337728
-8.101494
-7.778613
-12.733556
-11.506090
-7.789351
-11.691891
-9.931027
-15.041655
-7.586620
-11.023169
-13.984861
-12.797326
-11.913110
-9.688828
-11.222545
-9.937119
-9.830006
-13.212845
-12.934083
-13.142788
-8.580965
-11.599864
-10.688679
-9.707528
-11.780542
-15.838912
-12.172654
-10.475450
-10.795424
-11.549663
-10.135509
-14.461053
-15.031394
-10.294301
-9.713388
-11.453811
-10.765377
-10.082067
-5.117582
-9.753204
-9.456796
-8.188359
-18.061495
-8.882912
-8.700461
-9.348069
-9.985300
-10.013044
-10.995392
-8.948187
-14.640924
-10.248302
-10.520574
-9.294863
-13.186731
-10.717615
-8.484667
-8.633313
-11.231236
-10.323442
-9.355643
-5.852138
-9.693819
-12.367866
-11.555471
-10.472182
-9.053631
-12.103475
-10.185344
-15.508624
-9.207908
-9.365739
-6.720268
-8.791905
-10.826029
-9.884385
-10.076237
-8.511710
-9.810455
-11.471692
-10.487687
-8.133578
-6.733203
-10.498471
-8.644480
-9.184863
-13.533096
-11.407225
-8.152082
-12.693523
-10.113721
-6.255005
-10.233318
-12.615592
-12.738338
-9.924950
-7.502103
-10.391050
-12.740090
-9.920846
-10.339019
-10.347078
-13.169466
-9.258538
-11.985258
-3.857121
-11.532671
-8.421604
-14.394240
-8.993215
-7.790883
-9.296430
-12.207088
-11.685686
-9.699868
-7.767361
-12.502171
-7.852691
-9.675310
-11.612316
-6.905214
-7.674154
-10.588537
-9.357891
-9.583322
-10.443348
-9.248965
-10.154137
-3.112682
-9.064249
-12.391763
-11.081083
-12.583309
-11.521709
-12.915454
-7.800810
-11.857133
-13.136353
-14.327332
-13.423156
-9.293690
-13.436260
-10.875695
-9.227033
-8.682852
-10.079372
-13.748776
-11.175753
-13.859451
-15.691911
-10.506968
-11.325224
-10.827180
-11.331091
-10.949506
-12.480929
-12.326616
-9.822910
-10.911661
-11.132650
-10.335015
-10.636522
-10.716609
-9.710803
-13.812985
-9.201350
-7.046420
-8.072643
-14.028664
-17.739317
-6.584704
-7.136815
-14.122442
-12.495574
-9.902868
-11.059286
-11.787206
-9.354530
-7.713606
-11.698210
-12.162603
-8.323312
-14.052418
-13.419627
-9.480496
-11.570866
-11.749838
-9.565624
-2.120388
-9.107052
-8.042434
-13.101928
-12.197443
-14.187166
-10.795984
-12.582001
-7.355027
-14.530378
-11.955814
-11.718952
-11.835957
-7.623099
-14.174979
-12.070178
-11.064598
-10.526847
-10.866302
-7.032716
-10.270548
-14.155156
-8.531979
-11.915938
-12.537801
-9.805992
-10.820254
-5.783687
-7.648935
-12.565795
-12.262945
-13.977021
-9.562772
-14.091398
-11.408498
-13.532548
-10.272100
-10.370974
-12.129802
-10.536317
-6.263033
-10.986811
-14.555891
-12.293391
-6.688286
-6.728363
-12.050548
-13.627071
-7.761400
-9.224192
-11.747780
-14.630732
-12.595654
-9.533535
-9.851480
-9.022571
-10.437483
-9.434117
-14.224384
-11.818816
-11.109220
-10.059770
-11.967402
-9.725031
-12.338454
-9.998877
-13.013256
-11.672403
-10.195575
-9.406937
-10.693773
-11.305891
-9.503281
-10.782804
-9.205457
-10.462130
-12.096844
-12.129187
-6.925687
-11.322751
-13.345428
-10.935339
-6.812745
-12.631778
-9.753069
-11.885380
-11.629893
-10.425065
-9.577436
-13.608727
-9.981828
-9.410058
-10.502351
-11.073687
-26.303890
-17.239016
-7.842356
-7.671315
-10.477787
-11.544075
-10.157848
-11.300159
-11.236857
-9.646017
-8.023723
-12.121226
-10.877795
-10.202515
-13.154934
-12.079679
-9.634008
-10.716154
-15.565735
-10.206169
-7.075396
-7.338760
-9.486549
-9.544886
-13.923229
-4.884570
-9.955751
-11.871620
-9.459222
-16.712013
-9.462290
-15.050342
-11.476570
-10.632258
-11.235646
-9.629779
-10.344018
-8.107634
-11.859609
-11.480547
-14.643835
-12.596401
-9.160769
-11.312916
-9.095954
-7.581643
-11.709638
-12.307050
-10.441721
-10.215423
-10.060213
-9.892148
-11.377420
-8.856776
-12.149894
-11.941712
-10.263120
-11.594673
-11.973951
-13.568791
-12.665508
-7.684846
-7.378193
-8.354756
-15.080656
-14.776793
-10.732024
-14.512896
-9.124221
-12.016747
-10.265585
-10.416696
-7.819900
-10.302109
-11.080181
-9.214172
-9.635660
-5.433514
-7.970297
-12.528749
-10.653600
-14.411138
-10.601709
-11.844828
-10.898772
-11.399702
-12.385960
-11.865612
-12.403406
-12.954350
-11.755164
-13.874123
-10.067845
-10.059961
-12.659146
-13.428385
-9.320963
-10.946535
-7.914575
-7.757828
-10.433146
-11.665944
-10.948374
-9.409164
-11.291118
-7.978800
-12.011451
-15.539784
-7.797127
-11.806891
-12.363723
-10.355247
-7.872161
-6.890360
-11.454395
-8.944160
-6.813266
-36.767872
-14.307464
-10.934595
-6.337635
-14.620479
-11.048784
-11.522564
-10.234156
-10.070761
-8.762309
-13.875919
-9.350907
-8.384459
-11.140023
-12.392667
-11.998384
-9.237926
-6.135971
-6.618856
-10.887329
-15.854244
-10.585505
-8.435391
-8.962163
-7.476338
-8.340552
-14.568667
-12.780081
-10.898427
-9.490687
-12.372776
-11.439178
-11.821530
-10.711969
-10.405870
-10.817248
-10.876425
-11.517675
-12.742103
-11.799755
-11.111005
-10.054010
-9.337286
-5.601761
-10.173093
-11.831115
-10.618122
-12.994198
-9.381086
-12.225821
-11.001184
-11.801462
-11.032551
-8.112811
-18.343513
-10.442646
-10.630268
-8.140077
-15.220778
-10.501047
-11.691309
-9.059394
-11.006099
-6.531471
-9.626865
-14.790242
-10.939331
-7.887730
-11.878933
-10.830586
-12.807203
-9.995143
-11.543009
-12.221719
-8.193779
-10.261422
-12.580866
-9.022095
-13.745719
-11.767895
-12.369430
-11.400125
-11.882730
-10.983253
-12.152908
-9.788728
-12.526437
-14.219176
-12.150857
-19.182064
-9.361792
-11.542593
-4.244995
-10.586601
-9.140635
-11.334064
-13.307155
-10.124147
-12.308296
-11.167798
-12.239864
-12.536627
-9.844292
-11.468271
-10.331219
-13.903984
-12.817871
-12.077778
-10.417392
-8.473548
-10.555476
-6.470428
-12.654926
-12.683117
-6.716434
-11.718684
-8.340714
-12.616590
-7.319500
-14.307564
-12.449234
-10.281829
-11.291484
-10.810447
-13.206310
-8.801413
-10.890925
-11.130365
-14.416553
-13.882694
-13.996235
-13.803618
-12.005254
-14.845511
-10.295091
-9.401184
-10.020803
-6.476458
-8.816432
-12.855034
-11.530026
-8.079838
-13.512347
-8.909284
-11.137450
-7.594500
-8.842452
-10.974184
-13.299094
-10.472571
-12.581105
-10.714120
-10.475238
-9.726434
-9.048957
-8.826078
-8.695041
-7.678996
-10.704401
-10.729809
-12.648268
-5.599535
-11.341201
-12.422657
-12.354727
-10.364115
-8.614554
-10.430106
-11.505721
-10.710502
-9.644509
-11.781071
-11.739191
-12.251065
-9.237424
-10.210973
-6.265053
-10.803214
-11.165609
-10.007263
-4.573599
-12.394974
-12.859292
-11.380456
-6.879870
-11.746672
-8.734341
-11.866457
-11.096178
-12.843348
-9.085921
-12.206971
-9.092521
-12.665671
-9.927985
-7.175000
-11.434743
-8.196383
-11.616022
-9.883861
-13.361947
-14.298930
-10.630416
-8.638633
-10.181946
-13.002913
-8.809150
-11.970396
-9.896702
-10.504195
-12.723944
-8.765043
-11.549644
-12.103026
-9.660045
-8.675301
-9.868891
-6.501465
-10.690619
-11.514143
-12.133974
-12.052934
-3.934714
-13.378717
-12.941204
-10.772956
-10.618195
-9.705338
-9.129298
-11.719599
-10.326839
-8.567955
-9.831294
-18.055580
-10.385870
-6.387867
-11.208217
-12.462749
-14.829236
-9.181414
-6.022319
-7.496580
-12.222874
-10.243161
-8.564539
-11.216334
-12.029016
-7.732351
-2.019408
-10.343933
-10.647012
-10.318452
-8.229913
-7.824807
-10.093859
-9.987329
-14.630713
-12.567890
-7.485943
-5.896962
-5.830163
-9.791695
-2.762099
-11.810171
-9.126101
-8.709330
-13.831139
-7.553035
-9.138085
-16.680180
-7.190499
-10.487860
-11.133345
-11.638650
-8.736213
-15.014574
-12.878071
-13.220270
-8.497816
-9.602246
-10.522375
-10.145926
-7.897080
-10.908576
-28.654982
-12.334344
-11.289289
-9.468152
-12.231619
-11.492235
-9.273689
-12.886805
-7.738142
-10.297688
-13.638906
-10.358467
-8.329356
-13.409210
-10.897496
-11.509172
-9.611941
-10.226892
-10.836553
-11.129256
-9.682970
-11.852800
-11.508279
-12.832242
-12.398175
-9.199939
-11.750580
-8.830237
-8.514387
-11.318803
-11.300228
-14.164292
-13.143457
-10.848473
-8.657995
-11.781428
-14.363435
-13.594304
-10.289316
-13.064154
-12.079375
-13.647266
-9.919106
-10.113461
-10.167689
-35.147415
-12.256028
-10.944621
-8.287693
-10.732705
-7.752996
-9.270515
-9.434834
-5.864763
-13.319201
-7.470547
-12.669716
-11.687669
-12.837108
-13.334998
-17.643936
-10.212089
-9.962810
-11.643965
-10.094723
-8.108719
-13.233807
-11.646522
-14.821263
-9.897204
-8.387791
-9.109297
-7.962247
-12.528251
-9.790803
-7.522718
-10.815725
-7.409545
-10.449763
-9.967818
-12.746997
-11.249421
-10.550150
-14.010253
-13.166128
-15.257633
-12.321230
-12.617727
-9.360193
-13.237530
-9.841630
-8.072338
-8.390308
-10.657824
-10.338280
-13.631441
-11.935944
-10.072932
-11.801676
-11.918641
-12.820414
-8.734472
-13.340763
-10.208862
-10.188848
-8.374105
-9.927907
-13.154390
-9.719262
-12.136453
-12.328189
-12.309862
-12.261475
-8.981241
-12.869608
-9.220540
-8.981525
-8.925221
-13.067486
-11.203448
-8.875454
-10.914341
-11.600242
-8.884692
-10.807572
-11.446356
-8.633794
-13.375782
-10.141689
-10.327319
-9.721770
-9.571510
-10.229149
-9.435201
-12.027458
-10.321096
-8.034157
-11.794212
-8.413813
-10.424972
-12.973151
-6.906755
-9.983950
-12.243718
-9.500665
-10.477909
-12.026538
-7.343214
-10.005721
-13.166257
-16.533487
-5.862599
-0.925858
-2.188360
-4.275967
-3.687062
-3.961378
-3.979618
-7.225548
-3.449982
-5.376010
-5.308686
-5.914344
-4.205069
-5.328915
-3.874270
-6.803180
-6.821273
-4.458474
-5.594011
-0.253900
0.622655
-4.677828
-5.861615
-4.680164
-2.338843
-1.905415
-6.282695
-6.767187
-7.433421
-7.013223
-2.975559
-3.894299
-5.729876
-7.129349
-6.791738
-5.601247
-1.916164
-7.049013
-8.812458
-9.069258
-8.388367
-3.650281
-4.225759
0.612845
-3.754126
-5.081622
-5.170536
-6.326215
-7.801382
-8.787381
-8.720454
-3.088224
-5.224506
-6.754279
-3.225913
-4.130293
-7.949253
-9.415855
-6.067636
-3.443171
-4.969071
-6.960795
-5.006572
-3.126174
-7.369967
-2.245073
-2.407435
-7.258501
-0.394863
-0.928129
-9.548052
-2.684432
-0.746249
-8.633158
-7.332330
-7.790470
-2.698575
-10.777692
-7.446118
-8.719710
-6.407703
-3.760053
-3.003086
-3.501254
-6.406482
-5.033552
-4.381582
-5.360891
-11.759472
-6.992027
-7.166586
-8.091739
-4.843759
-7.366426
-10.715928
-6.430603
-7.304853
-7.385278
-7.217824
-7.551898
-8.485990
-42.715893
-7.360069
-8.982045
-42.549976
-7.406244
-3.083298
-10.067858
-8.644988
-11.572525
-12.062649
-9.993763
-9.101765
-13.503648
-12.011761
-11.096704
-7.907887
-23.341963
-36.645344
-7.344237
-10.138374
-42.639572
-42.674805
-41.679626
-42.223923
-42.607162
-42.450050
-33.164787
-41.095955
-40.392448
-43.008114
-42.089706
-42.134075
-43.036213
-43.081944
-42.795807
-41.920704
-35.677177
-16.353907
-5.018831
-42.600216
-36.538311
-18.853708
-42.923271
-42.914200
-42.941994
-43.358299
-42.292465
-42.488678
-43.116806
-42.923809
-43.453728
-42.021458
-43.069679
-41.654911
-42.627766
-42.614189
-42.414928
-41.805882
-42.830002
-42.778763
-42.441254
-42.614426
-42.555698
-42.736031
-42.648670
-42.452293
-43.163383
-43.281143
-43.288830
-42.926311
-42.357716
-42.688522
-42.677284
-43.608337
-43.038628
-42.869583
-43.074558
-42.614559
-42.647923
-42.695354
-42.914036
-42.784718
-42.781193
-42.518333
-42.734993
-42.841331
-42.851944
-42.636574
-10.815573
-42.942375
-42.325737
-42.556225
-42.665512
-42.310215
-43.203571
-42.791409
-43.497116
-43.554901
-43.080135
-43.256538
-42.994343
-43.113422
-43.593166
-42.964851
-42.891602
-42.953167
-42.789268
-42.932007
-42.876041
-42.607025
-43.140335
-43.181206
-42.532715
-42.676598
-42.575603
-43.006241
-42.698029
-42.885033
-42.889622
-42.627529
-43.068073
-42.659809
-10.378055
-42.617554
-11.423136
-43.535667
-43.033543
-43.181530
-42.941765
-42.696602
-43.551857
-42.863045
-42.978809
-42.767258
-42.720432
-42.986313
-42.669472
-43.135529
-42.511997
-43.326851
-43.768948
-42.852211
-43.437756
-43.027466
-42.789970
-42.793747
-42.810143
-43.015518
-42.235222
-42.961681
-43.096382
-42.660713
-12.014963
-43.169205
-11.700699
-41.949734
-11.273406
-9.553913
-10.533304
-12.770355
-10.927231
-11.020484
-8.649384
-11.433570
-13.321355
-9.514791
-13.080167
-11.565890
-12.751046
-10.425043
-12.117684
-14.326811
-11.147577
-11.527334
-11.868733
-11.982588
-10.746801
-10.453959
-10.816999
-11.203361
-9.393464
-11.017191
-11.904048
-12.153721
-9.676727
-7.793394
-12.201330
-10.535220
-8.146232
-9.069386
-11.422496
-10.538071
-12.146374
-9.493659
-11.731318
-11.557251
-12.535264
-10.953832
-11.457245
-10.119656
-11.403704
-10.003292
-12.461637
-10.841345
-9.890224
-11.184178
-8.315413
-9.676579
-13.493729
-12.700481
-10.585264
-11.765987
-12.351898
-12.646210
-10.105235
-10.816259
-12.171928
-12.598629
-12.470416
-13.079369
-42.487118
-43.173088
-6.209584
-6.690263
-12.840086
-8.413100
-15.322773
-16.010559
-12.618399
-13.074299
-12.393602
-11.129253
-13.183738
-14.533149
-12.272198
-12.085633
-13.454552
-13.869055
-18.152752
-17.975616
-17.860878
-16.974571
-12.817789
-12.422199
-10.832870
-10.814073
-13.758215
-11.824858
-21.712940
-24.740625
-23.441580
-20.313993
-11.707405
-12.491784
-8.726994
-11.056165
-12.570691
-11.391617
-12.828581
-12.605108
-13.463675
-13.072546
-14.308050
-14.083448
-14.008616
-14.477633
-16.145353
-10.900620
-13.111757
-39.964390
-39.772652
-20.348286
-23.112120
-42.563488
-43.269733
-43.033920
-42.928051
-43.098965
-42.885334
-43.203480
-42.994629
-43.114639
-43.468140
-43.658733
-8.158221
-9.886527
-9.016562
-7.165834
-8.297130
-5.263533
-6.325575
-5.110767
-8.561056
-7.960305
-7.005954
-8.855194
-4.308061
-7.640001
-10.842708
-4.252269
-5.875172
-7.353838
-9.019845
-6.930175
-10.147632
-1.854324
-4.347369
-7.845324
-3.642949
-6.891472
-9.432967
-6.740504
-7.169289
-6.483971
-8.970250
-4.812886
-13.515682
-6.636644
-10.764408
-5.749504
-7.782286
-5.443281
-10.803483
-5.326239
-4.460125
-6.824399
-5.523713
-6.258919
-8.356100
-10.519940
-7.561797
-5.876849
-4.796210
-8.069839
-8.059424
-11.323904
-9.039318
-6.017635
-6.108812
-6.178183
-3.920068
-7.671954
-7.860146
-10.220829
-9.113925
-8.606657
-10.983034
-6.462575
-5.162416
-9.645749
-8.675147
-10.182635
-9.637649
-5.004276
-8.404137
-10.842355
-6.315481
-11.852879
-6.728830
-5.566277
-5.679238
-7.182563
-10.197275
-9.971000
-9.936016
-10.735773
-4.169416
-10.711439
-5.812578
-9.214150
-9.067962
-12.149982
-14.984500
-10.692643
-8.130260
-6.396837
-7.836583
-5.794853
-10.931469
-9.733129
-13.891546
-8.078739
-8.152112
-6.029279
-5.541079
-9.045070
-13.860661
-7.468206
-9.469098
-14.955578
-13.028435
-11.036687
-11.830951
-13.188791
-5.584806
-8.245625
-6.974216
-8.104101
-8.058773
-12.376655
-8.312935
-8.535037
-9.868180
-10.045234
-12.582227
-11.061684
-6.017028
-8.967528
-9.379798
-6.206103
-8.224338
-10.566146
-8.068010
-8.293467
-8.107142
-5.323692
-10.126500
-8.457750
-13.082578
-13.080004
-11.659145
-8.534927
-9.262668
-5.987756
-8.407714
-10.935380
-8.903472
-11.405224
-8.304757
-7.136068
-10.838469
-7.771941
-13.151172
-10.123741
-14.779037
-8.410069
-4.575290
-10.165751
-6.203236
-9.486993
-6.638552
-5.234359
-7.326856
-12.321261
-10.371740
-10.114982
-8.303684
-6.541529
-6.208097
-3.186198
-11.508049
-11.625339
-8.115065
-10.356316
-10.163925
-18.379717
-8.438994
-8.013048
-6.685026
-6.885355
-7.759292
-8.183768
-11.923199
-9.813317
-6.807517
-13.376580
-6.334964
-7.833390
-4.238319
-7.608175
-5.748550
-5.724635
-12.199408
-10.154519
-7.261128
-10.650920
-11.909332
-8.997653
-11.114823
-10.490884
-8.875937
-5.175368
-12.256999
-10.697279
-10.382601
-9.439089
-13.487423
-6.159089
-6.074521
-6.313724
-6.808764
-7.386320
-9.382019
-8.860710
-12.882721
-7.476617
-7.304495
-13.368025
-9.385252
-4.297508
-9.638425
-8.736329
-11.324001
-10.208159
-10.469745
-8.430022
-10.114202
-6.687365
-7.529213
-6.336688
-9.135309
-10.727926
-5.314159
-10.229406
-12.400117
-10.151432
-7.613137
-13.004801
-7.811983
-10.309858
-7.533484
-8.819643
-10.959534
-9.510652
-11.780864
-12.986208
-10.436470
-7.820983
-11.232689
-12.020500
-10.896036
-6.034632
-14.984197
-11.875623
-13.291146
-6.434930
-5.832847
-6.811630
-10.578835
-9.254165
-11.554356
-5.120090
-9.702358
-8.910779
-10.015405
-9.548286
-11.602511
-11.408529
-12.430826
-12.482954
-15.017624
-10.569187
-9.966024
-6.812721
-11.020317
-9.406957
-5.056433
-13.275239
-11.752316
-9.191457
-3.766717
-11.767057
-7.833472
-7.702353
-13.076660
-10.675521
-12.037620
-10.351343
-7.683001
-9.627266
-8.625244
-6.810150
-8.335814
-6.212821
-9.920061
-7.719793
-10.293433
-12.100990
-10.401443
-5.192153
-6.539373
-10.684010
-10.843050
-10.261881
-6.922118
-9.004739
-6.956441
-6.607165
-8.888900
-4.598361
-5.321203
-12.016906
-10.577553
-7.246142
-8.351827
-6.697522
-10.389495
-15.393545
-8.738168
-10.468080
-6.915369
-17.892532
-13.089325
-15.267056
-9.703190
-11.682390
-7.715998
-13.348026
-9.454928
-8.105783
-11.300816
-7.100716
-10.930342
-10.242594
-11.488001
-12.275163
-7.185443
-8.600167
-9.607566
-8.550202
-8.632922
-10.901910
-11.546027
-11.134219
-6.331184
-7.546211
-7.597098
-10.514378
-13.974436
-15.534596
-4.959246
-8.365740
-12.925632
-11.591374
-11.456205
-10.488281
-10.892887
-13.480893
-5.312337
-11.363496
-13.210327
-5.959217
-9.111073
-8.801470
-8.224171
-10.691665
-14.809382
-10.742880
-7.770614
-15.623829
-7.524674
-11.011423
-9.166885
-11.365571
-11.270840
-9.304321
-9.909369
-11.814657
-8.714957
-7.933703
-12.247835
-8.752134
-5.606055
-9.960072
-11.937056
-10.630868
-8.801976
-6.784967
-10.979695
-6.376381
-11.224443
-12.811266
-8.900421
-10.386837
-14.687240
-6.376020
-10.761444
-10.260143
-8.309740
-11.725433
-9.192389
-11.385470
-10.084386
-10.682783
-8.497139
-8.467176
-11.566929
-9.868364
-9.967853
-12.686871
-11.830920
-9.596556
-7.998793
-10.787884
-10.990644
-12.314556
-9.614711
-10.720681
-16.928045
-10.309844
-12.155251
-9.536631
-8.262491
-15.315159
-4.865918
-11.482068
-10.076216
-12.470762
-7.811822
-12.413373
-11.992093
-11.583996
-10.811459
-6.032971
-7.938797
-12.111130
-10.799355
-14.060565
-9.782022
-11.520472
-13.871416
-12.082761
-11.829615
-10.204245
-9.646484
-11.120523
-9.301827
-11.865582
-8.138645
-7.349883
-10.956209
-9.949623
-10.422983
-11.050709
-6.705637
-13.575581
-8.116159
-11.205920
-11.083064
-11.662948
-9.503403
-11.516450
-12.377581
-15.568589
-7.931641
-11.098202
-16.038321
-13.200109
-11.079800
-8.358620
-5.063833
-8.311631
-10.227411
-11.282870
-15.081964
-7.762034
-16.373104
-11.285482
-6.331047
-9.543024
-3.867486
-10.397220
-14.378946
-8.495313
-5.577467
-6.892859
-8.347187
-15.026131
-12.212622
-9.637071
-7.920786
-18.935558
-7.199257
-10.091450
-12.387574
-15.284943
-10.797305
-11.990019
-9.981686
-8.032055
-8.932966
-10.739474
-10.172692
-11.042012
-14.501413
-12.313352
-12.575329
-9.808933
-12.881765
-12.805605
-10.857536
-10.528118
-6.659264
-11.517934
-7.712756
-7.358083
-6.560493
-8.758173
-11.487424
-9.258166
-8.873100
-12.185625
-11.447456
-11.067270
-10.375393
-10.774293
-13.593163
-11.516759
-13.052286
-11.578024
-9.273655
-12.963350
-7.288117
-14.260036
-11.905491
-10.572182
-7.144022
-6.630352
-10.516232
-12.175819
-11.098590
-11.758274
-7.750060
-7.674405
-9.310517
-14.251228
-6.923702
-11.045109
-9.258349
-6.691712
-10.151978
-11.226204
-12.250298
-8.320757
-11.323769
-11.839290
-10.844913
-11.312922
-7.060164
-9.164989
-10.909056
-9.890089
-15.198008
-11.796605
-8.236827
-14.105901
-8.876355
-6.102552
-11.236234
-9.630326
-8.258125
-8.162054
-13.026735
-13.698978
-6.206236
-12.021371
-9.731010
-8.444089
-10.851185
-6.748485
-12.323859
-14.357674
-10.133166
-5.285349
-12.788894
-9.600012
-14.166445
-7.545660
-13.650830
-11.683535
-8.056768
-10.720097
-12.942700
-9.691946
-12.170455
-9.019132
-7.736398
-12.061086
-10.562684
-10.895948
-11.778280
-7.327967
-7.558929
-13.162787
-8.870556
-10.181355
-8.548704
-8.897066
-11.461333
-10.704660
-9.589562
-11.922674
-14.414716
-13.163492
-13.988561
-9.238729
-11.824734
-12.079024
-14.370924
-7.080161
-10.077784
-12.038987
-11.591630
-6.662091
-8.033827
-12.028615
-8.971075
-8.497803
-12.118264
-12.237694
-10.374931
-11.330247
-12.941767
-7.594748
-12.712341
-11.334455
-12.478673
-8.840761
-7.737908
-12.710342
-9.310575
-11.027227
-9.352580
-9.609509
-12.212225
-11.289262
-9.510270
-12.328315
-8.959455
-12.252003
-7.476073
-9.021755
-11.003902
-12.082344
-10.836020
-9.833059
-9.173904
-9.299650
-10.355821
-12.409802
-11.330793
-12.182386
-7.959521
-8.251357
-9.565454
-10.535815
-9.736444
-13.992501
-7.723909
-14.219974
-7.816863
-8.078031
-10.586622
-7.521725
-10.268629
-13.834976
-12.358916
-15.307022
-10.895822
-6.779449
-9.916580
-14.370864
-13.542429
-9.223199
-7.083494
-12.495237
-13.511644
-8.491713
-8.830688
-11.926215
-9.069469
-8.759247
-10.516985
-11.106135
-10.938946
-11.115215
-10.002542
-13.187506
-8.346808
-11.261681
-11.281542
-10.342451
-11.009874
-13.719490
-8.338125
-12.107895
-14.484422
-14.239562
-10.501375
-16.225351
-10.353925
-8.024057
-13.654359
-11.377486
-8.502466
-11.007474
-8.363524
-10.779650
-12.706740
-9.211237
-10.152053
-14.757965
-9.806181
-14.219238
-10.862601
-9.230125
-11.505680
-8.373013
-12.249983
-13.542295
-11.187455
-11.627482
-11.701254
-10.156337
-12.354177
-6.006224
-6.869134
-8.366128
-8.629132
-7.091839
-8.201720
-12.349401
-7.044991
-8.144274
-9.815503
-8.618027
-16.026173
-7.616371
-9.360121
-11.569736
-8.639141
-11.997543
-9.962247
-12.905432
-8.944063
-14.351633
-10.047613
-10.943561
-8.591730
-12.658277
-8.340734
-15.003314
-13.726700
-13.016969
-11.371920
-12.618297
-8.933468
-10.762288
-10.730795
-16.119577
-10.626782
-9.962248
-10.932385
-11.457174
-8.918369
-12.059248
-8.818287
-10.713015
-8.875401
-12.574533
-8.358721
-11.605425
-8.523627
-10.541032
-11.529325
-9.682640
-11.166252
-12.011671
-13.760740
-9.797906
-12.273561
-11.045116
-11.107992
-11.854695
-11.245145
-7.881782
-10.238716
-11.826454
-7.412802
-5.428984
-13.190692
-11.273708
-10.002035
-9.849966
-9.361877
-9.954243
-9.759869
-10.367023
-10.954350
-12.879652
-14.554890
-8.995618
-12.349255
-10.326838
-11.645612
-10.017181
-12.951262
-11.137141
-11.224619
-12.038515
-10.342244
-8.538868
-8.915053
-11.449057
-6.682412
-10.764323
-11.167318
-9.226351
-6.617435
-12.663627
-11.377908
-9.031390
-11.575325
-10.178839
-12.253847
-12.995311
-12.780546
-15.043938
-10.366343
-8.597324
-7.526948
-10.770253
-9.777531
-10.664814
-7.702558
-8.840303
-8.238669
-13.850155
-12.493663
-10.985547
-7.992225
-9.492941
-12.157873
-10.002239
-11.166716
-10.871965
-11.294727
-12.848562
-6.445787
-12.669075
-10.925047
-10.087694
-9.486884
-10.212706
-14.189136
-8.180819
-9.527258
-6.511013
-14.766461
-8.280610
-8.500163
-9.902390
-11.586176
-11.431799
-12.428540
-9.067987
-11.932405
-10.429582
-9.789278
-6.571400
-10.930779
-10.725882
-9.204166
-9.576676
-10.871176
-9.786765
-9.577577
-7.286509
-12.686734
-12.164046
-6.877439
-13.927375
-9.631954
-8.705156
-12.887417
-13.613568
-9.245252
-8.348307
-11.114581
-9.210098
-8.853933
-7.121331
-11.228531
-11.297200
-12.565499
-12.103810
-8.790659
-10.093206
-13.694134
-11.840107
-8.840992
-11.343195
-7.207338
-13.285957
-11.141270
-7.378965
-11.562307
-9.870125
-9.378836
-11.283540
-13.315875
-9.262507
-9.157421
-8.677212
-8.625104
-11.564587
-8.555367
-10.217812
-7.670738
-9.164669
-7.324198
-13.492775
-12.042283
-11.741237
-10.113488
-12.707951
-10.681396
-11.766087
-11.297136
-15.587541
-11.001687
-13.800011
-11.348703
-8.164150
-15.153545
-8.919134
-11.764633
-11.336467
-8.048341
-10.100280
-10.208200
-13.304659
-7.899675
-10.205154
-9.285419
-10.518575
-10.099903
-11.999878
-10.898745
-8.517065
-10.546469
-5.421265
-9.804345
-11.762417
-9.223168
-11.281822
-10.727034
-7.630837
-10.932226
-10.760280
-14.239228
-12.372987
-9.725813
-9.201948
-11.975212
-10.185314
-7.099376
-11.926880
-9.207434
-7.233744
-13.380452
-12.121592
-13.035612
-6.072264
-12.454344
-12.764460
-13.804599
-6.383242
-12.521245
-10.254953
-10.540395
-11.473061
-9.782063
-15.178906
-10.296791
-8.346864
-7.908920
-12.567639
-12.285631
-7.138989
-12.283391
-9.956022
-9.849243
-10.593278
-14.903370
-16.080515
-16.078655
-13.011801
-10.267368
-12.444235
-13.029309
-11.521863
-9.501976
-6.923909
-12.390888
-7.274746
-9.566473
-11.302186
-7.534493
-12.079822
-8.630685
-10.932688
-10.957535
-13.582820
-10.000256
-12.494120
-6.816910
-12.198983
-11.577020
-9.591755
-11.838004
-10.389324
-8.451896
-10.864112
-10.508358
-7.361828
-12.969420
-8.373412
-8.901929
-12.147327
-11.903630
-13.571278
-6.405302
-8.867290
-8.075806
-15.811332
-9.355494
-12.338505
-8.695885
-14.316940
-11.169509
-10.189551
-14.146521
-8.548944
-12.247166
-11.612410
-7.604421
-8.859600
-12.682367
-10.284665
-12.407633
-11.445761
-13.722944
-11.839536
-7.422431
-8.960270
-15.901320
-9.620056
-9.317857
-10.906000
-9.135593
-13.932139
-16.328112
-8.546291
-13.701342
-12.747505
-9.165632
-10.283472
-8.285957
-10.703744
-9.170438
-10.121797
-10.966127
-9.524905
-13.056104
-9.454504
-10.251698
-8.938436
-14.952335
-12.001914
-10.912722
-16.821293
-9.746048
-16.154778
-10.590918
-10.182577
-9.331973
-7.943180
-8.873333
-8.688477
-11.968953
-10.995229
-13.942322
-12.128662
-11.906378
-10.808058
-13.258011
-10.429017
-5.882052
-10.665281
-12.151525
-14.596328
-16.154531
-13.267714
-14.161179
-10.600317
-13.498526
-5.250329
-8.657675
-10.314069
-10.664724
-9.401997
-7.940564
-15.674099
-12.157484
-5.882783
-13.490868
-12.645046
-11.610770
-10.681793
-12.342795
-9.037789
-9.241201
-9.237938
-8.602600
-8.609527
-9.465458
-9.442519
-10.828123
-9.417721
-7.338851
-10.980034
-7.095759
-11.153943
-11.273716
-9.793262
-8.329124
-8.788474
-11.178371
-9.911210
-10.137883
-8.652390
-8.976384
-13.781288
-13.246810
-8.575638
-13.752435
-10.163013
-11.843370
-13.656154
-7.830007
-11.138859
-6.187879
-10.730170
-13.469898
-8.513540
-8.410222
-11.694272
-7.922720
-10.266006
-7.101850
-10.765168
-12.730109
-10.274553
-8.947813
-13.947512
-13.349551
-11.489779
-13.172472
-11.688210
-12.278177
-13.505054
-8.741470
-8.582261
-11.563763
-7.121172
-7.978874
-10.850268
-9.684750
-13.170944
-14.277123
-12.142822
-11.104662
-13.732334
-12.432089
-10.982386
-11.452017
-13.958544
-9.890398
-11.616586
-14.681952
-12.614367
-11.058902
-12.767226
-9.242740
-8.346862
-17.752235
-9.674752
-11.817055
-13.534018
-12.886610
-10.077290
-9.783150
-14.198045
-15.080972
-15.149893
-11.305159
-9.754229
-12.261456
-11.640147
-11.036278
-16.488981
-11.890274
-10.458246
-11.792688
-9.732957
-10.275240
-8.674384
-11.478989
-10.359741
-7.462169
-9.086055
-11.116864
-9.939853
-4.703764
-13.410352
-10.364444
-10.906327
-12.573586
-12.273035
-15.236197
-12.605353
-15.327296
-15.457180
-10.582766
-10.500977
-11.087288
-8.273084
-18.342840
-12.289762
-11.141973
-10.661764
-14.125402
-10.639482
-8.258196
-10.406596
-9.784209
-9.563744
-8.658092
-12.750898
-8.793303
-5.554074
-10.585478
-11.573233
-11.506264
-10.598713
-11.486292
-12.660865
-12.127486
-6.915966
-8.991903
-9.036191
-10.313921
-17.364843
-8.918106
-11.479963
-6.263309
-12.611293
-11.940802
-15.730135
-12.174335
-8.467064
-13.294207
-13.509697
-15.235655
-6.977605
-9.282817
-15.381798
-12.865911
-10.200704
-12.427605
-12.834990
-12.762882
-8.331403
-11.547210
-12.989585
-11.248751
-11.775890
-11.004061
-12.733479
-13.685972
-9.248833
-11.012994
-8.750643
-9.475705
-11.976706
-10.801867
-10.830410
-8.989471
-9.874134
-11.039372
-7.896392
-10.323041
-9.871302
-10.222574
-10.945704
-11.575535
-9.580551
-10.615077
-15.261579
-9.022548
-12.582766
-7.467227
-13.802346
-10.236715
-11.814658
-9.984932
-9.106656
-12.188951
-14.039619
-14.451870
-9.315525
-6.871978
-12.196188
-7.049562
-12.737101
-11.837278
-14.637045
-12.945274
-9.098319
-10.907344
-13.758308
-16.035461
-12.810675
-13.167328
-9.535802
-11.535772
-6.886919
-13.458502
-12.766847
-12.621367
-15.790504
-8.720341
-8.581282
-11.483697
-11.932137
-12.273178
-12.294949
-8.842458
-10.308699
-11.054461
-11.064239
-11.971411
-12.681644
-11.489461
-12.727779
-10.013076
-7.283397
-12.856820
-12.072694
-8.007652
-13.191680
-12.742790
-12.524189
-15.261485
-12.988594
-11.500413
-10.296951
-9.854969
-7.927151
-9.270233
-11.509976
-13.806783
-13.043816
-7.846108
-11.848799
-8.038980
-10.492120
-11.721881
-13.506721
-12.935452
-12.735598
-9.879860
-12.703569
-11.391262
-11.961688
-14.808232
-15.712893
-7.195456
-12.644469
-13.638367
-10.092988
-14.252794
-7.837930
-9.385136
-10.584036
-9.902343
-11.690901
-11.092181
-11.306684
-13.729445
-9.845577
-15.927104
-9.768680
-13.801796
-12.631727
-11.140974
-10.025658
-12.653934
-13.149420
-10.719562
-10.887342
-8.180283
-12.951435
-12.417981
-7.823919
-6.954730
-9.110916
-8.288739
-11.930255
-11.782440
-9.111691
-12.887472
-12.571947
-11.790297
-12.636485
-10.791373
-10.614771
-10.242223
-12.134386
-11.698639
-12.635133
-9.351922
-10.179617
-13.145492
-17.721884
-11.798371
-9.254472
-10.171718
-12.307441
-12.868731
-6.894091
-11.484191
-9.772190
-8.667675
-8.310736
-11.123992
-7.895771
-9.501522
-16.506899
-7.307764
-12.961599
-12.147475
-8.780854
-5.123249
-11.419400
-7.948871
-43.178921
-10.045183
-12.088353
-12.980175
-12.961782
-11.750585
-13.863105
-11.172705
-10.532260
-14.157026
-8.069859
-11.564782
-13.006460
-8.474287
-15.039960
-9.377081
-11.265535
-9.904599
-9.953194
-9.856788
-10.436438
-11.155882
-11.407887
-9.206178
-11.672565
-12.475190
-11.548887
-11.224431
-14.601379
-7.807922
-10.786417
-9.567208
-9.359461
-11.462514
-13.261900
-13.739698
-9.864459
-10.644398
-10.546288
-11.555095
-11.492956
-11.771206
-11.907852
-9.215017
-7.506902
-13.565794
-5.991834
-12.188457
-9.834388
-11.191139
-14.081782
-10.917514
-13.729428
-7.911004
-13.542447
-14.483402
-10.095293
-10.800984
-11.817518
-15.530917
-5.172237
-10.262904
-10.472144
-6.520994
-12.253204
-10.812254
-10.204618
-10.697860
-7.711939
-10.165768
-11.299880
-11.563231
-13.377728
-16.201927
-13.402805
-12.844418
-9.695629
-10.817725
-15.445693
-10.157454
-11.214922
-9.913238
-11.467382
-9.623919
-9.238379
-10.795358
-9.875330
-12.256234
-7.731036
-12.072301
-14.663527
-6.207727
-9.345084
-8.942824
-9.912757
-11.570851
-10.803478
-13.599977
-8.793613
-7.357883
-9.584583
-12.767969
-8.810425
-11.605579
-12.455941
-11.784708
-10.916910
-11.734145
-12.639563
-9.419619
-11.850714
-14.259918
-10.237744
-12.504152
-10.212130
-11.916353
-9.109641
-13.383289
-10.507826
-10.069150
-9.482796
-9.421960
-13.946996
-12.929887
-14.921555
-8.409776
-10.235481
-13.065191
-14.308205
-12.801466
-9.588761
-8.858686
-11.160082
-11.493855
-14.430008
-10.003173
-13.409903
-12.112499
-14.255260
-10.967711
-7.086017
-15.791888
-13.148745
-12.609066
-12.669745
-9.849657
-13.511448
-10.131468
-8.835567
-10.777439
-10.360588
-12.118668
-10.618345
-10.928890
-13.658420
-9.262198
-10.671893
-8.956811
-12.750667
-9.344543
-10.646963
-9.432906
-11.037634
-13.100166
-11.346156
-11.763012
-12.588010
-10.351531
-11.950951
-14.312456
-13.336318
-10.680416
-9.325737
-11.502030
-14.103124
-10.251676
-12.758845
-8.540766
-11.229068
-14.945395
-10.027236
-12.202394
-10.898834
-12.874323
-13.515698
-8.666506
-12.572444
-12.610473
-12.413578
-11.041096
-11.863171
-9.864931
-12.223789
-7.588231
-10.532665
-10.880766
-12.319576
-9.846311
-9.731405
-9.843714
-11.895019
-10.863533
-9.271547
-12.727060
-13.255516
-12.057506
-11.871133
-9.805103
-12.667565
-9.531222
-9.992108
-14.694639
-11.671280
-13.715491
-11.741576
-12.193270
-12.589958
-14.239812
-10.786140
-13.592901
-10.938171
-7.329434
-10.196486
-13.007733
-12.904124
-9.174859
-12.734636
-10.815138
-13.117361
-11.868733
-12.068689
-8.035138
-11.025367
-10.985994
-12.433448
-10.911577
-12.276077
-11.931459
-14.450505
-10.376068
-11.546718
-9.862453
-12.574962
-11.430232
-8.119691
-12.905492
-10.186132
-13.170963
-17.415716
-10.115784
-9.237159
-11.507114
-10.388721
-11.794106
-13.489264
-7.685177
-15.361696
-11.707251
-15.454920
-10.556342
-10.041077
-13.688911
-12.624303
-12.429195
-11.764646
-12.024553
-14.922821
-7.090363
-13.264228
-9.341149
-14.090937
-7.973300
-10.058397
-10.408843
-12.008032
-9.905569
-10.928341
-11.854843
-8.591902
-13.610752
-13.078348
-9.719342
-7.424545
-11.920527
-9.840022
-10.937069
-11.659782
-12.032261
-10.997859
-12.153016
-10.129666
-10.158486
-11.008428
-10.201959
-11.522461
-10.366063
-10.193139
-15.421179
-9.809173
-11.147101
-9.661034
-12.163851
-10.878860
-15.986912
-13.185279
-10.080229
-12.166184
-10.359653
-12.412054
-6.753036
-12.963766
-14.924004
-11.290284
-9.944839
-10.793674
-12.523977
-9.351184
-10.843944
-12.607686
-11.291886
-13.324687
-12.651504
-10.720881
-14.658957
-12.532245
-13.169031
-14.321530
-9.527185
-10.188844
-10.148067
-10.598277
-13.668950
-8.382568
-12.516823
-9.372048
-9.950993
-13.101227
-17.119724
-13.704627
-13.139851
-11.607949
-14.742431
-11.711922
-10.312277
-7.763534
-13.620320
-11.401613
-11.605770
-12.153564
-10.162048
-9.879633
-7.102376
-13.484612
-14.370646
-10.150720
-9.486976
-14.303710
-14.223544
-13.192129
-10.387980
-10.054955
-10.314711
-13.149778
-15.359860
-7.454873
-10.386924
-12.298544
-9.538763
-12.045003
-10.825410
-15.152730
-9.026484
-12.399656
-13.397339
-12.394279
-8.987782
-13.318085
-15.113415
-13.625492
-11.826994
-9.523664
-5.672026
-11.313127
-10.902085
-11.204457
-9.944445
-11.850715
-9.946245
-10.259109
-10.276518
-12.301187
-13.779701
-13.740098
-11.759942
-9.411247
-7.637302
-13.016663
-10.920546
-12.131986
-8.843534
-9.630178
-9.592026
-9.663032
-12.228484
-14.654140
-12.006744
-9.866066
-9.299442
-12.740422
-8.688876
-8.009748
-8.795758
-11.903118
-10.358899
-9.644461
-13.810530
-12.359777
-12.563177
-9.604503
-9.036284
-9.918100
-4.729613
-11.413302
-10.236012
-10.944607
-9.023746
-13.032911
-14.250307
-12.580248
-11.221884
-7.545004
-11.120668
-14.583395
-10.771029
-13.206622
-7.692009
-14.344899
-10.176611
-10.851436
-9.376652
-8.419836
-13.864859
-14.408775
-9.181048
-8.878263
-12.518190
-11.334261
-10.292350
-8.533653
-10.140238
-8.880125
-9.226080
-10.052275
-11.949397
-11.202341
-10.319368
-10.798251
-11.862687
-15.299551
-13.210741
-9.570599
-7.741247
-9.018551
-9.927954
-10.511415
-13.469457
-12.047193
-11.493204
-11.689040
-10.140259
-13.013417
-11.517450
-9.637774
-9.384549
-13.308889
-12.606302
-14.291538
-13.169245
-7.284813
-6.890936
-9.319148
-8.478374
-8.313705
-10.437435
-10.420774
-10.822606
-12.419107
-13.709102
-10.737614
-11.889912
-8.760921
-14.774741
-11.227613
-12.273473
-8.037622
-14.326914
-12.686854
-11.069874
-15.205848
-11.774334
-12.958450
-11.371510
-15.227582
-9.190862
-10.858673
-12.309887
-14.018751
-12.089626
-12.264740
-9.376423
-7.605020
-15.077300
-10.036045
-11.485056
-11.931599
-12.645721
-14.068376
-10.347379
-11.704861
-12.263167
-13.914356
-9.161366
-12.248930
-13.234569
-8.392969
-13.639299
-9.428772
-12.385845
-11.442698
-12.112422
-10.138314
-13.425177
-11.692809
-15.458284
-12.985414
-9.657433
-12.083466
-7.686815
-13.135774
-7.190302
-12.780249
-6.807953
-8.628771
-11.879106
-8.280636
-10.304330
-12.437921
-11.743942
-14.678592
-14.049214
-13.481001
-13.864288
-11.375635
-14.349666
-12.494510
-12.820589
-9.575594
-14.088683
-12.758839
-13.961445
-8.516335
-9.682211
-11.148662
-7.010728
-13.446055
-9.869480
-11.114324
-9.440937
-12.697193
-10.526522
-20.489187
-11.123725
-8.660394
-12.006109
-13.745126
-11.067513
-11.160810
-11.243122
-13.467202
-7.886316
-16.073620
-13.322503
-7.093526
-14.961716
-10.625220
-11.477542
-15.637595
-8.925657
-14.544119
-13.434325
-12.776067
-12.690851
-14.345394
-12.064592
-13.511026
-8.715758
-11.992108
-12.430514
-11.606794
-9.113735
-12.129128
-13.102938
-12.830526
-11.704241
-7.740412
-8.670606
-13.158975
-10.238909
-12.110466
-14.411339
-13.644899
-14.233326
-13.358280
-14.428122
-8.866263
-11.062183
-12.524685
-9.053240
-10.203977
-12.039801
-12.766380
-11.395352
-13.194720
-13.769199
-10.385639
-10.971815
-8.581563
-9.047091
-16.201729
-12.757868
-10.876342
-7.877155
-9.857086
-12.870302
-12.627050
-10.503885
-13.022564
-7.889682
-8.360846
-13.103483
-11.426049
-12.627046
-11.243894
-6.222265
-12.709834
-9.690973
-11.877877
-13.059899
-12.008511
-10.962196
-9.657734
-10.722320
-7.775595
-11.321268
-14.645983
-12.323206
-15.733454
-10.893646
-8.898285
-9.766638
-9.117603
-10.681715
-12.795952
-12.916303
-9.552644
-9.378096
-9.028452
-8.980352
-11.306282
-10.744344
-10.645376
-13.869837
-13.342710
-12.827257
-7.058946
-13.211837
-11.254189
-14.295485
-13.535847
-14.383678
-11.425757
-11.320915
-9.788097
-14.648867
-10.019400
-13.222545
-10.451030
-13.419075
-12.909194
-12.425686
-12.849712
-5.933095
-12.035008
-10.112814
-10.347215
-11.924049
-13.835207
-9.095826
-8.900559
-9.949086
-15.965411
-15.621037
-10.082500
-13.463163
-12.881672
-11.501362
-14.387313
-14.402378
-10.958528
-8.062651
-9.789785
-12.418086
-8.623555
-13.049704
-9.908836
-12.659636
-10.456156
-12.427645
-11.783888
-8.348454
-12.774575
-12.495495
-13.506371
-12.220724
-12.196856
-13.090781
-11.784166
-13.361233
-13.162490
-12.645597
-9.634367
-10.041969
-8.776758
-5.553615
-10.728306
-10.925842
-9.772013
-13.834552
-9.134107
-10.111808
-11.876485
-9.728430
-10.417419
-15.051074
-10.687884
-8.784598
-10.060698
-12.704679
-9.043211
-13.127636
-12.242228
-11.135577
-12.679477
-6.217736
-13.364050
-13.665047
-11.695562
-12.152939
-12.152223
-12.739383
-7.881171
-13.213207
-14.200417
-12.046704
-6.952706
-10.366412
-12.768559
-10.239766
-12.656816
-8.759994
-4.453018
-12.290623
-13.208621
-10.768200
-8.979292
-32.954941
-9.480746
-10.325002
-7.700366
-10.936028
-13.845940
-12.910868
-16.192181
-14.238235
-8.964983
-11.248058
-12.012976
-14.934690
-19.499174
-12.666516
-9.061489
-8.391390
-10.660765
-13.205332
-10.299627
-11.389451
-14.216427
-12.668488
-8.490671
-10.836056
-9.414555
-10.732563
-13.275590
-11.715111
-14.581862
-11.344399
-8.767202
-17.633280
-12.988707
-11.975798
-11.469362
-8.902899
-11.340240
-10.646346
-12.264988
-11.751758
-10.086010
-14.589363
-12.483337
-12.843904
-12.263657
-12.464636
-12.998630
-13.085464
-7.979593
-12.430947
-15.162533
-12.478962
-8.952468
-9.659873
-16.903889
-10.802124
-12.664609
-11.174017
-14.483100
-13.300949
-10.527794
-11.311998
-11.046635
-14.429437
-10.874286
-13.423720
-13.048004
-12.667583
-15.577828
-12.593609
-6.109385
-10.915993
-10.903326
-14.224030
-11.012093
-10.876636
-7.891405
-12.900480
-13.155530
-13.085557
-11.452801
-7.969119
-10.274849
-13.424804
-13.121338
-11.268934
-9.319510
-10.774661
-14.556027
-10.412250
-12.092673
-11.505911
-9.761537
-12.543635
-14.661641
-10.039459
-10.888201
-11.081856
-12.284672
-9.133616
-11.630774
-13.303677
-10.599531
-11.338634
-14.162285
-11.286720
-10.090718
-9.268313
-14.646355
-9.816946
-10.602480
-9.751040
-12.877743
-10.964180
-10.584379
-9.700369
-8.017547
-12.919507
-17.079071
-10.535500
-12.745728
-12.825169
-11.451031
-11.388825
-8.314872
-10.029873
-13.154624
-12.702728
-9.075961
-14.123047
-7.368059
-9.432364
-10.725777
-15.490622
-11.937428
-10.810271
-11.185226
-8.507065
-15.043139
-12.836047
-9.294601
-13.391466
-15.261757
-13.088470
-8.240640
-8.714504
-13.020816
-15.629491
-12.276320
-12.949473
-7.552264
-11.670332
-12.020692
-13.664115
-8.450639
-13.485801
-12.370483
-15.229025
-9.385251
-13.411552
-8.403045
-12.026339
-13.371813
-13.996466
-7.565430
-11.967431
-11.370650
-9.299593
-10.204149
-13.849171
-10.378508
-12.463588
-11.376342
-11.337391
-7.555195
-11.444623
-9.098048
-8.478911
-7.008558
-11.091830
-13.187899
-12.270287
-14.703287
-22.557049
-12.079792
-12.833364
-10.119212
-11.232307
-14.165763
-13.965054
-10.918061
-12.691938
-12.816619
-10.119043
-11.538121
-11.365791
-12.747210
-8.121562
-10.398458
-10.691157
-10.174398
-9.964699
-8.189847
-11.564848
-9.908172
-11.158568
-12.688142
-12.373560
-12.660437
-10.432765
-8.945031
-12.650553
-12.986234
-11.196584
-11.091848
-9.578187
-13.263229
-37.197784
-8.739495
-10.760742
-12.443016
-13.416195
-12.875372
-10.657706
-12.716177
-10.893805
-12.548270
-11.291438
-14.296923
-10.244788
-11.431384
-9.023884
-12.525071
-13.013456
-14.127184
-10.334333
-11.739843
-12.493657
-12.198016
-9.204594
-11.215830
-9.711035
-12.353872
-9.136389
-10.697092
-8.826353
-10.461257
-10.496078
-15.163012
-15.657126
-11.445922
-12.216249
-9.362589
-8.483694
-15.039781
-12.950687
-11.225502
-17.208061
-11.816251
-15.779896
-11.287033
-14.240169
-10.773407
-13.737823
-9.847823
-15.524199
-10.715471
-11.310443
-12.899217
-12.210440
-12.420823
-13.631842
-11.927045
-5.894789
-7.920142
-12.614193
-10.136877
-11.798924
-6.939566
-14.702376
-8.368996
-7.234922
-9.990448
-13.809567
-12.862177
-9.787098
-10.467336
-11.416746
-13.968317
-13.668000
-11.145925
-11.930860
-9.088195
-13.524902
-15.145667
-11.479702
-13.569505
-10.007484
-10.898052
-11.738419
-11.650081
-15.373789
-10.224821
-11.743120
-11.998136
-11.021307
-10.909559
-9.005096
-14.258730
-12.450875
-8.362803
-11.655602
-13.247940
-15.711661
-12.098511
-11.473293
-14.083097
-7.872008
-8.127367
-11.574442
-9.121124
-12.232710
-9.283990
-12.519667
-13.980361
-13.156310
-15.321287
-12.571888
-13.549244
-9.489061
-9.549500
-14.831702
-11.740640
-13.068152
-9.542734
-10.617851
-8.814232
-9.798159
-14.383752
-10.280146
-10.735289
-9.634246
-7.999099
-10.637628
-9.138670
-9.578741
-10.992309
-9.662220
-13.166376
-8.460984
-11.103884
-12.698390
-13.938293
-11.113403
-13.914789
-12.118725
-10.273022
-11.665454
-9.623408
-11.273054
-12.186534
-11.453710
-10.961511
-14.601413
-10.543914
-14.364603
-12.301865
-13.310926
-13.259430
-12.063464
-10.993608
-9.068597
-12.648490
-12.694376
-12.641910
-10.627695
-11.963274
-14.965096
-14.942615
-10.791748
-9.387391
-11.656875
-13.278410
-9.231069
-13.671446
-9.981718
-10.983666
-10.403038
-10.240900
-13.051014
-13.748186
-7.360050
-12.322216
-13.273174
-13.247013
-14.628861
-11.477581
-11.716885
-10.887474
-12.784706
-12.501301
-17.383114
-11.321562
-12.902876
-12.344526
-11.793660
-11.446713
-8.956318
-11.781960
-13.369053
-12.897624
-12.943836
-9.670013
-15.153551
-8.266268
-9.377038
-10.999307
-11.050283
-13.676142
-11.035393
-12.451197
-12.151157
-11.333867
-8.363478
-10.725559
-11.262825
-11.919330
-12.942390
-7.738949
-14.361850
-11.238924
-9.348884
-9.109137
-8.527109
-12.059213
-12.785486
-12.726179
-13.545010
-13.329906
-11.408680
-10.082647
-16.727501
-11.293095
-10.346724
-14.758585
-13.288775
-12.149062
-13.032290
-10.635828
-13.296471
-11.715296
-9.455164
-7.075293
-14.611539
-35.192181
-11.486789
-14.571732
-12.254705
-12.705548
-11.741757
-14.914261
-11.010619
-8.174923
-12.607533
-15.119251
-14.735950
-8.886083
-13.721251
-13.962686
-12.534525
-13.430223
-9.581717
-14.630763
-14.033548
-10.891634
-9.510298
-8.771594
-10.232756
-22.725361
-9.634950
-9.058096
-8.853510
-16.260326
-12.773106
-12.534057
-12.087179
-10.536206
-9.569961
-12.177483
-12.906806
-12.292964
-10.113511
-11.345778
-7.856603
-12.993475
-10.420669
-10.338082
-12.056410
-14.616308
-17.575985
-11.389165
-5.527018
-13.107767
-9.939074
-14.665968
-8.634796
-10.769540
-8.019779
-9.812895
-9.145179
-14.532553
-18.207478
-9.944777
-7.420780
-8.353776
-10.929110
-10.056991
-11.931952
-10.700439
-11.949999
-11.992919
-10.514574
-11.628977
-11.627095
-9.689683
-11.521942
-10.800499
-10.417992
-8.779467
-12.451515
-14.117060
-8.577037
-16.517097
-8.868412
-8.978855
-14.703646
-13.791283
-9.576982
-9.580061
-13.047959
-14.800751
-13.507481
-10.613150
-11.986491
-8.805508
-10.606184
-9.722241
-9.160559
-9.135950
-12.436422
-10.911004
-9.400397
-10.531314
-11.439173
-10.707829
-9.290261
-11.883923
-8.363047
-10.579010
-12.016452
-13.316467
-10.331863
-12.655293
-11.971580
-11.654489
-15.999902
-9.598561
-14.811543
-10.040038
-7.320375
-11.741958
-10.975913
-10.242192
-12.667992
-9.819212
-9.643541
-12.271206
-11.071889
-14.725103
-10.658201
-12.051997
-16.208561
-10.359634
-7.436631
-12.547487
-9.321022
-13.692020
-13.309315
-11.538404
-9.357060
-11.988955
-14.649718
-12.983078
-10.177450
-13.436917
-11.873382
-9.232277
-11.190960
-8.153171
-9.502321
-9.080215
-13.279009
-13.118698
-11.442156
-9.165947
-7.847034
-9.803950
-11.146162
-10.426877
-12.909689
-14.866158
-10.046443
-8.545094
-11.219369
-8.032011
-12.870922
-12.699535
-8.849166
-14.129929
-8.931595
-10.823518
-12.489575
-10.328509
-10.116844
-14.170372
-8.699822
-11.887940
-10.106223
-11.528414
-13.303156
-14.149632
-7.603662
-15.396469
-12.136287
-11.331913
-10.317128
-11.862120
-15.688309
-10.240425
-13.400707
-9.202535
-9.570075
-9.267508
-13.192944
-16.089695
-14.041496
-12.926657
-15.714149
-12.891173
-10.461036
-14.298416
-11.021257
-11.028828
-13.731882
-8.412405
-10.886398
-10.587318
-9.383949
-12.840125
-11.551579
-12.540152
-15.399313
-12.157085
-9.942513
-12.437597
-9.725697
-15.002153
-10.670624
-12.576042
-9.532566
-8.232123
-13.149316
-13.483290
-11.817247
-10.955579
-9.016955
-15.358060
-10.141550
-11.704582
-12.871304
-10.468784
-12.248816
-11.709759
-23.605663
-10.801997
-12.602389
-10.807830
-11.138380
-6.557540
-8.856055
-14.504864
-15.134904
-11.116766
-9.489279
-12.543173
-16.708233
-8.346784
-9.414449
-11.376947
-13.916894
-14.244997
-11.738888
-16.703527
-11.808784
-13.301427
-13.435843
-9.826384
-13.493444
-11.690866
-13.412056
-9.212578
-14.899883
-11.124086
-7.963375
-14.380350
-9.109730
-9.347725
-11.380671
-11.871050
-15.334670
-13.096697
-9.961046
-10.136994
-9.423969
-10.000628
-10.229981
-10.354201
-19.712551
-10.951941
-13.498163
-12.865294
-12.318628
-11.984165
-12.005032
-10.454473
-9.318073
-11.273015
-10.770076
-12.142873
-10.084524
-10.914604
-12.819954
-11.640141
-14.042339
-14.466116
-12.702199
-11.980347
-11.706203
-13.709707
-10.156534
-10.205574
-9.573859
-7.211860
-12.345996
-11.806911
-8.869362
-10.083548
-10.506689
-11.317218
-12.163054
-13.263271
-15.634793
-10.696922
-13.122905
-11.206070
-9.954569
-10.203163
-11.860202
-13.267565
-10.000081
-11.283546
-10.780071
-10.686794
-9.413240
-12.030992
-12.077792
-11.029862
-15.637972
-13.224968
-10.129411
-14.425684
-11.316896
-10.801142
-14.003562
-15.497787
-13.943332
-14.909039
-6.819580
-10.484495
-12.294231
-10.577952
-7.549736
-10.391590
-12.156345
-12.382435
-10.845510
-16.073893
-15.245333
-13.920406
-11.744839
-18.225285
-8.741519
-11.622801
-10.489763
-12.461267
-7.787592
-12.627418
-10.539732
-7.624465
-15.494023
-14.634375
-13.554983
-14.786806
-14.343686
-11.917895
-13.545963
-10.382552
-9.482692
-14.353464
-10.265733
-13.348599
-20.444006
-13.185771
-10.924002
-14.855578
-11.058923
-11.318113
-10.603531
-8.692894
-9.048417
-13.746335
-11.535379
-10.917366
-10.128130
-11.414252
-12.307068
-10.665466
-12.380901
-12.055565
-14.101711
-11.931770
-13.996311
-8.175817
-7.400084
-7.985434
-11.386776
-12.655209
-10.505518
-10.205254
-14.110552
-10.416143
-14.282390
-10.378023
-11.338922
-11.720890
-14.186026
-13.425507
-14.374596
-14.144977
-12.685682
-11.124949
-12.754002
-8.356003
-13.849757
-14.046671
-10.862115
-9.500053
-10.272909
-14.026186
-11.702080
-8.265893
-18.106407
-11.374311
-11.054712
-9.352286
-11.206481
-9.361887
-11.475226
-13.151177
-12.572227
-11.972853
-11.405212
-10.485995
-11.202212
-15.171564
-14.269418
-11.740838
-12.980249
-11.935261
-15.963421
-9.603856
-15.309269
-12.460302
-10.029984
-12.305109
-13.298609
-11.539348
-11.237914
-12.058273
-10.183376
-11.029032
-11.133214
-15.669811
-12.443913
-12.692999
-13.357910
-10.838640
-12.474167
-11.431309
-10.031327
-10.123637
-11.031745
-12.209411
-13.794041
-12.035208
-14.307337
-8.853031
-14.195642
-12.658017
-10.915638
-14.418369
-8.149831
-14.154818
-12.098087
-13.164798
-13.128855
-16.426468
-13.064867
-11.152295
-10.613593
-11.506468
-12.271152
-12.102745
-10.298803
-11.445026
-9.160714
-12.971462
-12.390005
-7.501206
-9.910522
-11.268063
-12.479111
-9.586012
-12.474270
-11.219540
-12.177799
-13.744415
-5.862139
-8.435442
-10.363221
-12.889668
-14.564110
-10.410158
-9.783531
-7.403984
-13.430629
-10.537944
-13.175678
-8.903415
-14.336183
-11.481471
-11.272066
-12.980948
-11.513094
-14.601342
-9.065296
-12.361153
-11.484632
-13.667891
-10.090683
-14.362463
-12.060469
-7.475211
-7.726558
-12.005493
-10.143000
-13.584335
-12.090737
-13.031078
-10.481359
-11.915632
-15.950963
-14.043162
-9.677504
-10.965999
-12.565413
-15.007223
-15.939018
-10.457787
-11.128297
-13.931969
-9.570496
-10.500340
-7.870573
-13.169750
-10.626003
-11.519694
-13.427292
-10.197306
-6.858778
-15.449770
-13.687797
-11.700037
-12.839401
-11.689503
-10.305862
-10.072406
-13.135050
-8.983733
-16.355240
-11.184059
-10.120656
-14.877464
-15.298563
-11.229818
-11.007529
-13.442900
-12.963271
-14.517358
-11.642944
-14.218552
-12.274014
-8.931917
-11.162302
-13.120463
-11.647528
-14.353922
-12.808447
-9.808569
-10.363338
-13.008217
-10.861314
-12.435493
-11.357742
-11.127743
-12.000113
-10.293777
-12.303548
-9.214114
-7.649491
-9.104639
-9.432091
-8.535387
-12.583634
-11.799349
-15.443703
-11.032637
-9.112790
-7.624327
-13.253552
-7.468910
-14.096616
-13.142123
-12.379883
-13.738256
-9.305301
-13.724685
-10.527592
-10.874406
-11.027411
-7.848062
-10.913626
-8.676921
-12.777210
-13.833506
-7.991343
-12.530276
-15.946651
-14.173572
-12.847942
-13.085234
-12.997747
-13.734080
-10.230168
-11.387183
-9.070118
-11.518518
-9.687554
-11.111992
-14.094817
-11.975542
-12.807714
-9.753277
-8.346475
-12.091470
-15.533028
-9.908958
-13.092958
-12.552168
-14.655376
-13.340998
-10.483129
-9.575706
-13.977347
-8.911100
-8.491977
-12.841537
-12.169029
-10.246653
-13.470462
-12.001447
-12.021694
-10.837173
-15.290762
-8.253277
-9.378528
-14.130050
-12.061378
-11.457328
-10.919051
-12.249241
-41.827347
-10.329775
-8.509961
-10.127793
-9.906923
-14.601463
-9.505960
-9.304728
-13.997505
-14.200562
-14.357492
-10.113768
-9.705377
-11.750537
-10.715706
-7.607231
-9.352386
-12.034098
-13.666092
-10.832142
-11.776752
-13.974110
-9.164963
-14.527015
-9.724189
-12.414124
-14.400878
-11.932102
-10.155293
-12.216512
-12.952642
-9.786024
-8.403357
-7.473239
-11.499435
-11.320669
-14.558552
-15.071303
-11.702537
-16.331966
-14.144861
-10.963963
-10.892765
-12.839704
-11.523279
-11.424955
-10.115716
-9.358306
-13.388311
-11.952780
-10.298816
-11.410814
-12.354717
-10.055702
-10.594463
-18.936954
-11.618194
-11.060448
-11.625370
-13.130076
-14.897936
-10.197777
-15.157316
-13.551051
-13.168121
-10.496223
-13.994938
-13.910142
-12.354198
-10.780612
-11.468571
-12.972533
-10.350128
-10.980499
-12.912996
-13.008992
-11.402390
-7.576080
-13.824902
-11.590705
-12.026397
-13.470638
-13.898579
-14.097709
-12.683438
-13.122248
-12.924713
-9.784360
-10.536097
-13.261588
-13.852966
-10.605327
-12.058629
-14.574262
-13.341225
-14.475804
-14.656088
-8.903868
-7.271838
-10.312400
-12.086050
-12.927041
-13.570903
-9.367867
-8.297290
-15.935699
-12.784619
-9.237400
-15.800531
-12.347276
-11.930580
-12.416158
-15.442063
-11.837845
-13.433973
-12.808058
-11.667043
-11.498421
-12.486950
-13.304173
-12.444618
-10.954739
-5.019370
-8.582537
-11.048351
-23.565632
-9.727152
-15.257815
-10.736282
-12.664495
-12.143251
-8.726220
-11.999609
-10.277798
-12.557973
-11.331241
-16.006184
-17.030287
-10.338150
-13.515944
-10.860368
-13.808190
-11.206817
-9.100731
-10.211943
-12.731969
-10.957206
-12.923668
-17.143185
-6.557006
-11.212427
-10.886634
-9.848260
-11.346602
-12.570904
-10.480995
-14.595751
-11.822846
-12.514671
-9.831965
-8.332075
-13.155251
-11.334778
-10.111180
-11.526551
-12.838737
-11.441575
-12.348253
-10.281075
-10.213798
-15.832199
-12.092772
-14.531358
-15.003546
-11.652814
-12.756612
-9.042183
-12.392870
-12.375897
-13.123712
-12.095973
-11.545331
-12.941381
-9.922323
-12.832349
-8.739836
-16.345469
-13.274451
-10.946054
-11.813891
-9.592360
-9.467367
-11.006227
-12.718637
-12.153931
-13.601851
-12.093873
-13.552778
-13.708010
-8.306909
-11.727159
-11.974065
-9.666282
-9.043080
-10.943962
-8.884366
-12.410218
-11.552271
-11.721068
-12.836556
-13.703663
-12.485967
-10.996077
-13.037660
-4.816632
-10.956231
-12.428823
-7.376959
-8.888427
-9.840786
-13.832994
-8.841638
-12.993101
-11.384141
-11.179705
-11.924543
-10.327953
-12.775275
-13.093682
-15.484669
-12.205998
-10.063281
-11.747965
-10.603688
-13.856635
-15.118933
-12.542839
-13.180002
-13.571064
-13.312720
-12.735514
-12.417319
-14.395882
-11.082587
-12.258545
-11.105161
-9.922465
-8.393041
-13.558185
-8.898767
-15.696810
-11.724332
-15.055557
-11.024917
-11.047936
-9.938809
-14.019002
-10.385590
-16.182812
-12.164887
-9.714407
-16.315687
-11.906351
-12.215810
-10.405615
-9.973635
-13.555534
-13.214094
-12.359150
-10.192303
-13.973313
-8.179129
-12.854126
-12.025823
-8.688092
-11.912793
-13.459775
-11.405038
-15.074823
-9.944744
-12.652767
-10.221430
-9.225533
-11.787148
-12.712206
-10.755661
-11.434117
-9.594355
-11.660761
-9.515165
-12.961155
-13.035660
-9.355723
-10.140114
-14.037136
-12.601194
-8.320434
-16.763044
-13.197755
-12.169287
-12.396317
-11.869044
-12.406317
-9.796690
-11.968372
-10.951189
-12.679171
-10.844093
-13.423018
-10.121901
-9.203069
-13.622307
-12.649851
-12.390993
-8.745295
-7.596253
-10.783013
-14.392112
-11.707314
-13.801533
-9.282708
-15.313004
-10.975312
-13.559542
-12.783317
-14.675874
-10.719105
-10.339840
-14.539818
-10.868338
-10.899213
-13.458911
-11.039055
-10.851548
-14.465711
-12.201874
-11.649177
-11.147711
-9.544621
-11.618611
-14.965531
-14.229950
-8.197127
-15.136053
-14.103196
-10.606761
-9.919785
-10.222688
-9.896832
-11.372726
-9.886307
-11.217538
-12.963865
-13.502704
-12.620631
-9.819927
-13.157536
-14.443084
-11.884605
-9.761558
-12.272569
-12.083884
-7.988463
-10.512113
-13.873722
-13.349632
-13.879621
-14.311360
-10.368176
-14.642019
-7.744884
-15.780478
-12.687189
-11.019069
-14.014471
-13.167831
-12.357018
-16.322098
-9.277291
-11.313627
-12.543783
-12.420135
-12.328696
-13.024491
-15.426781
-12.041371
-11.631361
-12.150115
-12.252584
-13.217075
-10.001876
-14.498349
-10.507668
-11.763847
-13.152029
-12.481670
-14.780527
-10.808544
-11.520798
-8.112875
-10.695160
-13.527021
-13.005428
-14.265947
-17.346403
-7.983946
-10.970150
-12.125586
-11.273329
-7.871376
-13.413494
-11.460218
-9.753192
-10.084623
-10.883868
-15.685811
-11.065805
-13.942823
-8.924446
-11.413616
-10.126644
-10.447364
-13.158623
-11.120233
-12.098734
-8.866359
-8.918092
-13.926494
-11.670392
-9.371321
-11.164245
-10.466459
-12.094292
-13.740685
-14.442223
-10.027987
-12.548254
-10.858551
-13.853533
-8.672961
-10.411375
-9.071717
-12.991350
-11.518221
-8.633322
-10.931219
-11.253306
-11.834501
-8.556545
-13.197733
-14.757119
-10.385308
-12.921803
-14.010298
-12.510206
-12.153811
-13.086244
-11.379176
-10.517047
-12.353729
-8.921135
-8.430364
-8.107279
-8.744899
-15.044462
-6.438152
-9.609541
-12.015916
-11.820450
-12.026828
-11.462618
-11.721813
-10.463243
-12.331094
-9.947654
-9.857767
-11.490108
-10.701742
-7.816522
-8.975636
-13.820487
-15.819570
-11.020811
-14.414650
-8.086008
-7.424141
-11.951759
-14.074737
-10.855609
-12.992968
-8.123931
-13.284825
-7.130376
-12.681515
-12.960835
-13.189897
-13.726594
-14.038209
-14.446514
-8.953421
-11.862873
-11.321529
-14.954020
-11.847034
-9.236377
-10.776548
-12.904686
-11.528375
-13.583809
-11.048841
-11.094891
-14.547679
-14.146423
-13.748248
-11.983343
-10.399955
-15.175681
-14.646625
-8.822881
-12.863884
-12.802243
-10.662480
-15.925615
-8.866163
-10.333298
-10.332829
-13.747385
-13.812381
-25.155247
-15.646519
-13.353043
-11.180733
-14.958143
-10.702920
-15.334688
-12.766231
-10.898520
-11.760948
-11.779867
-11.584762
-11.939056
-15.428854
-10.781167
-11.543497
-11.930511
-10.805161
-11.610788
-12.223049
-9.750768
-7.769314
-9.762063
-12.183280
-13.717261
-9.118093
-9.574656
-15.120643
-11.863646
-15.032715
-5.934353
-10.829090
-11.199392
-8.552117
-13.275145
-16.659498
-11.588957
-13.586633
-11.144566
-13.023590
-13.021999
-13.289278
-12.451986
-13.780117
-11.839718
-11.209589
-14.700977
-12.424276
-10.953840
-11.658017
-12.206409
-8.271111
-10.687505
-11.528165
-11.940802
-10.969570
-10.754514
-8.882995
-10.001303
-10.381579
-10.609895
-14.214375
-10.711700
-9.156281
-12.466811
-13.130185
-14.707972
-12.572458
-13.916850
-11.667776
-11.957857
-10.950651
-12.421158
-13.147825
-13.008946
-13.257325
-14.948914
-12.512087
-13.801600
-10.788166
-12.070543
-10.700191
-12.914161
-12.422905
-13.249264
-13.811817
-8.876575
-11.134276
-12.133273
-9.239259
-11.445537
-11.375766
-13.667532
-10.543280
-14.111089
-11.049675
-14.937578
-9.548948
-11.671018
-13.000189
-11.767625
-9.321996
-13.121041
-14.291312
-10.194952
-12.217899
-12.189260
-11.398320
-12.368678
-14.525900
-12.636291
-11.752966
-12.511838
-12.168837
-8.252952
-10.873983
-12.381655
-16.081823
-9.399767
-12.837308
-11.520802
-7.805790
-9.662308
-13.337976
-5.312092
-10.565095
-10.990403
-9.842427
-7.005218
-14.816744
-14.937632
-12.294167
-12.157209
-11.284742
-16.235315
-10.565311
-11.310626
-9.037967
-18.292484
-14.894272
-11.348439
-10.631459
-12.195683
-9.411136
-8.449966
-9.559615
-9.902072
-9.562807
-8.245625
-13.679251
-10.446215
-12.484998
-10.456529
-14.997530
-10.860570
-9.215304
-10.794827
-11.527294
-11.286283
-14.680843
-10.700394
-15.760204
-13.289841
-11.144115
-9.972533
-11.601453
-12.382689
-14.312368
-12.471276
-17.003340
-11.477669
-12.135107
-9.772974
-8.577094
-8.581997
-12.304144
-13.367403
-30.199192
-8.750258
-10.736372
-13.068711
-9.744408
-10.870842
-12.705680
-11.628543
-16.275475
-13.549511
-11.823974
-10.890968
-13.221325
-8.949272
-7.272951
-9.410950
-11.657143
-11.535940
-11.073907
-13.542263
-12.607949
-7.677212
-12.999770
-13.082485
-14.975098
-9.981392
-12.881485
-12.508913
-12.037257
-13.010908
-8.541115
-14.313350
-10.986727
-14.673462
-10.137128
-13.082503
-14.024089
-9.176198
-11.542374
-11.614872
-11.294594
-10.376295
-14.430008
-9.944750
-11.255018
-11.435843
-10.150677
-14.787672
-11.700789
-13.405449
-11.810947
-10.381714
-13.307488
-12.412015
-13.176073
-12.283121
-9.592095
-10.717726
-11.109977
-16.314995
-15.271186
-10.339155
-9.424191
-12.841760
-13.861311
-12.567959
-17.810001
-10.887787
-10.942584
-11.584723
-12.097063
-12.329048
-15.297318
-11.427724
-8.713621
-11.120687
-13.398911
-16.363590
-10.142445
-8.055159
-11.959475
-9.913999
-10.143135
-11.003319
-15.680367
-15.268067
-16.360529
-13.184241
-14.778231
-8.860699
-15.763641
-10.503016
-12.607892
-8.372213
-8.787912
-12.369696
-10.379726
-8.573583
-12.472879
-9.188601
-10.823874
-12.021938
-11.507078
-35.227612
-13.544158
-10.316579
-13.078337
-14.428031
-9.641208
-12.046376
-29.827755
-12.802228
-13.796631
-14.392403
-12.688609
-11.749779
-11.674221
-14.101295
-11.699763
-8.138077
-11.821329
-9.011574
-8.369510
-9.793199
-11.534731
-8.272225
-14.893337
-9.485565
-10.883677
-11.147858
-12.668127
-8.982045
-11.253024
-10.996001
-11.070179
-13.225969
-9.664046
-11.196795
-11.139151
-12.071929
-9.585802
-11.898802
-8.620096
-10.960295
-13.119453
-10.869275
-12.426152
-9.238247
-14.570469
-15.050913
-9.234546
-11.098140
-10.923939
-9.721035
-9.335253
-10.172001
-12.703279
-11.433268
-12.394143
-11.655356
-11.062122
-13.211273
-12.077917
-8.858690
-12.171160
-7.725278
-11.199321
-10.680130
-8.107922
-11.649563
-11.582697
-11.545252
-13.837681
-11.159503
-12.701926
-12.068079
-14.083949
-11.446496
-12.102367
-8.486025
-12.654418
-12.552857
-8.937769
-10.770663
-10.667406
-12.694861
-13.878593
-12.497360
-15.453278
-11.482403
-12.686951
-7.952562
-10.358411
-9.391789
-11.301615
-10.693337
-11.571583
-14.540812
-12.893599
-18.795040
-12.010550
-14.169919
-12.798903
-10.603368
-11.230573
-12.278664
-11.748024
-12.625740
-11.867188
-9.679593
-12.154586
-10.945372
-14.967273
-12.624368
-11.697291
-11.213799
-14.174929
-12.793718
-9.902477
-10.792111
-13.534443
-15.756108
-10.542726
-12.701743
-14.862058
-9.992817
-10.695661
-13.783106
-10.725716
-11.745684
-12.428503
-7.404158
-9.070164
-11.062231
-8.019691
-13.020828
-10.711931
-10.018244
-12.590481
-14.142568
-11.669918
-8.513639
-15.612036
-11.746180
-14.581656
-9.977687
-11.239082
-10.233609
-12.663637
-15.557326
-13.599472
-13.734065
-13.147913
-11.801996
-9.675680
-9.358748
-9.049908
-12.147163
-11.208735
-14.746830
-13.019732
-14.114481
-12.292558
-11.821244
-13.701309
-10.370399
-6.223594
-12.587343
-8.386368
-13.174411
-11.699656
-10.461511
-12.582388
-14.664512
-12.716184
-18.916092
-12.953312
-12.186790
-14.475517
-12.979874
-11.249455
-11.130964
-14.956413
-12.492758
-11.697866
-10.411213
-11.659101
-10.724285
-12.772304
-11.758804
-10.787292
-10.848723
-12.813483
-13.619007
-13.890334
-14.205289
-7.158316
-12.091956
-15.065546
-11.359105
-13.478155
-13.063139
-12.019093
-12.521412
-11.236322
-15.975122
-15.598294
-10.733957
-10.809545
-9.010535
-12.483495
-12.776742
-11.349555
-11.980598
-13.603953
-13.173838
-12.703313
-13.345814
-9.841853
-14.308291
-11.980632
-12.561190
-10.461463
-15.503666
-12.314975
-13.927808
-13.276531
-9.340498
-12.665212
-11.431899
-11.332518
-10.903508
-11.866055
-11.105839
-9.704438
-13.622460
-15.055037
-12.653962
-9.653852
-10.172609
-10.936438
-9.930592
-8.147784
-14.798349
-10.108474
-14.538881
-13.742691
-13.767709
-16.998558
-9.578007
-13.316091
-9.409597
-12.924311
-11.469532
-12.610077
-12.468108
-11.629591
-12.787156
-11.864787
-15.318618
-10.873428
-12.860594
-11.831684
-13.103243
-11.823438
-11.739752
-21.054842
-13.307737
-11.357405
-10.615952
-11.158417
-9.566978
-11.856723
-12.062649
-10.835224
-10.408726
-12.209759
-15.577588
-12.944607
-12.249650
-15.139714
-13.080018
-13.452281
-12.595894
-11.679985
-12.930363
-10.641628
-10.618443
-14.407964
-9.219212
-13.930037
-11.815893
-12.746720
-13.855602
-13.182928
-11.932233
-12.856977
-10.366236
-15.607976
-13.022945
-12.616913
-13.531507
-7.830459
-9.791344
-13.409056
-13.349512
-12.977609
-9.806993
-13.301386
-14.208209
-13.377963
-13.496708
-9.577291
-10.964009
-14.430029
-8.113830
-10.622827
-13.629285
-17.003189
-14.776539
-16.167406
-12.021123
-15.164197
-8.461982
-13.718149
-6.920479
-17.384350
-16.161179
-10.035833
-12.682648
-10.949703
-11.814691
-8.465216
-10.731854
-14.085591
-10.817596
-14.582685
-15.447613
-9.039634
-11.401085
-12.233202
-12.790826
-16.435938
-13.938185
-9.644737
-11.288255
-13.498245
-11.156621
-10.158695
-11.050198
-14.112652
-12.935162
-14.008132
-14.047388
-9.106195
-9.163004
-13.361904
-11.176406
-12.256302
-11.450827
-13.752796
-11.463784
-9.757692
-10.786331
-13.646509
-8.719746
-11.499386
-10.745825
-15.237776
-10.433303
-13.696434
-12.609548
-12.197752
-10.588745
-13.366249
-14.395914
-11.959433
-14.248039
-11.239317
-12.643726
-8.138187
-12.181926
-21.155430
-14.282590
-11.805408
-11.699288
-14.570226
-8.968638
-12.970369
-11.744739
-12.925497
-14.038391
-13.562016
-11.378733
-11.934056
-14.704196
-8.194205
-12.978406
-8.808772
-8.723741
-5.659918
-8.515388
-8.982452
-11.591189
-9.423696
-12.063522
-15.840733
-12.043132
-14.870290
-12.855924
-12.795574
-9.294998
-10.050879
-15.778337
-10.297045
-10.651356
-9.833481
-11.462755
-12.694359
-11.920505
-9.264037
-12.734853
-9.672915
-12.337510
-10.494204
-13.746716
-9.790082
-11.712034
-11.348211
-12.794039
-9.350500
-11.376436
-9.774687
-14.055080
-12.579296
-11.817327
-12.716801
-14.142854
-9.975031
-9.907059
-12.100978
-14.465168
-8.939391
-8.679212
-18.620682
-8.824811
-15.687890
-13.757166
-11.441387
-10.531566
-10.427690
-11.762049
-9.211668
-10.355326
-10.496119
-9.823706
-11.046409
-9.636301
-11.294655
-11.641313
-9.797813
-10.752570
-7.905510
-11.140648
-9.265732
-8.272262
-13.962741
-9.818419
-12.297119
-9.128025
-12.346661
-19.962883
-11.247766
-14.306913
-13.054293
-11.406508
-11.893359
-11.291763
-9.515540
-13.790278
-12.140459
-13.081859
-13.728999
-13.516543
-10.738705
-13.295530
-15.423831
-13.287188
-12.801537
-13.994450
-10.447140
-9.479262
-11.575556
-9.531199
-9.956676
-12.071040
-12.616658
-10.797049
-9.536391
-13.748839
-11.437571
-11.746119
-11.675718
-14.056417
-9.930547
-10.134548
-11.047160
-14.886454
-11.394466
-9.593081
-11.375058
-9.473999
-12.718246
-41.975735
-12.342336
-11.611647
-9.094213
-11.780951
-10.103957
-15.012348
-13.883015
-10.888134
-14.933808
-14.603870
-14.812189
-12.852409
-11.559364
-12.454130
-11.519126
-11.258664
-9.528476
-10.488052
-11.857107
-13.291438
-13.393193
-15.831429
-12.662546
-9.095291
-14.188949
-11.329821
-12.688522
-12.517514
-12.447344
-11.316249
-13.478308
-14.230743
-13.313852
-9.830687
-11.224283
-11.213605
-16.597780
-16.674685
-11.772242
-12.440397
-12.917766
-12.141474
-14.300168
-15.387995
-10.105778
-9.806253
-12.961719
-13.461126
-12.351692
-12.098677
-11.657590
-9.153897
-12.811882
-13.175432
-16.361050
-11.533563
-10.569594
-10.287236
-11.961869
-13.304508
-11.398369
-15.155960
-11.252354
-12.643507
-10.880145
-12.847808
-12.468949
-13.330639
-11.100109
-12.298370
-15.290884
-12.284572
-11.191869
-9.074726
-10.476492
-11.101963
-7.553555
-13.623578
-18.417828
-14.897873
-14.108649
-9.829033
-13.043409
-12.689283
-14.252125
-12.453949
-11.355850
-11.718991
-9.641359
-7.200482
-9.085020
-10.185124
-9.029797
-10.335437
-14.217819
-11.823144
-13.955122
-13.593468
-15.918739
-10.432385
-13.378696
-10.100236
-10.264627
-11.837313
-14.122826
-11.660443
-11.506603
-14.296109
-16.513472
-9.323025
-10.181696
-10.725145
-9.554056
-13.001860
-13.170322
-14.496098
-12.131632
-10.556281
-12.175265
-16.370205
-10.423995
-12.035935
-14.186052
-11.751575
-12.198337
-11.448368
-11.840123
-12.475203
-10.826984
-12.418709
-11.579303
-12.504302
-11.339558
-13.773479
-12.190149
-10.408985
-9.706332
-8.758883
-9.525351
-10.965803
-11.605107
-9.983624
-16.101141
-10.275516
-9.866037
-13.095669
-10.433555
-12.644273
-10.700301
-8.620153
-12.985657
-14.077152
-10.289866
-9.162062
-12.798126
-15.107734
-8.275107
-12.885484
-7.522318
-13.885883
-10.428782
-9.096848
-12.199031
-15.616684
-10.872159
-9.827485
-12.598402
-11.352982
-11.715563
-11.947839
-10.899937
-8.722739
-13.294345
-10.086481
-13.077990
-15.437874
-9.348364
-7.966706
-9.821270
-9.812672
-11.444416
-13.422771
-10.080978
-9.099864
-12.502258
-11.329573
-12.364653
-14.880812
-13.700481
-13.967278
-11.874728
-9.144041
-9.528430
-14.306934
-13.611853
-14.745068
-10.556585
-12.074056
-16.774483
-11.728522
-11.212324
-13.418040
-10.580483
-13.133042
-7.165296
-9.601891
-13.875010
-13.460927
-10.404541
-14.302391
-17.039480
-11.457699
-14.185955
-16.381172
-10.165686
-11.933202
-10.077078
-15.045324
-12.243950
-13.208166
-12.848777
-12.099796
-10.055796
-10.929512
-9.180180
-11.425281
-8.317527
-13.230325
-13.458302
-14.473621
-11.855328
-9.283925
-10.975201
-13.861214
-15.212623
-10.535872
-13.455193
-7.885400
-12.363247
-13.038914
-15.839498
-13.913111
-15.383487
-10.275999
-9.097710
-13.240962
-13.372388
-12.281038
-12.626128
-9.450014
-12.743452
-14.976292
-10.159161
-11.575954
-13.313046
-13.516938
-12.911465
-11.357786
-13.608161
-12.666777
-13.484588
-14.073610
-12.693492
-14.290176
-13.890408
-11.383003
-10.977989
-15.405622
-13.328880
-10.050072
-11.898537
-9.259299
-11.653140
-13.799730
-15.752558
-10.531665
-13.561630
-12.335897
-7.719835
-10.856124
-11.505727
-12.967257
-11.314752
-8.564286
-11.623021
-6.545737
-11.578725
-12.291517
-11.132382
-12.582488
-10.081957
-14.977165
-12.621895
-15.758608
-13.342155
-14.119551
-12.325191
-9.277309
-10.825580
-23.839207
-9.951380
-13.747363
-15.236105
-11.789989
-14.303513
-14.419673
-10.471622
-12.920186
-10.992283
-13.714568
-14.421889
-9.489016
-13.292194
-9.787026
-12.115351
-15.503881
-14.533272
-13.867133
-8.600513
-14.353946
-9.000182
-9.516126
-10.719021
-11.694700
-13.046667
-12.770538
-8.987373
-13.305267
-16.971321
-10.447273
-6.916716
-12.588956
-11.239075
-11.649794
-12.762652
-13.347494
-12.295511
-12.477436
-10.581879
-14.370034
-8.803614
-6.624973
-11.878940
-13.885142
-11.653255
-11.704159
-12.400969
-9.611811
-11.115908
-13.832138
-10.603110
-11.177749
-11.700872
-10.984026
-13.281092
-12.542542
-12.707555
-10.946153
-8.018433
-15.797022
-13.714247
-13.414322
-16.033705
-10.664953
-10.211704
-12.962598
-12.137044
-16.018108
-10.883367
-12.213048
-15.219364
-12.905746
-12.915611
-19.174902
-13.780560
-10.263426
-11.976429
-11.544085
-14.861156
-8.871594
-16.487549
-11.652538
-15.735842
-13.756384
-14.428667
-15.138352
-9.856544
-16.610777
-16.875093
-12.960110
-14.042824
-8.563491
-11.829581
-9.154153
-9.315712
-12.289494
-12.344288
-12.784492
-10.421669
-13.903192
-12.571844
-8.511067
-10.701421
-13.356135
-10.833886
-10.244452
-13.821905
-13.304977
-11.916455
-12.837518
-12.800182
-10.418133
-9.333662
-15.236326
-12.197154
-11.202755
-9.866681
-12.111155
-13.060986
-14.091760
-12.493507
-10.173113
-9.175846
-10.696471
-12.191458
-13.698447
-11.278785
-14.358568
-14.403635
-16.875231
-9.420921
-13.065265
-12.310354
-12.575080
-11.537133
-12.360308
-11.593387
-11.024998
-8.868669
-11.652567
-13.155214
-15.143292
-10.056076
-9.327685
-14.063327
-9.229971
-9.836509
-8.395673
-14.251191
-13.704710
-10.533895
-12.254620
-16.212872
-15.809382
-11.585666
-29.366095
-12.585108
-11.172074
-11.810200
-11.666015
-12.676407
-14.705011
-8.414398
-12.367852
-12.334333
-14.419074
-14.456644
-15.286455
-10.557163
-14.562211
-16.742781
-11.679499
-13.509719
-11.130026
-13.690022
-10.228685
-14.382877
-15.214601
-12.617018
-14.514015
-8.998299
-11.584984
-16.064775
-13.869493
-16.181826
-11.228243
-14.099313
-12.017409
-14.484405
-12.447400
-15.269712
-11.360342
-11.978736
-12.817717
-11.587065
-16.835075
-13.238642
-11.074472
-7.573143
-13.149245
-10.904896
-8.181786
-11.341399
-13.055696
-12.661563
-13.374422
-12.049254
-13.658691
-10.617716
-13.549285
-13.692198
-11.991133
-11.989900
-10.612659
-10.654965
-12.218926
-11.523286
-14.155910
-11.097482
-11.359550
-13.173877
-8.075781
-13.211067
-9.640060
-9.709281
-10.728420
-9.036674
-12.266926
-10.542056
-12.047201
-9.372927
-14.919971
-14.463639
-10.083696
-12.426810
-9.444780
-8.566860
-11.842050
-12.488501
-13.127901
-11.538205
-7.995951
-9.904865
-13.549441
-11.442313
-12.599995
-9.681409
-13.679309
-10.999516
-12.991232
-10.544371
-8.238293
-11.875012
-12.720318
-13.415261
-10.638342
-9.136212
-12.019689
-8.826017
-15.986612
-15.846381
-12.568253
-13.016731
-12.279921
-13.950490
-9.321487
-13.004197
-10.679268
-14.823493
-13.017676
-9.535615
-13.218146
-10.271663
-9.592222
-11.111747
-10.421261
-12.234467
-10.615629
-17.461866
-13.746874
-8.241091
-13.113439
-10.776571
-13.178588
-8.180045
-9.378813
-11.837293
-12.705807
-13.522968
-13.346288
-10.065285
-11.043744
-17.575312
-12.739089
-12.943115
-13.439951
-16.174536
-10.376035
-12.538986
-13.748295
-13.990889
-10.114374
-11.135537
-14.699034
-9.504661
-9.447754
-9.706963
-15.274127
-12.373640
-12.764235
-12.689122
-7.646808
-12.063532
-10.598119
-9.960769
-12.514471
-12.365177
-13.938715
-13.756739
-10.727600
-11.665590
-15.715345
-11.151724
-14.188711
-14.423831
-11.179359
-17.775055
-15.790316
-12.259589
-11.519781
-8.319461
-11.116456
-9.510489
-13.481970
-7.915369
-13.437357
-9.140513
-9.599373
-10.705746
-10.022833
-10.780478
-12.132642
-12.716572
-11.436037
-10.158169
-14.928851
-10.112104
-15.051313
-13.143186
-10.505823
-12.885833
-12.703045
-10.681278
-15.064312
-13.218386
-11.809535
-6.856921
-14.019768
-12.246837
-10.529440
-11.404675
-10.281982
-12.160109
-10.657710
-10.481786
-16.327103
-8.865981
-11.028941
-10.594048
-11.989664
-14.144180
-10.227752
-15.060595
-12.313682
-11.856082
-10.798754
-7.687559
-10.779554
-16.020706
-17.342585
-10.368997
-9.764540
-9.690269
-14.002209
-12.836878
-12.515704
-10.967632
-9.005814
-12.819906
-12.215581
-11.782711
-12.855992
-11.525537
-11.189354
-7.884791
-9.104556
-9.604196
-12.512526
-12.475362
-13.431885
-9.847392
-16.074032
-13.505472
-14.007416
-10.336748
-12.170425
-15.636086
-11.498833
-13.204439
-10.907857
-13.307654
-13.394506
-11.480758
-12.030986
-9.212593
-13.329202
-12.734097
-10.719553
-10.098594
-12.822775
-13.026545
-11.270550
-10.908648
-12.384073
-10.888978
-10.115872
-16.144018
-8.516445
-10.912236
-12.954203
-12.270565
-13.569659
-12.240651
-14.018112
-11.442752
-11.909323
-12.350257
-10.092493
-10.657820
-10.870211
-19.212547
-11.026816
-12.747926
-14.659381
-12.016207
-12.193252
-14.963118
-12.267497
-5.726236
-13.140474
-17.745775
-6.335444
-9.456533
-8.352319
-11.878587
-13.841862
-11.265927
-11.598349
-10.683277
-14.088980
-11.237678
-13.343885
-12.110127
-13.847859
-15.947987
-12.517012
-15.250388
-14.950544
-13.020985
-9.385939
-13.538323
-11.481964
-11.385037
-13.040768
-11.462185
-11.239521
-13.789852
-10.076586
-14.373528
-12.622028
-12.354420
-13.047415
-20.191835
-13.440008
-14.052540
-11.410692
-7.806792
-10.078325
-13.713393
-12.282626
-14.329423
-9.365600
-11.890149
-13.330416
-12.941423
-11.074263
-10.112910
-11.860214
-11.814281
-13.658241
-13.915648
-13.009547
-15.765532
-10.639789
-13.437813
-12.732753
-11.152157
-13.633272
-14.934247
-13.244928
-10.642250
-14.715242
-10.543207
-9.378674
-10.393475
-13.430525
-9.772217
-5.732417
-15.166868
-8.861344
-14.804300
-13.437514
-12.494745
-10.005879
-11.950736
-10.696307
-13.370607
-10.147151
-13.014076
-12.557117
-12.108778
-13.869105
-13.359172
-12.430338
-8.542152
-14.752709
-10.609631
-12.301904
-12.430632
-7.635671
-10.645941
-13.273647
-12.648344
-8.228947
-8.487926
-15.705908
-14.235396
-14.296093
-15.094460
-12.357262
-14.013147
-12.841653
-13.361083
-12.808758
-11.958039
-11.390184
-11.786163
-14.745790
-10.970578
-15.575647
-11.490781
-14.717758
-12.744266
-15.108706
-15.677305
-13.015550
-13.420518
-13.731288
-12.221266
-12.360248
-11.330538
-8.654600
-12.548477
-10.920846
-10.904768
-12.610825
-14.302057
-11.569140
-11.160857
-11.726113
-12.437040
-9.146796
-11.568042
-16.414061
-12.377602
-14.317722
-11.849278
-11.386737
-12.379439
-9.905348
-12.805007
-11.954533
-15.110602
-12.522408
-11.543888
-9.275368
-11.302464
-12.045913
-12.018891
-11.562078
-8.776887
-6.103802
-11.235619
-12.573865
-10.794556
-12.027268
-12.954624
-8.356211
-14.212925
-12.048388
-13.939022
-13.275704
-12.756807
-6.693052
-13.843341
-10.393225
-15.846987
-12.538344
-11.857205
-10.426177
-12.686083
-14.959528
-12.009862
-7.283179
-11.363527
-12.485161
-10.837988
-12.039653
-11.755959
-14.874359
-17.504972
-13.593746
-14.012985
-15.717960
-14.047650
-12.038954
-12.541285
-11.778276
-8.845873
-14.082537
-12.205464
-11.513950
-13.046591
-6.906972
-11.571404
-15.312140
-11.509261
-13.606548
-11.012322
-12.192431
-10.868027
-10.585914
-12.618319
-13.526879
-11.307743
-11.138423
-8.926373
-13.092034
-8.885653
-11.835899
-10.713841
-15.716785
-9.488785
-13.777996
-8.923450
-14.787078
-12.268047
-11.330170
-11.021719
-16.457855
-12.625632
-10.793909
-10.303395
-10.717151
-9.840691
-12.535019
-14.206223
-10.608621
-13.363688
-12.700045
-13.348941
-11.768478
-11.811490
-11.412317
-10.590389
-9.944258
-12.227646
-14.086136
-12.957691
-11.620947
-11.959522
-12.256214
-11.201018
-15.939105
-12.133759
-11.603519
-13.345588
-12.926926
-11.554562
-8.855598
-13.218663
-13.324413
-9.242523
-15.253814
-15.077881
-9.275345
-18.506718
-13.465443
-13.295529
-13.552558
-12.820608
-15.457924
-9.920275
-12.003104
-13.216803
-13.121331
-10.939758
-14.279722
-14.012976
-11.796935
-10.354729
-9.905053
-10.473884
-12.833032
-13.408039
-10.786506
-13.837902
-15.320864
-11.578506
-12.157703
-17.302885
-13.889250
-11.527177
-14.140117
-12.826590
-18.022055
-11.389099
-14.733605
-13.763859
-11.330909
-14.220930
-12.889189
-13.246545
-11.421341
-11.913316
-10.632554
-10.428217
-11.377186
-12.982250
-11.366717
-13.359964
-14.308754
-15.610633
-9.324318
-14.316332
-11.012306
-13.936728
-10.545594
-14.214692
-10.678834
-16.345575
-8.672106
-11.299858
-8.460684
-12.484845
-9.216358
-12.643005
-12.301271
-11.405858
-7.934315
-10.646998
-13.173420
-12.434286
-11.539995
-11.346362
-14.284299
-11.133194
-11.386268
-12.225600
-12.341504
-12.543065
-14.301167
-14.256763
-8.171112
-15.214899
-13.755817
-9.556520
-14.861033
-9.023252
-16.367817
-16.854448
-13.846109
-15.377926
-9.691508
-9.923385
-9.611954
-7.676207
-11.921170
-10.946011
-11.783590
-11.335505
-11.296466
-12.508872
-10.514536
-13.957498
-12.965279
-13.760142
-13.447454
-13.257110
-12.561900
-10.388086
-9.205162
-7.074291
-14.036448
-14.506504
-12.985508
-19.980553
-10.015514
-13.628960
-12.240872
-10.291055
-8.746855
-12.661860
-14.002438
-11.407514
-12.321737
-10.085341
-14.153084
-13.439508
-13.116763
-11.269634
-12.740911
-11.472750
-12.120918
-9.644485
-14.643085
-11.563803
-12.820168
-15.069529
-11.344218
-9.289730
-16.075460
-15.575242
-15.573412
-10.786683
-13.880721
-7.501266
-9.398428
-12.906945
-13.634730
-9.359815
-13.412577
-11.051895
-10.288928
-7.813995
-13.324394
-7.896810
-14.744493
-12.192160
-14.744663
-11.476437
-10.996604
-12.138620
-10.370766
-12.974802
-11.255099
-12.089003
-12.363645
-11.905316
-11.822412
-10.490631
-13.721416
-13.543808
-11.958747
-13.954657
-13.106764
-13.865194
-13.698885
-11.974878
-11.357390
-11.464938
-12.360657
-9.391706
-10.737689
-10.940300
-11.151784
-9.834246
-11.965909
-14.273046
-12.295389
-14.373010
-14.249815
-12.725057
-14.463734
-11.279293
-11.969316
-14.804091
-8.360088
-11.644302
-13.093914
-10.663715
-10.097366
-14.079809
-13.451363
-14.603989
-12.259106
-12.931074
-10.295983
-11.744772
-11.461225
-13.010162
-13.121447
-10.874775
-13.139876
-11.886583
-16.220245
-9.108550
-12.706979
-12.333855
-11.235222
-12.517828
-14.365442
-12.454872
-10.456860
-11.008106
-9.362946
-13.929036
-10.561924
-13.203857
-15.015226
-11.331499
-12.952407
-10.146960
-11.280438
-12.866356
-11.083830
-9.004746
-11.898174
-10.529307
-10.813467
-14.821124
-13.572025
-12.557037
-12.225339
-17.487028
-12.810041
-14.230206
-11.193888
-11.358200
-12.623046
-13.532358
-11.762136
-14.079223
-12.566913
-12.943267
-15.720648
-12.993404
-21.492554
-12.560941
-9.905150
-11.928797
-12.352638
-10.689007
-12.793188
-13.936283
-14.675916
-12.745407
-9.070251
-12.007555
-10.517357
-15.238302
-10.933896
-11.854496
-14.658741
-13.102203
-23.362175
-11.101615
-11.304420
-15.278553
-11.935688
-13.988323
-10.214435
-12.236747
-12.835222
-10.754173
-12.590403
-13.470823
-12.605867
-12.203339
-9.358225
-14.607172
-9.647170
-14.452324
-9.167906
-13.282161
-13.320234
-9.915506
-9.661589
-12.540875
-15.338781
-12.045630
-7.607590
-12.374146
-11.411245
-10.996676
-13.554317
-13.448492
-11.086211
-10.056821
-9.010969
-10.501711
-13.607645
-12.929909
-12.722265
-12.203773
-11.952801
-13.137945
-12.201609
-11.165563
-10.736202
-12.848337
-12.511491
-12.479749
-12.410142
-14.188643
-12.893888
-11.455898
-12.568521
-12.734804
-13.581896
-13.393604
-12.135226
-11.347024
-9.880980
-13.182853
-12.875381
-12.246348
-11.868951
-11.180457
-14.455241
-14.525520
-10.944635
-10.762218
-14.553456
-8.659014
-10.062490
-6.365632
-9.886098
-17.960148
-10.341689
-12.049608
-10.569328
-9.046607
-9.458405
-13.118696
-10.821200
-11.895512
-12.030146
-9.917104
-11.348441
-11.731361
-12.702094
-13.205853
-11.136392
-11.880970
-12.352680
-12.674027
-17.047115
-25.598463
-13.797919
-9.616568
-13.975280
-11.128934
-10.941774
-14.329868
-14.510563
-11.664358
-16.006117
-12.505033
-10.270890
-11.684727
-12.240549
-12.064873
-13.003687
-11.019528
-12.039904
-10.378305
-12.071120
-11.828831
-13.719912
-12.455962
-9.914866
-9.804274
-12.866642
-17.412975
-12.179299
-10.851198
-12.148365
-12.768554
-12.528907
-7.768906
-13.396698
-14.391963
-12.531116
-15.858148
-8.944756
-12.832484
-13.607051
-14.610064
-10.686749
-13.052366
-11.876946
-10.617537
-13.593607
-9.441895
-12.031450
-12.223440
-11.671276
-12.487148
-11.221455
-9.141592
-10.002827
-12.512010
-12.604467
-12.071970
-13.023211
-12.562699
-10.505773
-13.160008
-14.962957
-12.908240
-13.407833
-11.882689
-11.060312
-14.151001
-15.395197
-11.473909
-12.196532
-12.797323
-14.559303
-12.512468
-13.455562
-13.196671
-14.868530
-12.515280
-12.064897
-12.185681
-12.618617
-12.872641
-13.373061
-14.094835
-14.478803
-10.756298
-12.886456
-13.883524
-12.950841
-13.440446
-11.162238
-13.244489
-9.571812
-13.164656
-10.149292
-13.312428
-11.347153
-10.666183
-10.268915
-12.510926
-10.352276
-12.309817
-11.234106
-8.312984
-13.358963
-12.723103
-9.632488
-10.775478
-9.236425
-11.258204
-11.287997
-10.536137
-11.936844
-11.035421
-17.328625
-13.693243
-15.674601
-9.434460
-13.012247
-10.609950
-12.798751
-14.575972
-10.488249
-12.175837
-11.860652
-11.964533
-12.865322
-11.456424
-11.090108
-13.681061
-13.198494
-14.129325
-8.612506
-11.552373
-10.165997
-14.823173
-12.916595
-11.577897
-13.040638
-11.066005
-8.250805
-13.020815
-12.051476
-14.326731
-11.023323
-10.733824
-12.303244
-11.351827
-10.843768
-10.958508
-11.370916
-10.394694
-15.858478
-10.299823
-12.379318
-14.014531
-11.846937
-10.720716
-11.621716
-7.030730
-16.664595
-9.345933
-11.685214
-11.032990
-13.891470
-17.709393
-14.585041
-7.991284
-11.869612
-14.426915
-13.497772
-9.063502
-13.192257
-12.978470
-14.874834
-14.209473
-10.500010
-13.607231
-10.902830
-13.991276
-14.489207
-12.923049
-13.695943
-14.338218
-13.320382
-13.365506
-10.863766
-11.908395
-10.179399
-15.595399
-14.866533
-11.986858
-10.071175
-14.147452
-13.431772
-11.168999
-18.834377
-11.763083
-15.071905
-11.869691
-12.564769
-12.950171
-11.029835
-13.938367
-12.903577
-12.255964
-14.460106
-10.093350
-13.881745
-13.095389
-12.189264
-12.042366
-11.432261
-11.891212
-10.844604
-13.579511
-12.251500
-16.107592
-10.474298
-13.012816
-13.992634
-5.209220
-10.348898
-13.785873
-13.999576
-15.511916
-14.003048
-12.391638
-9.369399
-10.629216
-11.179159
-11.124672
-12.283224
-12.183458
-10.725281
-11.022239
-10.653393
-9.275058
-12.477905
-18.959221
-13.519197
-12.413704
-14.465002
-9.927405
-12.873119
-13.882647
-9.733088
-11.905869
-14.442883
-12.380818
-11.838228
-11.987717
-11.506777
-13.575721
-14.721010
-14.538729
-11.552443
-8.514663
-13.676307
-13.587062
-12.747742
-11.293924
-10.238061
-12.757866
-14.167326
-13.410250
-11.082565
-8.965407
-12.360326
-11.068308
-12.307619
-12.420021
-11.240223
-14.422366
-11.498041
-12.320768
-10.443221
-10.564824
-13.221914
-12.698055
-21.377998
-12.136028
-12.611659
-10.767406
-13.734940
-11.080764
-10.638005
-13.528177
-16.450817
-12.094190
-11.635783
-14.538369
-11.997826
-15.352005
-12.970526
-14.391829
-12.931298
-11.274026
-13.733274
-11.165532
-14.799584
-13.928654
-11.130745
-9.562581
-11.480189
-12.626932
-11.194555
-13.539496
-17.898331
-14.248940
-15.312265
-12.058733
-11.824564
-7.855161
-9.683435
-10.801058
-12.618918
-12.509355
-15.437562
-11.594659
-12.069212
-13.093651
-8.278086
-10.319335
-15.291955
-6.745118
-13.429174
-6.287367
-7.095296
-10.841087
-12.409941
-10.265482
-15.019861
-11.609952
-14.966642
-8.425449
-12.757133
-13.084039
-13.332291
-12.733171
-14.006056
-13.477386
-12.521319
-11.154098
-12.075558
-10.274611
-14.438724
-25.064091
-10.075371
-12.661983
-9.098402
-12.241869
-10.980206
-12.452698
-12.230594
-16.798275
-13.279589
-8.492388
-13.568242
-11.826669
-10.457745
-8.708736
-11.390569
-13.975676
-8.505589
-13.005970
-17.677546
-10.639909
-12.145094
-13.796294
-9.088801
-10.598678
-13.905085
-12.804542
-12.375086
-13.029959
-12.800499
-17.217068
-10.995028
-11.525215
-10.732594
-10.424753
-14.708184
-11.915091
-14.518684
-8.909084
-11.420710
-10.508227
-9.855002
-10.505189
-11.078147
-11.207475
-8.625115
-13.278425
-13.649321
-10.514323
-15.352377
-13.657009
-11.502606
-10.601127
-14.276263
-12.432757
-14.178148
-14.122898
-14.541545
-11.127226
-12.779828
-15.398597
-12.039268
-12.835711
-10.186179
-11.670323
-10.554274
-14.129139
-9.287574
-8.287069
-11.367432
-10.157239
-12.423616
-13.481150
-12.423326
-11.924021
-15.177026
-13.903851
-11.627131
-11.826338
-13.010616
-13.262958
-24.243311
-14.193580
-11.348343
-13.850222
-12.586115
-11.557301
-10.404446
-15.045110
-14.083595
-12.393970
-11.889894
-15.306848
-25.579575
-10.681973
-14.395636
-13.865112
-11.748409
-11.985113
-12.681080
-13.751527
-15.529137
-13.841776
-8.988707
-12.500607
-14.311856
-10.904575
-12.122374
-12.294186
-11.923185
-9.853295
-9.284163
-14.445982
-13.677215
-7.378513
-10.405877
-11.756778
-13.455229
-10.700314
-14.170145
-11.906743
-10.888002
-12.720154
-10.972603
-13.740286
-12.541659
-10.102476
-14.240838
-12.518918
-12.989370
-11.653461
-14.430181
-12.266847
-9.589030
-9.448140
-10.809978
-10.085690
-11.919267
-11.110320
-13.069258
-16.179817
-13.973656
-11.819677
-14.760096
-14.940135
-11.672998
-10.802551
-9.807053
-13.920729
-13.219282
-10.101664
-11.480042
-9.653534
-11.858023
-11.978288
-12.148794
-13.258535
-14.850520
-9.959072
-12.819544
-9.698423
-11.978386
-9.965481
-8.203503
-11.533621
-10.445244
-11.660392
-11.480236
-8.618868
-12.450071
-10.941351
-16.225760
-12.182000
-12.517892
-15.369699
-13.318517
-16.053600
-13.224991
-9.533583
-13.221622
-11.529140
-15.793989
-14.618569
-12.305150
-11.822221
-11.513484
-12.117559
-10.794819
-12.534841
-11.092327
-14.144089
-11.042434
-11.637892
-14.034670
-13.843790
-11.520369
-10.593765
-9.047325
-13.026310
-13.238443
-15.165344
-12.111229
-10.863600
-15.410685
-10.357571
-13.195793
-8.648125
-10.048046
-14.659420
-8.211637
-10.497334
-11.013466
-10.340487
-10.599247
-15.281546
-11.353054
-12.122771
-11.498085
-8.935205
-13.350270
-7.582474
-12.686048
-10.954170
-14.223585
-12.195967
-14.489884
-11.619793
-12.965115
-11.394512
-12.399218
-9.922212
-19.723703
-12.769690
-11.558206
-14.017900
-11.928046
-15.933273
-10.700502
-14.178959
-12.349776
-9.412422
-11.582527
-15.182558
-13.057374
-15.461404
-17.725115
-12.666466
-12.631493
-13.426226
-10.230914
-14.497534
-12.720486
-9.562529
-14.869449
-12.945791
-10.069530
-9.518089
-12.553364
-11.770043
-14.518524
-11.909359
-12.302731
-14.398506
-14.692428
-11.488399
-11.793400
-5.283006
-13.253504
-11.767633
-12.994588
-11.129995
-11.955057
-14.079786
-11.183809
-15.535787
-12.308032
-12.989275
-15.288382
-10.706717
-14.055202
-6.383469
-14.105062
-8.670452
-12.339803
-12.767163
-11.842505
-9.183096
-14.179858
-14.384356
-15.011463
-10.899279
-12.767825
-8.151306
-13.156285
-11.841328
-14.218889
-11.583857
-12.303325
-12.306301
-14.407301
-9.623298
-13.097038
-10.621332
-17.142496
-32.313744
-11.647327
-11.833729
-12.962357
-12.637695
-10.355822
-12.126622
-16.096527
-11.460930
-15.534142
-8.003621
-10.690333
-11.682287
-11.896288
-8.408852
-15.972545
-12.636127
-12.805663
-14.986622
-13.963075
-13.384154
-12.575847
-17.676474
-13.772097
-11.546135
-13.873432
-12.102691
-12.829629
-7.946976
-12.531383
-14.658482
-9.733956
-15.758313
-15.530125
-13.131716
-12.618015
-15.484867
-15.236265
-12.130979
-13.898991
-17.360596
-14.580822
-9.470075
-13.551360
-12.243972
-9.915356
-16.408504
-13.055564
-14.166679
-14.515657
-11.955619
-11.940184
-13.615916
-10.862094
-9.616114
-13.856083
-14.283564
-11.896944
-7.811910
-13.230076
-13.194134
-10.622896
-13.415549
-15.621992
-10.446919
-11.348874
-10.614784
-13.986756
-14.197731
-12.925188
-9.246744
-13.355412
-12.370922
-12.635511
-13.858140
-13.571139
-10.537088
-8.531279
-13.486956
-11.746329
-13.493755
-13.982023
-11.351275
-12.595796
-10.590193
-12.560802
-11.450092
-12.899205
-9.420981
-13.359939
-13.356518
-12.472984
-15.074200
-10.042721
-14.540491
-14.338528
-16.005980
-10.884566
-12.480221
-13.831867
-10.315480
-13.798266
-10.718933
-14.785756
-13.724512
-12.900759
-12.611669
-10.021980
-12.536969
-9.573450
-9.801373
-13.314236
-10.748141
-12.404224
-11.678238
-10.564437
-11.274821
-11.142030
-12.853383
-35.040928
-9.665196
-12.472286
-14.242293
-14.456423
-11.372198
-13.667887
-12.020072
-13.258406
-11.513372
-10.292941
-10.339237
-13.417679
-11.062366
-13.569216
-12.211612
-11.456813
-11.835716
-11.821359
-11.418344
-9.686876
-11.845562
-12.880210
-14.971151
-14.288155
-14.587970
-11.126593
-15.669233
-14.694659
-10.254757
-14.464763
-12.946943
-14.613680
-10.510750
-13.563563
-11.935634
-12.312993
-9.467308
-12.787090
-11.288226
-15.740545
-10.770824
-15.651721
-9.914032
-12.398170
-12.056664
-11.110120
-9.148323
-13.324266
-12.532084
-13.499029
-14.628499
-11.722131
-9.270182
-12.985415
-12.821440
-10.690707
-11.175011
-11.918977
-11.952227
-13.627890
-12.201045
-9.302051
-11.129499
-9.957716
-12.899792
-13.558917
-9.197214
-11.112114
-12.404345
-16.241644
-12.279892
-14.075993
-13.177116
-13.101804
-13.251120
-15.554274
-12.749645
-10.288285
-27.551010
-10.773211
-11.969954
-12.157248
-13.422276
-13.205715
-11.781185
-13.802408
-11.683720
-11.926125
-12.459766
-10.977615
-13.308974
-13.065643
-14.005073
-42.966610
-12.973340
-13.565238
-9.825761
-11.681578
-12.520537
-11.298159
-13.751090
-13.814310
-14.458752
-11.331641
-12.803984
-11.977129
-10.460047
-16.037064
-14.785951
-12.842921
-10.480830
-11.744658
-10.918378
-7.568761
-13.326540
-11.826033
-9.747324
-13.508656
-9.781815
-13.293346
-11.445175
-12.176759
-11.735639
-10.019138
-12.778404
-11.738616
-8.551798
-11.712835
-11.198888
-12.052456
-14.835971
-12.565363
-12.394612
-14.031810
-13.690748
-11.325294
-11.026456
-12.863686
-12.335634
-12.935431
-13.307383
-14.425011
-12.738147
-14.321940
-7.522176
-12.274385
-13.198955
-10.844888
-13.296858
-13.883671
-10.768389
-11.014483
-10.125841
-12.991541
-8.675879
-6.883576
-11.871084
-13.176365
-14.086250
-10.452322
-12.930412
-13.543363
-11.935095
-11.669247
-12.283833
-12.347424
-12.526663
-9.126522
-14.177695
-12.073691
-9.261399
-10.730906
-15.846844
-11.316885
-12.335296
-11.828433
-13.371997
-13.953747
-12.737877
-16.258823
-12.848650
-10.875378
-8.945465
-11.905152
-10.773543
-12.379570
-10.701636
-11.744888
-13.441132
-11.779601
-13.446464
-18.620230
-13.161489
-13.740489
-13.348382
-12.262360
-11.860531
-14.392052
-17.071600
-14.555741
-13.061344
-12.433574
-12.016771
-8.390876
-8.969439
-14.719448
-12.496727
-13.586372
-20.317345
-11.995834
-13.151071
-10.312787
-13.230749
-11.021793
-9.711657
-12.254742
-12.373280
-11.168327
-11.276753
-10.588948
-14.944104
-12.430156
-10.172094
-10.787329
-9.879296
-12.832014
-12.119515
-9.174838
-12.841307
-12.715493
-12.065301
-9.237990
-10.836013
-14.949167
-13.828303
-17.927738
-8.501972
-10.788268
-12.738867
-10.800211
-10.742789
-9.997518
-13.211232
-8.154970
-10.940336
-12.121281
-11.454735
-7.634044
-10.101497
-12.136528
-10.083052
-11.594998
-13.383248
-12.319770
-13.691428
-13.703962
-13.665175
-10.477332
-13.683833
-16.156797
-14.641136
-11.296721
-12.757845
-9.157812
-10.694514
-13.018896
-11.077489
-13.033979
-13.238207
-13.693788
-15.412759
-9.940576
-13.738066
-14.589461
-13.601579
-13.127757
-10.442837
-13.291449
-13.480070
-12.804097
-13.256085
-10.400984
-11.108665
-12.233027
-14.179728
-9.914150
-9.443789
-12.526619
-10.759591
-12.287678
-12.133966
-14.359823
-11.678632
-10.784668
-7.196428
-14.197635
-11.967988
-13.114552
-12.888982
-12.405875
-14.702764
-8.301754
-14.350670
-13.644345
-15.075836
-13.296154
-13.280751
-15.436223
-15.027140
-10.999395
-12.586886
-13.088938
-12.318583
-11.915981
-13.560823
-9.915775
-10.242186
-10.347834
-14.961458
-10.829122
-13.914217
-11.719067
-14.542309
-13.176991
-11.448893
-12.442725
-13.505563
-14.225407
-9.581159
-14.650211
-14.284849
-12.127744
-8.374839
-12.996542
-14.776115
-19.288376
-14.109495
-9.772530
-14.118809
-10.568022
-11.616922
-12.886727
-10.802239
-9.118404
-11.937213
-15.458113
-14.565402
-11.182693
-13.382443
-13.835473
-9.004522
-12.936609
-11.600904
-13.312131
-8.927328
-10.905341
-11.885373
-13.580883
-13.913404
-17.080978
-11.545287
-14.938912
-12.431909
-13.389837
-15.073770
-14.763065
-13.249418
-9.896986
-10.154824
-10.126524
-12.594593
-10.072592
-11.531552
-12.829737
-11.119731
-13.574637
-9.217842
-15.104119
-14.809767
-12.838926
-13.721895
-10.829767
-10.878090
-15.665161
-13.005777
-14.671039
-10.254730
-11.165185
-11.770114
-14.036759
-10.563343
-14.510546
-13.156279
-11.936478
-10.042403
-12.416309
-12.908101
-11.648487
-10.976030
-11.596726
-13.180341
-16.049475
-13.266565
-11.556429
-14.271901
-15.239519
-15.394893
-10.041452
-11.324798
-12.867566
-12.377783
-12.512743
-14.280065
-12.143455
-10.261736
-11.762787
-11.084197
-13.552628
-15.769911
-12.004827
-12.305613
-13.010015
-12.310658
-9.962602
-12.062683
-13.408333
-12.600591
-10.957993
-11.365223
-11.558014
-12.686948
-12.527248
-12.326376
-13.349223
-15.614431
-8.783630
-12.146540
-13.455803
-12.854859
-14.120989
-12.012261
-11.313620
-12.145527
-13.625004
-11.389828
-11.259234
-11.426290
-12.223456
-30.797382
-18.077728
-12.115654
-11.700240
-10.445272
-9.013691
-15.170347
-11.587293
-13.812656
-13.150993
-10.995218
-13.641646
-13.660395
-8.361591
-12.983932
-10.345989
-11.619515
-14.511583
-11.820862
-12.877812
-11.868921
-9.243614
-11.704310
-12.650501
-14.531442
-9.379713
-12.707485
-11.185182
-15.572355
-20.970337
-8.996955
-15.951752
-11.932741
-11.857612
-9.374135
-10.939508
-9.749840
-11.819046
-12.102951
-13.841064
-13.071699
-11.812051
-13.019312
-10.986674
-9.242584
-12.993838
-12.456425
-12.250426
-12.886059
-10.760033
-13.625439
-12.666091
-9.463160
-14.503621
-10.438384
-11.638370
-10.192821
-12.899710
-14.505739
-12.356359
-10.785040
-12.338087
-11.883629
-13.443882
-12.875254
-15.609483
-15.280008
-15.102641
-10.055888
-13.248103
-11.366604
-12.739106
-13.007563
-12.711676
-11.927403
-10.205740
-14.410215
-11.292206
-9.021338
-9.129992
-15.049205
-15.121938
-10.832840
-14.645077
-12.264887
-9.136578
-13.773769
-12.816609
-14.940768
-12.490171
-12.650482
-12.674150
-14.381845
-12.765906
-15.073392
-14.184858
-9.780089
-13.780039
-12.026783
-10.250715
-14.846713
-13.111258
-12.477508
-8.070690
-14.718482
-11.801725
-12.409428
-15.793221
-12.389511
-11.197440
-12.191034
-12.490113
-10.975925
-10.996955
-15.271734
-13.923527
-9.738678
-40.619083
-13.353911
-10.144585
-11.802350
-13.576167
-13.652506
-16.160240
-12.167176
-9.902868
-12.293871
-14.135829
-14.022168
-12.305703
-11.612961
-12.487758
-14.648188
-9.087789
-11.807002
-10.183803
-15.343132
-12.278670
-14.711860
-10.544720
-13.449476
-11.952746
-13.082730
-13.889163
-13.629230
-10.975916
-11.931071
-16.313457
-14.607548
-13.596913
-12.710041
-8.085188
-9.351199
-12.195384
-13.147654
-10.705598
-13.031650
-12.442066
-14.473722
-10.370564
-9.544113
-13.669321
-13.532906
-14.012655
-14.932007
-9.088802
-12.583990
-11.685681
-12.324308
-13.359059
-9.123195
-20.741650
-12.953343
-11.353045
-11.181613
-14.935778
-16.640373
-13.671345
-11.650306
-10.516721
-9.954910
-13.729412
-17.473127
-13.233552
-10.983000
-14.563868
-13.178236
-15.703473
-13.252428
-14.397741
-12.974011
-12.249945
-12.034220
-15.787347
-13.058780
-15.701616
-14.434204
-12.920983
-15.358199
-14.493340
-13.093060
-10.658014
-10.578688
-14.089870
-17.330442
-13.388723
-19.637623
-12.739202
-15.959242
-9.696974
-14.536543
-8.284593
-10.704987
-15.533516
-12.451387
-13.221339
-13.228469
-12.704838
-14.750536
-12.733690
-14.043673
-14.921400
-14.271215
-15.119081
-15.622362
-13.397972
-9.093353
-12.082899
-7.424473
-12.459893
-14.048715
-13.201587
-13.152110
-10.791277
-13.038086
-9.481424
-14.823351
-10.022943
-12.640688
-13.162939
-12.648451
-14.176769
-13.345535
-11.645666
-13.388152
-14.181389
-15.475282
-14.051153
-14.803275
-14.485911
-14.399775
-14.747993
-13.124284
-10.970160
-10.339119
-11.666956
-12.666409
-12.358931
-8.364970
-12.650707
-10.031697
-13.868522
-9.604414
-10.358978
-15.014447
-13.660843
-13.212699
-11.818867
-15.303246
-13.465367
-13.383907
-11.137014
-9.275961
-9.758349
-10.917480
-12.178448
-14.581932
-15.814778
-12.081104
-13.229087
-13.523662
-14.909042
-12.011295
-10.143155
-12.965188
-8.165508
-10.089214
-14.661412
-11.898967
-12.380544
-13.518160
-12.733959
-12.006659
-7.026585
-16.187281
-13.637511
-12.955570
-9.912847
-11.012153
-11.027634
-14.033296
-10.483763
-14.426900
-14.272952
-10.830019
-12.891253
-12.593558
-9.817431
-15.364134
-13.342184
-12.613462
-11.213846
-8.359167
-12.007206
-12.057562
-14.526054
-11.927717
-11.639819
-13.392639
-12.050846
-13.421787
-13.560028
-13.296526
-12.594000
-15.606627
-10.521169
-11.819345
-11.481241
-8.886022
-15.012661
-13.877533
-11.184890
-7.104147
-12.384875
-9.151179
-11.917160
-12.735667
-11.683770
-12.760407
-13.275991
-12.675972
-12.170481
-13.360367
-12.629802
-11.264866
-14.139111
-15.608733
-8.181323
-12.160692
-10.555207
-19.637068
-11.297503
-12.019397
-13.522568
-13.969199
-16.183817
-9.555618
-10.202085
-8.296567
-12.775306
-11.251648
-12.002119
-15.022768
-13.409742
-10.930072
-7.375429
-15.494246
-11.962865
-13.432899
-9.668430
-12.919449
-11.219735
-13.630843
-14.417113
-9.100006
-10.462549
-7.447612
-9.852816
-13.228701
-10.703005
-10.842397
-12.340882
-10.529076
-12.106068
-10.016045
-11.197074
-16.651108
-9.447856
-11.963733
-14.454329
-11.443985
-11.437622
-16.255823
-14.231762
-14.168109
-11.971240
-12.620129
-12.732180
-13.962120
-10.832056
-14.577747
-31.300354
-15.771843
-10.997721
-9.446840
-10.492395
-14.757853
-10.160395
-14.102383
-10.934505
-11.874468
-14.206524
-12.815660
-10.335132
-11.909642
-14.186544
-12.342911
-11.451118
-13.499163
-12.259075
-13.482862
-10.801360
-10.764146
-11.218284
-13.851521
-13.448366
-8.284055
-15.859790
-11.711979
-12.623311
-12.210598
-13.524654
-14.611855
-12.258933
-9.933427
-14.114271
-12.154534
-15.529937
-11.105090
-11.445985
-15.518167
-10.539665
-12.200194
-11.039905
-11.874336
-12.632402
-39.514641
-12.625027
-13.619172
-13.319229
-10.277337
-11.053886
-8.058103
-13.013136
-12.917080
-14.751208
-7.421693
-12.251595
-12.288090
-12.210487
-11.879297
-17.726290
-12.021082
-10.016547
-10.219317
-9.534300
-10.286925
-14.124599
-11.201498
-16.457872
-9.203960
-11.349813
-12.270201
-10.182501
-14.493589
-11.382298
-11.888144
-13.625296
-8.930704
-13.207305
-9.569231
-15.724669
-11.633948
-12.160643
-13.535799
-18.807146
-16.955387
-10.483639
-14.009672
-13.310106
-11.490726
-13.516411
-11.981747
-12.656437
-12.818867
-12.624407
-14.866749
-13.996217
-8.368333
-13.621580
-14.244601
-11.886410
-10.122430
-12.372981
-10.855202
-12.591633
-9.579163
-13.319380
-11.430854
-14.205887
-12.389780
-13.037127
-14.761777
-14.595072
-12.515763
-14.266743
-10.875038
-13.600080
-11.278164
-13.236959
-15.577188
-11.283311
-13.171349
-13.063953
-11.528608
-13.554903
-15.042542
-12.683876
-13.336759
-13.077668
-12.777199
-7.172610
-11.143211
-14.974840
-9.450534
-15.428850
-11.654428
-13.998181
-13.538873
-12.101208
-10.648786
-13.621174
-10.724562
-13.381742
-14.226820
-9.819424
-14.407957
-12.964579
-9.570004
-10.503632
-13.759727
-18.756845
-7.188393
-4.519848
-5.735295
-7.159891
-8.109232
-7.404176
-5.633062
-4.995234
-8.311579
-7.534631
-6.974023
-6.609431
-6.712276
-5.243351
-7.836603
-7.318519
-7.697017
-6.225184
-4.339999
-2.407414
-6.110808
-7.517326
-11.249715
-9.747591
-5.064560
-2.408249
-4.377001
-5.284734
-10.696040
-6.702740
-4.301494
-4.270163
-9.801397
-6.862725
-7.524065
-12.041945
-6.301861
-8.726883
-9.886942
-12.618748
-10.750381
-6.600283
-8.638505
-5.682986
-5.563057
-9.240504
-7.005356
-11.707964
-10.401671
-9.679814
-9.139691
-6.625805
-10.428670
-11.446951
-7.720298
-9.229900
-11.018797
-9.719611
-8.402328
-8.509966
-8.067803
-9.106312
-9.688249
-5.948770
-8.847040
-5.972904
-5.216921
-12.404512
-8.122414
-10.108913
-11.805840
-10.206972
-11.174274
-12.406784
-8.992910
-12.157614
-6.281873
-10.201823
-8.511292
-12.481784
-9.531364
-7.566024
-8.876900
-8.140573
-12.213772
-10.642071
-11.627989
-9.643003
-8.952171
-10.677385
-10.931005
-9.772262
-10.877089
-9.779256
-13.762012
-4.628856
-10.057337
-7.361223
-11.159421
-8.490342
-15.434875
-35.622833
-5.426321
-6.849906
-35.309910
-5.835617
-2.144579
-5.139274
-4.560030
-6.608894
-4.994858
-4.728004
-6.014596
-8.596457
-7.752550
-7.085741
-5.741710
-15.730593
-27.324574
-6.254698
-6.762288
-35.800083
-35.775761
-34.212711
-35.486671
-35.085812
-35.478977
-24.488482
-33.452217
-32.888840
-35.658005
-34.732128
-35.261631
-35.606274
-36.001339
-35.507950
-35.573704
-28.126114
-9.237328
-3.907907
-35.577438
-29.479872
-10.564962
-35.475616
-36.014790
-35.783283
-36.102295
-35.528534
-35.029011
-35.905602
-35.731583
-35.955708
-35.543671
-36.100040
-34.491776
-34.819927
-35.303413
-34.770535
-35.373177
-35.944248
-35.804192
-35.781384
-35.789284
-35.344112
-35.615540
-35.437454
-35.237572
-35.660954
-36.201477
-35.670578
-36.017857
-35.333965
-35.738186
-35.555748
-35.551491
-35.686855
-35.898453
-35.573746
-35.583965
-35.780693
-35.640903
-35.612000
-35.742836
-35.596329
-35.519714
-35.789452
-35.797565
-35.494892
-35.386333
-7.873151
-35.896587
-35.540848
-35.604900
-35.966164
-35.532787
-35.285053
-34.593472
-36.266453
-36.473740
-36.005287
-36.149166
-35.459911
-35.940903
-35.976280
-35.679878
-35.538021
-36.090248
-35.938770
-36.052425
-36.279083
-35.231468
-36.210709
-36.208271
-35.543755
-35.343540
-35.425301
-35.593113
-35.596294
-35.822437
-35.858421
-35.531555
-35.577637
-35.763439
-7.907315
-35.221657
-9.206064
-35.514591
-35.518288
-35.962242
-36.014732
-35.763905
-36.356297
-35.652031
-35.807743
-35.363998
-35.572544
-35.512581
-35.572594
-36.175594
-35.591194
-35.642033
-36.455727
-35.498726
-35.797211
-35.846107
-35.534710
-35.393318
-35.565651
-35.611691
-35.505001
-36.218582
-35.858318
-35.816490
-8.610915
-35.964703
-7.698502
-34.881054
-7.038463
-8.042816
-6.738556
-7.177158
-7.335934
-7.646809
-7.557527
-7.992886
-7.878146
-6.560578
-8.196542
-8.443158
-7.826674
-7.347472
-8.709463
-8.453184
-6.556360
-7.436536
-7.986786
-7.926904
-7.561923
-7.216561
-7.957988
-7.434793
-7.222577
-7.934375
-8.175423
-7.205517
-4.960298
-8.218912
-6.559575
-6.335644
-5.762635
-6.666086
-7.303298
-7.991718
-6.562549
-6.194623
-7.783526
-6.023868
-6.813916
-7.708592
-6.437945
-6.363822
-6.152245
-5.335941
-7.274686
-5.662359
-7.708083
-7.327069
-7.125898
-7.243003
-6.059427
-7.693568
-6.422976
-6.206824
-7.757200
-5.983193
-6.460050
-7.341571
-6.573792
-7.977101
-7.859203
-6.660313
-35.404915
-36.171368
-5.062959
-4.494428
-5.618122
-6.838734
-9.146630
-6.935911
-8.087570
-8.334993
-7.957173
-5.891495
-8.111918
-9.462366
-7.735762
-9.346064
-9.381989
-9.973001
-11.102045
-11.272982
-11.907096
-11.714567
-8.666662
-7.794871
-6.883964
-6.780948
-10.088781
-8.100366
-11.711826
-15.259762
-13.959122
-14.011642
-7.379915
-7.895105
-6.458591
-7.281905
-8.483112
-6.860417
-8.157624
-6.938140
-7.720817
-6.988271
-9.495947
-8.479978
-8.638906
-9.094877
-10.654387
-7.965258
-8.890179
-32.293045
-31.567558
-13.460853
-14.563049
-35.657627
-35.639500
-35.997746
-35.594715
-35.773289
-35.779213
-35.779388
-35.609299
-35.748238
-35.878780
-36.210915
0.998270
-2.974457
-4.646521
-3.729488
-5.737556
-5.160054
-3.532962
-4.827431
-3.397775
-5.880972
-3.844859
-6.319716
-2.851085
-1.942194
-6.224687
-2.850274
-3.250500
-3.410738
-6.673628
-5.391586
-1.747442
-2.432245
-3.958349
-9.255425
-4.362082
-3.609194
-6.227180
-5.134205
-3.615294
-2.682705
-2.947176
-4.898870
-8.658353
-3.556878
-3.948105
-5.281947
-3.428249
-3.588804
-6.176900
-3.182916
-3.023008
-2.649787
-5.130772
-7.083506
-2.127079
-6.468310
-5.023174
-4.337034
-3.455017
-4.877871
-6.232119
-7.998682
-5.889754
-4.593856
-6.223953
-6.778479
-1.157725
-6.339194
-5.507733
-8.799804
-4.823657
-5.758960
-4.464324
-3.552897
-3.787917
-5.567660
-5.702553
-5.170446
-4.802698
-5.633353
-5.885884
-6.143024
-1.838392
-4.941055
-1.132027
-3.636650
-3.862583
-3.397864
-5.589169
-3.515451
-8.330175
-7.404852
-1.269754
-2.534175
-5.187087
-5.622275
-5.310319
-3.888798
-6.337834
-5.559566
-7.875652
-4.423168
-4.970196
-6.593154
-6.601230
-4.687802
-10.181622
-3.603444
-1.901147
-2.179165
-3.527633
-3.625849
-6.981939
-4.164679
-5.503423
-7.378980
-8.118097
-2.802337
-4.461802
-8.156626
-5.169412
-6.180446
-6.415604
-6.618423
-7.934637
-7.533918
-2.957011
-7.405635
-6.517604
-2.278854
-8.762517
-4.102348
-6.128943
-3.237438
-7.377214
0.071253
-6.028858
-2.520630
-5.632997
-4.161718
-6.778586
-5.580076
-8.782816
-3.318414
-8.340058
-9.708093
-5.221668
-4.739716
-6.482428
-5.331907
-8.158308
-6.495184
-4.362489
-6.986624
-3.601780
-6.663775
-6.971654
-3.320324
-5.499336
-6.761233
-8.425205
-4.251204
-5.432895
-4.878494
-5.098776
-6.311446
-4.073810
-3.184414
-3.389417
-2.410473
-6.197232
-5.098399
-6.162395
-3.305282
-3.958308
-2.995227
-9.967101
-7.187762
-5.021203
-7.812886
-8.098705
-10.429110
-6.124722
-4.170393
-4.957448
-5.322186
-4.483849
-6.583611
-3.389766
-5.726697
-6.534910
-8.741833
-4.922799
-8.019374
-3.166290
0.603308
-3.221633
-5.193977
-8.301228
-2.881101
-3.916665
-7.792307
-5.457624
-5.825684
-7.200480
-8.784223
-1.018462
-2.518666
-6.963258
-5.104318
-8.308998
-10.666323
-6.867178
-5.318952
-4.041141
-3.070488
-6.409112
-3.551707
-4.815262
-3.745152
-3.926342
-4.405827
-7.816030
-7.363617
-6.760434
-1.799998
-8.006071
-7.138312
-6.611971
-6.805979
-4.012179
-3.497096
-4.953594
-4.459805
-5.605084
-4.292165
-7.112906
-7.046451
-1.856486
-9.080366
-8.056373
-4.835981
-5.233671
-4.418891
-2.816618
-7.713274
-4.343304
-3.383035
-3.807459
-9.446835
-6.083838
-3.989521
-6.909984
-5.104341
-8.170343
-8.226975
-3.179135
-5.967760
-9.832270
-6.301711
-8.724623
-5.488675
-4.167992
-5.138254
-6.786133
-5.274923
-7.605622
-5.506563
-7.437808
-6.459037
-6.659372
-9.361841
-8.037188
-4.467471
-3.805965
-8.968245
-10.269651
-8.715007
-5.019581
-5.088867
-7.740852
-7.063370
-5.677234
-6.124171
-8.636213
-0.830107
-6.031972
-7.912854
-5.971580
-4.101253
-7.461377
-8.369509
-7.214235
-3.616335
-3.445888
-0.724517
-6.436057
-4.799300
-6.269996
-3.966888
-5.494334
-6.263442
-5.695236
-7.762713
-5.564388
-4.856797
-6.108628
-5.137406
-6.775619
-7.240213
-5.090035
-5.323112
-6.262299
-4.023051
-8.207941
-3.574880
-5.042110
-7.464507
-6.779041
-5.437208
-3.825735
-4.899614
-7.653971
-3.708187
-5.407880
-4.933115
-2.863990
-8.575336
-7.946140
-6.969536
-8.948362
-8.657534
-8.464640
-6.628408
-3.017967
-5.947247
-7.813015
-6.955754
-4.892731
-5.832019
-9.221475
-5.017490
-2.935704
-1.657570
-6.973325
-8.811234
-5.699125
-6.464028
-8.020893
-6.535717
-2.605731
-4.846942
-6.546725
-7.903012
-5.531469
-3.636311
-5.857955
-4.324980
-7.460430
-6.062510
-5.326169
-8.885201
-8.354084
-8.376697
-6.983769
-8.112879
-6.879537
-4.020441
-6.753008
-6.961324
-5.054020
-5.388464
-8.041784
-8.551075
-5.944776
-5.293087
-7.461984
-10.910599
-7.858457
-7.093442
-6.658337
-7.085453
-9.662656
-6.002099
-4.095600
-8.743940
-6.838799
-5.653157
-6.029922
-6.501154
-6.342054
-2.065674
-5.583508
-3.189095
-10.513750
-5.268862
-8.818372
-5.881809
-5.306427
-5.986434
-9.767265
-4.618050
-5.631158
-2.893524
-3.933815
-7.885462
-9.359346
-8.084504
-8.304499
-8.358002
-7.489757
-7.195400
-6.504360
-5.684617
-7.486042
-8.709097
-6.612626
-6.490945
-8.132077
-8.833354
-5.176923
-6.040553
-6.589656
-6.285949
-8.740608
-6.373670
-6.134116
-4.608886
-6.162164
-5.690695
-3.121563
-5.358572
-9.774190
-7.791805
-5.880928
-4.642128
-8.696481
-9.671733
-10.291053
-4.494723
-8.764511
-8.876257
-2.661851
-9.428845
-9.833927
-6.593143
-7.779082
-9.048567
-6.532126
-6.838539
-5.553503
-8.155707
-5.842956
-5.971645
-3.360035
-7.414340
-8.729510
-3.238124
-5.237762
-8.264515
-4.037790
-9.194159
-4.505736
-8.250463
-3.191210
-11.020561
-5.620323
-9.189210
-5.586486
-7.315284
-7.846740
-10.329937
-9.446012
-4.631572
-4.876663
-6.023544
-6.039046
-1.547903
-4.823207
-7.535964
-2.053462
-7.461693
-8.781587
-6.098485
-6.224671
-3.964070
-3.230512
-6.111509
-2.796204
-2.901551
-6.232635
-7.280569
-4.074967
-5.085914
-4.175597
-6.690288
-6.515528
-9.989048
-5.432013
-9.592299
-8.536114
-9.174542
-9.815352
-3.760418
-7.139467
-6.641585
-3.829815
-2.827163
-6.634974
-10.820408
-9.422854
-9.813701
-8.454049
-5.647467
-7.292134
-6.735847
-8.482663
-4.587842
-4.851348
-6.696370
-0.952013
-4.347584
-4.027772
-5.493558
-6.692428
-6.468279
-7.114335
-6.398403
-4.849248
-2.773185
-9.512573
-8.122206
-4.871752
-8.480622
-10.517545
-8.786331
-5.208221
-7.341208
-8.244906
-6.666880
-7.972791
-8.666279
-4.951034
-4.062901
-8.195280
-8.636398
-9.400227
-9.688113
-8.616660
-6.384354
-5.562490
-9.581261
-5.803613
-10.004437
-6.997200
-6.213771
-7.217632
-6.785838
-3.287487
-7.524752
-6.762519
-6.321620
-6.486783
-6.796794
-7.130691
-4.759463
-6.627412
-5.637996
-8.914190
-7.244747
-5.977760
-9.561260
-8.105109
-3.164232
-4.873404
-6.234344
-7.410678
-8.947470
-2.843272
-7.630385
-3.487613
-11.477448
-4.372770
-7.024410
-3.593912
-5.019507
-8.299920
-4.503913
-8.766672
-5.304444
-11.399388
-5.661966
-6.820760
-4.199981
-7.271951
-6.193528
-7.336851
-10.118018
-6.131859
-7.925844
-7.730155
-6.617358
-4.331257
-6.234645
-8.719728
-4.916649
-8.676533
-6.748436
-4.484545
-6.125268
-6.783915
-6.657362
-7.081912
-5.594936
-4.215191
-8.279859
-6.820206
-8.138813
-6.064052
-3.699217
-10.848691
-7.275407
-8.316724
-10.795965
-9.411931
-4.558997
-6.404159
-7.324460
-5.806587
-5.278671
-6.632426
-4.817566
-6.771873
-6.092220
-8.346679
-12.982751
-7.057224
-8.028499
-10.078918
-5.451632
-8.808416
-10.809687
-5.871786
-6.416397
-5.923061
-4.966525
-4.458671
-5.472164
-5.508689
-3.764343
-5.159435
-5.566564
-5.806284
-7.287215
-4.932335
-9.152332
-7.533260
-6.548014
-6.367262
-6.025224
-9.593838
-6.211463
-7.128449
-6.625289
-8.553088
-4.647810
-8.538802
-6.327385
-2.934648
-4.860599
-6.314804
-6.332913
-6.919376
-12.076129
-5.124218
-8.149933
-4.487979
-4.395795
-8.158179
-7.005081
-6.794232
-5.455804
-10.351290
-11.757313
-7.166529
-4.474053
-5.768762
-8.575613
-6.677432
-9.377824
-7.418342
-8.494389
-2.389083
-6.524729
-9.791748
-6.017120
-6.747628
-7.122324
-7.324035
-9.276845
-7.004756
-7.382498
-8.689737
-7.321238
-5.760577
-7.345745
-5.971956
-6.192831
-9.171304
-4.767415
-6.420122
-8.518830
-9.559130
-6.130710
-5.370173
-7.603156
-7.278935
-4.602904
-8.502267
-4.084369
-6.770746
-7.539420
-5.150168
-5.322766
-7.927730
-3.769042
-6.834651
-6.619473
-6.388450
-6.175566
-8.394802
-5.974751
-6.444334
-7.173527
-6.636577
-10.031982
-4.069970
-8.295309
-8.446072
-7.501212
-7.001498
-1.882355
-4.758432
-7.374450
-7.680707
-5.023038
-9.481598
-8.751032
-4.278596
-2.816961
-7.454061
-5.551299
-9.576756
-7.120149
-6.278607
-8.304798
-5.049106
-8.066595
-8.813417
-4.907084
-7.597406
-8.511530
-11.275794
-7.724794
-8.195836
-5.600815
-7.291041
-8.622940
-7.648172
-10.892619
-5.177380
-7.018716
-4.597548
-4.439151
-7.399265
-6.455860
-6.847610
-7.025466
-6.703350
-8.227762
-7.178132
-8.107910
-7.194819
-8.797453
-6.581609
-8.462404
-4.457634
-9.588097
-6.235635
-6.046168
-6.206525
-7.694325
-5.935559
-8.009844
-10.669008
-5.386034
-10.512503
-11.094314
-7.425600
-6.191745
-8.952598
-5.532625
-5.865809
-7.933127
-4.478238
-5.207454
-5.017078
-9.180033
-7.799523
-9.271855
-8.820455
-8.220900
-9.087477
-7.540070
-8.423616
-7.279899
-9.532310
-7.802229
-5.097587
-4.916735
-7.970517
-6.210496
-8.836795
-6.818850
-7.540021
-8.854362
-9.376737
-5.186321
-8.458770
-7.510805
-7.187236
-7.142146
-5.933479
-8.252587
-6.363950
-4.776943
-6.848953
-9.138201
-9.773736
-5.863945
-3.408337
-4.887104
-8.889317
-8.561605
-6.579592
-6.214911
-7.925481
-7.169672
-7.262844
-5.772428
-6.192789
-7.615190
-3.534864
-8.094566
-6.774239
-7.408051
-5.483747
-9.030581
-5.355014
-8.336226
-9.119411
-6.583089
-6.090042
-5.061429
-4.744766
-12.312459
-6.915950
-6.278699
-9.520767
-7.333324
-10.366272
-4.819921
-8.109846
-2.353782
-6.658587
-6.672396
-7.064028
-3.294557
-7.895340
-10.155146
-7.535980
-5.248459
-7.965942
-8.021763
-7.408381
-5.310575
-7.284243
-9.071798
-3.733479
-8.879113
-4.202429
-7.264766
-7.123899
-4.579436
-8.594740
-7.463557
-5.970144
-6.988775
-8.916225
-2.592815
-7.493863
-7.245331
-6.115838
-7.946297
-7.713035
-9.421679
-8.219953
-3.079810
-10.319799
-7.426166
-7.231086
-9.469372
-5.169044
-4.751107
-8.477093
-8.266388
-8.804089
-9.387486
-6.144594
-9.983073
-9.763780
-8.159965
-7.547066
-5.625071
-3.507840
-9.602419
-2.990123
-6.721378
-5.731565
-6.800019
-8.608731
-7.334718
-6.929693
-6.581612
-9.191821
-7.210435
-5.252045
-8.114468
-5.813030
-8.041338
-4.185046
-8.563677
-6.409907
-8.545529
-9.670196
-6.291815
-7.361674
-12.130950
-5.870805
-5.021482
-8.310965
-8.231520
-7.981911
-7.576944
-3.392500
-7.869123
-5.935672
-9.026979
-6.769530
-8.568542
-5.902723
-12.542660
-7.364967
-5.094243
-8.383141
-6.180147
-8.130517
-3.996247
-4.987810
-10.293354
-7.416293
-5.756248
-7.489627
-2.446683
-7.617090
-7.538560
-6.901896
-7.382151
-9.271319
-5.881747
-4.453437
-7.976428
-7.420059
-5.098258
-3.983747
-6.179986
-7.339061
-9.390146
-9.480558
-5.305325
-6.958564
-7.001716
-10.107730
-5.800804
-7.834577
-8.400243
-4.984858
-5.112451
-7.072062
-5.240594
-3.589578
-8.952501
-5.903064
-8.050570
-7.295729
-7.193679
-6.768923
-9.610735
-8.952649
-9.237889
-8.718919
-10.115914
-9.844225
-4.863722
-1.259917
-9.457411
-7.573961
-6.701925
-9.373528
-6.905922
-6.138433
-6.194642
-6.007421
-9.308768
-4.757693
-6.684823
-6.125659
-5.622116
-8.379031
-8.887094
-6.266789
-8.978897
-7.232754
-10.920634
-10.540262
-7.277783
-6.699501
-7.573069
-8.198739
-6.592041
-7.319461
-5.317641
-9.848060
-7.863348
-8.475418
-9.077410
-6.718887
-6.011541
-6.219545
-6.989450
-4.239296
-6.391199
-8.925581
-6.074908
-8.070272
-8.824893
-8.299655
-7.898597
-3.010754
-8.224579
-5.981745
-10.165690
-4.188130
-6.480249
-6.176863
-6.961463
-6.347258
-5.406267
-8.294503
-6.327063
-7.054898
-5.471030
-8.568077
-9.381917
-7.177706
-7.990507
-5.589565
-11.344444
-10.181883
-5.065246
-7.552204
-9.194861
-7.213650
-4.053030
-4.961472
-9.226103
-5.231509
-3.835638
-2.343039
-7.152156
-8.018414
-7.554678
-7.914834
-9.931032
-7.046448
-8.878109
-9.321778
-11.194038
-5.409988
-9.554238
-6.081211
-3.820400
-6.109695
-3.323616
-7.872755
-3.993038
-8.605635
-7.980022
-8.335951
-2.297252
-10.436383
-9.461693
-8.268085
-10.819853
-7.285811
-4.500084
-7.104549
-6.972185
-5.514894
-6.848271
-6.773639
-8.909239
-11.363171
-5.575943
-5.152004
-6.545987
-8.261399
-4.680992
-4.418829
-7.118058
-11.037077
-4.496198
-7.448344
-6.379629
-2.907773
-7.554623
-6.204762
-6.120513
-6.669569
-5.907175
-4.730045
-5.243298
-7.346195
-7.296180
-5.976345
-7.980398
-7.453183
-8.405468
-5.707331
-3.830083
-8.857465
-4.942611
-5.453382
-4.941149
-10.398605
-5.482670
-8.947236
-4.171601
-4.861222
-5.962271
-9.193928
-5.299117
-6.350643
-6.658410
-8.797546
-10.322167
-5.413341
-6.557930
-4.773027
-4.108301
-6.707065
-8.254635
-7.753637
-9.248540
-5.440512
-6.609253
-9.379061
-6.084028
-9.051596
-6.082333
-7.291306
-7.314251
-8.574844
-8.156222
-6.532539
-7.510784
-5.500464
-1.837635
-5.794831
-7.458002
-4.499878
-7.779807
-7.084332
-8.559444
-8.171116
-11.948630
-6.018386
-7.128172
-5.658789
-6.552460
-6.871910
-8.846948
-9.965657
-7.792582
-5.097100
-8.833086
-4.970459
-10.126190
-6.437873
-6.503710
-7.182412
-2.949819
-6.854083
-8.527113
-8.675269
-8.537668
-9.294459
-7.826499
-5.901153
-7.818197
-7.859101
-5.564188
-10.904544
-6.717763
-3.800829
-8.496220
-7.738277
-8.902026
-3.975635
-6.172517
-8.847929
-7.916419
-8.298271
-6.318120
-6.826920
-7.117402
-4.282459
-6.162209
-5.980676
-6.353935
-5.769991
-10.632963
-9.171255
-8.236897
-8.743073
-9.643397
-6.495885
-7.085401
-7.217652
-9.998029
-10.289506
-4.786169
-6.697538
-6.206112
-8.543169
-3.078253
-6.507851
-9.358870
-7.043373
-8.780590
-6.873484
-6.192950
-5.206323
-8.667842
-8.310528
-8.303691
-6.706735
-5.165196
-7.031631
-3.610996
-7.858101
-7.454243
-5.115966
-4.222576
-9.174346
-6.914372
-5.848833
-7.077120
-5.697101
-9.243837
-6.128956
-6.275002
-5.801836
-6.424924
-6.160305
-6.882181
-12.189174
-2.546945
-10.398004
-9.971568
-4.214017
-5.465665
-5.913466
-7.141123
-8.234868
-6.666809
-3.386442
-8.903662
-8.597857
-6.321897
-7.977989
-5.342677
-7.671659
-5.357380
-8.684080
-9.102252
-7.345310
-8.386049
-10.027946
-8.609427
-2.191787
-3.937029
-8.551609
-5.115861
-6.896324
-7.458404
-11.139044
-5.764958
-7.352080
-5.778660
-8.301778
-8.895080
-9.047856
-8.752209
-5.616482
-11.809961
-6.712678
-10.044459
-11.266173
-7.550795
-7.926118
-5.041967
-3.769320
-4.423651
-6.967353
-6.530946
-5.557041
-5.399207
-5.392377
-9.659221
-2.364844
-7.654339
-7.662640
-6.729928
-10.913898
-5.336597
-7.643914
-7.302158
-9.284214
-9.830141
-5.983839
-5.935482
-8.038443
-7.310648
-10.146488
-6.193931
-7.657273
-11.122361
-7.320473
-9.351462
-3.970528
-7.489794
-8.710711
-7.387974
-6.962223
-4.843745
-10.778467
-4.876277
-8.511161
-8.761972
-5.600206
-8.542748
-7.204239
-6.577357
-11.464087
-6.145429
-5.114308
-7.721543
-6.138064
-8.179496
-9.861321
-10.532330
-7.868264
-3.365765
-10.469420
-6.022683
-8.214694
-7.793275
-8.812091
-9.161750
-5.058164
-9.949337
-6.829411
-8.197315
-10.127191
-8.316982
-8.521060
-8.021931
-9.972458
-12.387959
-7.938552
-8.752724
-10.021492
-9.759705
-7.618205
-9.087670
-6.106110
-9.623527
-7.165097
-6.517737
-6.203164
-7.690318
-5.894426
-7.718960
-7.335312
-4.996122
-8.929361
-5.982082
-7.966178
-7.973875
-6.707529
-10.697417
-7.223547
-8.830902
-5.528006
-10.291405
-5.494056
-7.391194
-4.901889
-7.743533
-9.320207
-7.260105
-8.827138
-6.768256
-4.842139
-9.153919
-8.915651
-8.487599
-7.658890
-7.749289
-6.398017
-7.352406
-10.846940
-8.287798
-9.608637
-6.214635
-8.292194
-4.404511
-7.616313
-8.888423
-9.232271
-9.896673
-7.451638
-5.045900
-9.992785
-7.678732
-9.430246
-3.828981
-9.380825
-7.460481
-9.132292
-10.198762
-8.841555
-4.626985
-9.390585
-8.812179
-5.010365
-10.510097
-10.353909
-6.594443
-4.954650
-9.934538
-8.000941
-35.354057
-7.815448
-8.853973
-10.614721
-7.790553
-8.280989
-10.360817
-8.521696
-7.113813
-9.229057
-6.800391
-9.826447
-7.680346
-5.990860
-10.036282
-8.660989
-10.030423
-8.322353
-7.575718
-12.492453
-6.946850
-6.010252
-7.183624
-7.206389
-8.635914
-7.300184
-9.940582
-2.943890
-6.586074
-5.894911
-5.938706
-6.076392
-9.837861
-4.538547
-9.524674
-2.921900
-5.625388
-6.785192
-6.906489
-8.907408
-7.453118
-8.934374
-7.781208
-7.648083
-7.319035
-7.138665
-9.350657
-3.629038
-5.775905
-9.503791
-6.368654
-5.899099
-7.269096
-4.402828
-6.078708
-6.715883
-6.586407
-7.905697
-8.464224
-7.434315
-5.318772
-6.328825
-7.040870
-8.988807
-5.397661
-6.095176
-6.316938
-5.476987
-5.323750
-8.221104
-9.927771
-8.331620
-7.997320
-7.880864
-6.095079
-9.264004
-9.898438
-5.304999
-6.525645
-7.917091
-6.171296
-6.912690
-7.060393
-6.190063
-5.394851
-6.000296
-5.603104
-5.774056
-8.543760
-9.808046
-7.506516
-3.199857
-8.633704
-6.698417
-7.273455
-10.748394
-6.678119
-7.107581
-4.257682
-6.169119
-8.207134
-9.273400
-5.188862
-8.987290
-11.617208
-8.303266
-11.436603
-7.632944
-7.620421
-7.622089
-5.424839
-3.715742
-8.216641
-4.999559
-7.789243
-8.913697
-3.395925
-11.607015
-7.742036
-4.099117
-6.272451
-6.829391
-5.937589
-9.148855
-5.047126
-5.755630
-6.495270
-7.487756
-12.772348
-8.904499
-3.061556
-6.373782
-6.585316
-9.998554
-9.410061
-7.648132
-6.285366
-7.128449
-11.679708
-8.433380
-7.765472
-7.162330
-7.090056
-8.311875
-7.242710
-6.965766
-8.118931
-9.622968
-6.846020
-4.223428
-9.163547
-10.177128
-7.375770
-7.932263
-8.968081
-8.872944
-9.667309
-4.212792
-7.472843
-4.676817
-7.424033
-6.792658
-9.298529
-9.671185
-10.985526
-7.518725
-7.213042
-7.159535
-4.774079
-6.352347
-8.734505
-5.293059
-8.290400
-7.025474
-7.336631
-7.129883
-7.495082
-5.816642
-4.821657
-7.251640
-8.384932
-8.872583
-7.935632
-6.633279
-5.916592
-8.280301
-7.538333
-3.996712
-9.916122
-8.265312
-9.756396
-10.224866
-9.187037
-6.021532
-7.198213
-5.219985
-8.119246
-6.172107
-8.192902
-9.374249
-4.660634
-9.628602
-7.026738
-8.779362
-7.684143
-9.903737
-10.452725
-8.885575
-7.041684
-5.737994
-5.305046
-8.659534
-10.771594
-10.440250
-7.596383
-5.508734
-3.468203
-11.246705
-9.515261
-12.183529
-4.768067
-4.101901
-8.596851
-7.339059
-10.281679
-7.314704
-10.513475
-7.146485
-8.396205
-7.839581
-10.311865
-8.792556
-9.704479
-9.549424
-7.968899
-7.798290
-6.746940
-11.342064
-8.169439
-7.158229
-5.358250
-6.549551
-10.408729
-7.180671
-4.950306
-9.214950
-4.595323
-6.581740
-6.800191
-8.279811
-7.248188
-4.983452
-8.268647
-8.338020
-8.556795
-5.360171
-8.421799
-7.053697
-9.880071
-7.720800
-8.996892
-7.767231
-5.463924
-3.980441
-5.149747
-8.804060
-9.881920
-5.064411
-8.788977
-6.103348
-7.950940
-3.899794
-6.473746
-5.851116
-6.592886
-6.653288
-9.149678
-7.471600
-7.684403
-6.236054
-8.235485
-8.302242
-6.382703
-7.952431
-7.891901
-6.988520
-8.500051
-6.504253
-5.838057
-6.742630
-8.471557
-10.580037
-9.395386
-5.332500
-4.729347
-7.643299
-7.833442
-8.461657
-6.148261
-8.791427
-9.697131
-6.327167
-6.843307
-9.880816
-7.824886
-9.653726
-8.018446
-5.769235
-8.348163
-6.823318
-8.686744
-4.468997
-6.059095
-7.047195
-7.100634
-6.532865
-10.759983
-7.996415
-12.216152
-11.075706
-9.160130
-6.998730
-8.299731
-10.391294
-11.365745
-10.475003
-6.713719
-5.945763
-7.535591
-9.412786
-9.416479
-5.747606
-6.524941
-6.546058
-5.263089
-9.912536
-8.936256
-11.090837
-5.158701
-10.495293
-9.073947
-8.781192
-9.323022
-4.532283
-4.774077
-9.955839
-6.152785
-8.314602
-9.104309
-7.379394
-10.071466
-4.536033
-8.021550
-11.011666
-7.959995
-7.909264
-8.516945
-7.233506
-6.440451
-9.273764
-10.112055
-7.247134
-10.704899
-5.331938
-7.570339
-6.677264
-5.594520
-5.587509
-7.936833
-4.657688
-9.197473
-10.438013
-7.850492
-7.522294
-5.534613
-7.318877
-10.748857
-8.137667
-7.589090
-5.611077
-6.552864
-7.515471
-8.045460
-8.336635
-10.067402
-6.931798
-7.352343
-5.824016
-8.408848
-10.779713
-6.938868
-6.507349
-9.695222
-7.211646
-8.420834
-6.893548
-11.163742
-5.980559
-8.691186
-5.925756
-5.588567
-7.419436
-6.199892
-10.621530
-6.774524
-4.581275
-7.971152
-6.666566
-5.490844
-4.905302
-5.286525
-7.393090
-9.130807
-7.498064
-8.802846
-7.242750
-5.422704
-9.741644
-7.235191
-7.795977
-5.548484
-4.731863
-9.733786
-8.127587
-4.533978
-6.532931
-7.605667
-4.763988
-6.924421
-8.193739
-4.217137
-9.982983
-10.353094
-7.825889
-10.587511
-5.622142
-9.464003
-6.022963
-7.936796
-4.528823
-5.344375
-8.325507
-9.570129
-7.699207
-7.131964
-8.305129
-7.673262
-4.179554
-6.513566
-5.854101
-5.685095
-4.047863
-6.562721
-8.440806
-8.718891
-8.214554
-9.074503
-6.234407
-7.481245
-11.990616
-6.352032
-3.584470
-3.502595
-9.471415
-9.016385
-8.574895
-8.973283
-3.436660
-6.947626
-6.764955
-8.089071
-9.162568
-6.784783
-5.760112
-8.457061
-7.792608
-7.532547
-9.117432
-3.907102
-6.638053
-6.318786
-6.269694
-8.541925
-5.733279
-7.425128
-7.136237
-5.859124
-8.281735
-8.971588
-6.886673
-7.294830
-10.057025
-6.818542
-7.654490
-9.061752
-8.603709
-8.848169
-10.703595
-6.341386
-9.655641
-6.239668
-8.826504
-5.977707
-6.918110
-9.655208
-10.110368
-7.268064
-10.631422
-7.797338
-7.206259
-6.385952
-11.518058
-7.836132
-10.549656
-8.021282
-7.184260
-6.625952
-6.549196
-4.530420
-5.910235
-7.422400
-7.661355
-5.509141
-9.566544
-8.376192
-8.379352
-3.517861
-5.907376
-6.525535
-8.359189
-5.925487
-12.221443
-9.892786
-8.841396
-10.466552
-7.668798
-4.661790
-5.285996
-9.128813
-7.511446
-8.745253
-7.118176
-4.768681
-9.184347
-6.273609
-6.421165
-8.759513
-5.639069
-10.923513
-8.883999
-6.529509
-7.349893
-8.263220
-8.882344
-6.114518
-5.481841
-7.090325
-6.204509
-8.325677
-7.747712
-6.180574
-10.172916
-9.562981
-6.500497
-8.750067
-9.330153
-8.114486
-6.844685
-8.916831
-6.993983
-13.052639
-4.037288
-8.278486
-9.473416
-8.598586
-6.892132
-10.548012
-5.787384
-6.830029
-7.038495
-3.882507
-7.679789
-5.078236
-9.994392
-7.870559
-7.896736
-7.110146
-4.054859
-6.679279
-8.375208
-9.422937
-8.762268
-10.592250
-8.849775
-10.504791
-5.357445
-7.612154
-7.340578
-6.811944
-7.554045
-2.301726
-5.479226
-6.127982
-7.922222
-5.983995
-6.840568
-9.321362
-11.001873
-9.804067
-7.418907
-7.943830
-7.455434
-10.276861
-9.673237
-6.918446
-4.458351
-5.666381
-5.060089
-8.534313
-8.547989
-4.810097
-11.014138
-8.830086
-6.819032
-6.823215
-9.751765
-6.843695
-6.119991
-5.688639
-8.399762
-6.279658
-4.637105
-4.683612
-9.788107
-7.730429
-7.747376
-8.546034
-6.477388
-7.826732
-8.154501
-8.479116
-9.167113
-6.064136
-3.418722
-8.064271
-10.495074
-12.025454
-6.578897
-7.828435
-7.383736
-6.440258
-8.892823
-4.869405
-9.608006
-8.103395
-7.826416
-11.737344
-8.823488
-7.142788
-5.902065
-4.224349
-7.817008
-5.738266
-7.719372
-9.653003
-7.827935
-6.145877
-7.108570
-6.803705
-9.448155
-2.917572
-7.720136
-7.717920
-8.450725
-3.689090
-9.717411
-4.804057
-7.235535
-8.618104
-6.423870
-7.581083
-7.323406
-5.706685
-9.213591
-7.420474
-8.531262
-9.004799
-8.638710
-9.055571
-8.910486
-4.620823
-7.013844
-9.773963
-5.742188
-7.347459
-5.305897
-6.828616
-9.011439
-8.204841
-8.873969
-11.018659
-8.434259
-8.007990
-8.208839
-7.777085
-6.622426
-7.022666
-10.050477
-8.096189
-5.926908
-6.652318
-8.139253
-7.374689
-8.569221
-7.919694
-8.216502
-4.383448
-10.816130
-7.110010
-6.834212
-6.542725
-10.382425
-10.112325
-9.400942
-6.424506
-13.270681
-8.582180
-8.120812
-11.578038
-10.424325
-8.304511
-6.275881
-5.876419
-5.528006
-7.863960
-11.191906
-9.532673
-8.116389
-9.371529
-5.418265
-11.428853
-11.178165
-7.943307
-8.024395
-7.792317
-6.034859
-8.083047
-7.271584
-5.736919
-5.988493
-8.214590
-6.954787
-8.612071
-4.743793
-9.209723
-10.132815
-7.493665
-7.599931
-9.499467
-8.177017
-4.320209
-8.007490
-6.637546
-7.311453
-8.118553
-4.734360
-8.668794
-8.849509
-9.936503
-7.514742
-4.204536
-9.762186
-8.844501
-7.788905
-7.533921
-26.094406
-6.037618
-4.728921
-6.054932
-7.916070
-8.102654
-9.758675
-10.146081
-9.592702
-6.372448
-9.043291
-9.569553
-8.804635
-10.794756
-5.790274
-7.420242
-9.274152
-5.298991
-9.242227
-7.567898
-6.894438
-7.140830
-8.726700
-7.004682
-3.494915
-5.410965
-7.721105
-6.732790
-7.907007
-8.903713
-4.480683
-8.542812
-12.594801
-10.741505
-10.418575
-5.481627
-5.578951
-8.107295
-11.057055
-6.637348
-6.424984
-3.557797
-7.373522
-6.862954
-9.498039
-6.094243
-9.624696
-7.042376
-9.937405
-6.332373
-9.887215
-9.316276
-7.844456
-6.545135
-7.224898
-5.005994
-5.766804
-10.272873
-5.908226
-8.020135
-9.334342
-7.098983
-7.940709
-7.200046
-9.269299
-10.780104
-6.442599
-8.632521
-6.965793
-7.820639
-7.667019
-6.541293
-9.321926
-6.725745
-7.639269
-9.444670
-7.201739
-5.761469
-6.430925
-7.185422
-4.896251
-9.231602
-7.976756
-6.213162
-9.721193
-9.777841
-11.060266
-6.427679
-8.482290
-6.324753
-7.230518
-11.840584
-9.764774
-7.523846
-7.588286
-11.989189
-9.222225
-8.013233
-4.589529
-8.227318
-6.781165
-3.845703
-5.094243
-7.961792
-7.606621
-8.690794
-8.795671
-9.599599
-9.330962
-4.650014
-5.113505
-7.968004
-8.548683
-8.043219
-7.082699
-9.417143
-5.589677
-5.594698
-8.443426
-8.878580
-8.285417
-10.725701
-7.837538
-8.241358
-8.194346
-7.493668
-8.781349
-7.625701
-8.161030
-6.124702
-9.232687
-8.481593
-5.473237
-7.693984
-7.883620
-8.268559
-7.486373
-8.527792
-6.648046
-7.796113
-4.460345
-9.469758
-7.431210
-6.987817
-9.247272
-7.606450
-6.070072
-9.327514
-6.278390
-6.431428
-3.984540
-6.384847
-10.511395
-9.954785
-12.467155
-7.218899
-6.881196
-6.571384
-7.182184
-6.929565
-9.930710
-6.507356
-9.996765
-5.425072
-7.934093
-8.241987
-7.147427
-8.800290
-7.949161
-4.703442
-7.247886
-3.468481
-6.268342
-8.408255
-6.528963
-6.631360
-6.592500
-7.479270
-5.138245
-5.004080
-7.395643
-5.930599
-8.704327
-5.242569
-15.500815
-5.339516
-10.177523
-8.171272
-7.293363
-5.110131
-8.504967
-5.913527
-8.163159
-6.467528
-9.189057
-3.304040
-7.988125
-7.239100
-8.983312
-9.828053
-9.090257
-7.857387
-7.800489
-4.393089
-8.355721
-7.776245
-5.926998
-8.059695
-4.524591
-9.799566
-7.555619
-8.376188
-6.454256
-4.740016
-10.155775
-6.290924
-6.742702
-9.210762
-29.029112
-6.505995
-9.849957
-11.554726
-8.383087
-10.454692
-8.047762
-5.650927
-4.901901
-8.109622
-8.751145
-10.197800
-8.931006
-6.439014
-7.470243
-9.687805
-5.579777
-9.134829
-5.729146
-6.777813
-8.194515
-7.476347
-7.196385
-6.830644
-3.886253
-2.904706
-7.033763
-7.886462
-8.096094
-9.384936
-6.609373
-6.503848
-9.666181
-9.141619
-8.335555
-4.091747
-5.916859
-9.834839
-9.474816
-8.725011
-9.304625
-8.930073
-6.839181
-9.772260
-7.720779
-5.963091
-8.419667
-5.571056
-10.975153
-9.101883
-9.951320
-5.337128
-7.420111
-9.483105
-7.780781
-11.209890
-5.622614
-5.278631
-5.668530
-6.003528
-8.889470
-6.909466
-7.090651
-7.871617
-6.350659
-6.177425
-6.831541
-7.241473
-6.173624
-7.737878
-8.552111
-8.376069
-10.977660
-7.518462
-6.677289
-7.957115
-10.055371
-7.638052
-6.995052
-11.829672
-8.673282
-5.747152
-6.673312
-8.936703
-9.695660
-7.995553
-5.612672
-8.124330
-8.216173
-7.664652
-5.379542
-7.491354
-7.721029
-6.410447
-8.429157
-11.052862
-10.746182
-3.925184
-2.866432
-12.731350
-5.867293
-6.551258
-8.163918
-3.954100
-4.865708
-10.375064
-6.108840
-9.364473
-6.634537
-5.887906
-6.517962
-6.574078
-3.385313
-8.185010
-4.579563
-8.382993
-10.037300
-9.778139
-5.428749
-7.544420
-8.627475
-7.052167
-10.835007
-8.822030
-6.819477
-7.055816
-9.687205
-5.352888
-11.134968
-5.184327
-6.623029
-7.187414
-4.023895
-6.486689
-10.936190
-8.529659
-5.766505
-6.764709
-7.961481
-8.587442
-8.662729
-8.320471
-4.663021
-3.887791
-6.590036
-7.537746
-6.899380
-4.948557
-9.524147
-8.666416
-10.090467
-7.700589
-8.231532
-10.524364
-9.540504
-8.522967
-9.095499
-8.906147
-4.822542
-3.541536
-8.313454
-7.094969
-6.137928
-6.765212
-8.694918
-5.917325
-10.745089
-10.666824
-7.240392
-6.246947
-10.573977
-5.628669
-7.074238
-5.980898
-4.779103
-7.273302
-10.606972
-7.476049
-9.759054
-10.432422
-8.952421
-6.576538
-10.047455
-9.366006
-6.673467
-8.246284
-8.667351
-7.740429
-6.211584
-7.969228
-4.880145
-4.702938
-5.835029
-8.372494
-9.970512
-6.137213
-7.722664
-6.934948
-9.467000
-7.218858
-6.787916
-9.063496
-8.355266
-5.318470
-9.144125
-6.309679
-6.704008
-8.127055
-8.168298
-5.854712
-7.976051
-7.241158
-9.055335
-7.343763
-5.808987
-5.252192
-6.082228
-2.997997
-6.235724
-7.814439
-9.125271
-7.790586
-8.570912
-10.093473
-12.109679
-8.213841
-4.183391
-7.962610
-7.243462
-7.152066
-10.715086
-7.693006
-8.428059
-7.019081
-7.201592
-3.357241
-8.834154
-26.439905
-8.616505
-10.630318
-5.131035
-7.599613
-7.166440
-5.930476
-7.430790
-6.737185
-8.650291
-7.126788
-7.998540
-6.922445
-6.864494
-10.571767
-7.481261
-8.609962
-5.685175
-6.436114
-8.431509
-9.515782
-8.851092
-10.355846
-6.559976
-15.406002
-6.428933
-5.542688
-4.067328
-9.920121
-8.067495
-7.700009
-6.289001
-7.065680
-8.334616
-10.107586
-8.958363
-4.686493
-7.300317
-8.466492
-6.650370
-8.161665
-4.613294
-8.646559
-7.037298
-4.752709
-12.268466
-8.131079
-3.167957
-8.270282
-8.827259
-8.877274
-7.415279
-3.920431
-6.406508
-6.674037
-7.931873
-11.187973
-9.526853
-5.593139
-5.432247
-8.059467
-6.019694
-7.045604
-6.798430
-8.956850
-8.916667
-9.162284
-10.303546
-4.635131
-8.359452
-7.702713
-7.892235
-8.320225
-6.556071
-8.352780
-6.774658
-10.069730
-6.520589
-8.721749
-7.404965
-7.255578
-10.126957
-8.477142
-8.715034
-9.025643
-9.171115
-11.349092
-10.732196
-6.451293
-7.331160
-10.022864
-9.920843
-5.569708
-6.637283
-6.397381
-7.269442
-4.644867
-5.731006
-5.994228
-7.188735
-11.108842
-6.514533
-7.280755
-4.472641
-7.519681
-11.238732
-7.297451
-6.403996
-11.027412
-8.889890
-8.964206
-11.707310
-6.722447
-6.916677
-6.682858
-6.301705
-6.839201
-8.912567
-8.700812
-11.297829
-8.308788
-5.781320
-6.054471
-7.694333
-10.044844
-7.030301
-6.686898
-8.480263
-9.375320
-9.104791
-9.374459
-1.692603
-7.048167
-4.133920
-8.071006
-11.800218
-9.809477
-9.872468
-8.642187
-10.234487
-7.741743
-6.886831
-6.977901
-7.782190
-8.696901
-5.500944
-9.520700
-7.263543
-5.357963
-10.120778
-6.489357
-5.219227
-6.203075
-8.201035
-6.894451
-7.889132
-8.715335
-8.045937
-7.198066
-8.508488
-6.163238
-8.283942
-11.713663
-6.063761
-9.567924
-7.122770
-9.392037
-6.584022
-9.141260
-10.218273
-9.933216
-10.298349
-7.400559
-7.009552
-7.624718
-6.998682
-10.585665
-6.486419
-10.611942
-10.425477
-6.169377
-8.251663
-8.638478
-6.519053
-4.385098
-11.152588
-8.559714
-7.005566
-5.327612
-8.302107
-11.079648
-6.008836
-10.810724
-10.179137
-10.964464
-7.335753
-7.071322
-7.047544
-6.925098
-5.402923
-4.530776
-9.341485
-8.014827
-8.882987
-8.243742
-5.398779
-9.084881
-9.860536
-7.162655
-8.112872
-7.203789
-5.391306
-6.988207
-8.026899
-11.996477
-5.472693
-9.397341
-8.439613
-5.650865
-11.640308
-9.499793
-8.545595
-7.911298
-6.385108
-8.116138
-8.684944
-11.417932
-7.438409
-9.033509
-14.485836
-8.845340
-7.364317
-6.508637
-10.501522
-3.976851
-6.496847
-7.160794
-7.885883
-8.254830
-9.684791
-8.628279
-8.416342
-7.568880
-8.551275
-8.611468
-10.073420
-10.489277
-7.433885
-9.111377
-6.640228
-7.204799
-4.818278
-8.805210
-8.765368
-9.053801
-12.341936
-6.791821
-6.168324
-5.485336
-4.737670
-5.746791
-8.937817
-6.621414
-5.669036
-9.360983
-5.660736
-9.009960
-9.143115
-7.590786
-7.398385
-4.843815
-8.694219
-5.568160
-11.344102
-7.675341
-6.448580
-11.232397
-8.293688
-9.539369
-9.543834
-6.908875
-3.553484
-9.493992
-11.972183
-2.352471
-7.161754
-4.574862
-5.531172
-6.875699
-6.834851
-6.382943
-9.372116
-8.634165
-11.370783
-11.272745
-5.332170
-4.679133
-5.260683
-7.027486
-8.315845
-11.643788
-8.720835
-5.917452
-11.170774
-6.762825
-10.422936
-9.838516
-6.811144
-9.571876
-11.241994
-8.256845
-7.090992
-4.451449
-5.774650
-6.877008
-7.999967
-9.395038
-8.482607
-5.864369
-7.112114
-7.118345
-8.895771
-6.135175
-9.199322
-9.042360
-9.723878
-7.898048
-8.572701
-5.938047
-8.401686
-10.218241
-10.433477
-12.378586
-7.328419
-7.192162
-9.913636
-8.462584
-9.016150
-7.907376
-5.330111
-9.989260
-5.284507
-9.266263
-8.450103
-9.458212
-7.638762
-11.653856
-9.079266
-8.899567
-6.770113
-5.699221
-6.327142
-9.468244
-7.624413
-5.147463
-8.435015
-10.689158
-8.069762
-6.822702
-9.080909
-5.519104
-11.471380
-9.847605
-6.841737
-8.453220
-7.534438
-8.613609
-12.434714
-8.374317
-5.104756
-7.075640
-9.218810
-5.400254
-6.047628
-8.417160
-7.552345
-8.283730
-5.822380
-6.477304
-8.387374
-5.751679
-7.272183
-7.194143
-4.685484
-10.309393
-9.000316
-5.493156
-7.027140
-8.326835
-6.061283
-4.999352
-7.340545
-5.898191
-4.482985
-9.732070
-6.542287
-8.276359
-5.412418
-4.665900
-9.336658
-8.342238
-7.684988
-11.094241
-11.099815
-11.589182
-7.842047
-9.220275
-8.965919
-8.324737
-10.391355
-9.681116
-9.477332
-7.996139
-8.031405
-6.763543
-5.329745
-9.388006
-12.526158
-7.168222
-7.098441
-8.979732
-12.104486
-7.219604
-11.609438
-7.235391
-10.170597
-9.790037
-7.624535
-9.001777
-4.101887
-12.646770
-6.284212
-8.925268
-7.209135
-8.678806
-8.771549
-3.756165
-11.757287
-6.119835
-6.845482
-5.037569
-10.777842
-8.895245
-6.697296
-5.092210
-11.050736
-7.795574
-9.408441
-9.050848
-10.278042
-5.401643
-9.241359
-8.087554
-5.037419
-8.913123
-7.415864
-6.298151
-9.822447
-7.852555
-9.770906
-8.458730
-7.657084
-7.986279
-4.745275
-6.053479
-7.964462
-8.836132
-7.740487
-5.836090
-6.393204
-7.802706
-8.707303
-8.006826
-9.063159
-4.448685
-6.400006
-6.887793
-8.629734
-7.924067
-5.611766
-6.150380
-8.389640
-7.218895
-8.869932
-4.310252
-9.692904
-8.723744
-8.485717
-6.301441
-10.665211
-6.707589
-8.815851
-8.834108
-4.329725
-9.084654
-10.065158
-8.260306
-9.022888
-7.701906
-7.901526
-7.869285
-6.065409
-8.026712
-8.064415
-5.758248
-11.463692
-6.485429
-8.798380
-9.152673
-9.787330
-6.728551
-8.247387
-7.930231
-8.782301
-8.821779
-9.226418
-10.260325
-10.501677
-6.319737
-7.225775
-7.515691
-10.006967
-7.600614
-8.649413
-7.284297
-6.597147
-12.331904
-8.933049
-8.548952
-8.665816
-6.588095
-10.210319
-8.806910
-6.807204
-5.709479
-7.178049
-6.085762
-3.692533
-9.370178
-4.892288
-6.471910
-8.308330
-9.551920
-9.698731
-5.829129
-8.825088
-9.014623
-5.289959
-8.686557
-6.333843
-8.827281
-9.687021
-8.851238
-7.352705
-6.170080
-12.427141
-10.224377
-8.311548
-6.614342
-7.755259
-10.308282
-10.054861
-8.415105
-4.552422
-7.803311
-6.473546
-9.828894
-10.450256
-6.289217
-5.753785
-8.553301
-6.199628
-9.169485
-10.321548
-9.057393
-9.268276
-8.594393
-8.663097
-9.314528
-9.681354
-6.489664
-9.882540
-7.314092
-7.544404
-7.163584
-6.561345
-6.077216
-8.051514
-5.880356
-10.186426
-6.962164
-7.689002
-10.465429
-6.702395
-10.833622
-7.515306
-7.172318
-5.371253
-7.626246
-8.858638
-7.425576
-7.238781
-6.621569
-8.598866
-7.088734
-6.014775
-4.325830
-8.174356
-6.606964
-8.807490
-6.421748
-7.584845
-6.552141
-6.692554
-8.777221
-8.151474
-8.371443
-7.894825
-7.250290
-6.379961
-6.028418
-4.812276
-5.598540
-10.450934
-8.073124
-10.977629
-7.586782
-7.948142
-6.244971
-7.927107
-9.945961
-9.401725
-7.007862
-7.907850
-9.686161
-8.059223
-10.342385
-4.008894
-6.165603
-12.743403
-8.124033
-5.911954
-8.367804
-6.281002
-6.468790
-6.047614
-9.229493
-6.641041
-7.225818
-8.170722
-10.203496
-3.840943
-9.065822
-7.716184
-7.705786
-6.970500
-7.886241
-34.008476
-7.342669
-4.823127
-8.704902
-6.807992
-8.596516
-5.900120
-7.401643
-6.730595
-8.132039
-10.185839
-8.420955
-8.999611
-10.396421
-10.566755
-7.904109
-3.513176
-7.502061
-6.202042
-5.893326
-9.526256
-10.531555
-6.175395
-9.006683
-6.014899
-8.404628
-5.856109
-7.559282
-8.581669
-6.094485
-9.676150
-8.081470
-8.226384
-6.757126
-5.239511
-10.014491
-9.437921
-7.047009
-5.305271
-11.375522
-10.861219
-6.757144
-11.019142
-7.924028
-8.279400
-7.238113
-7.985270
-7.324725
-9.448790
-8.790886
-11.419319
-8.689876
-8.494976
-5.361763
-8.065851
-9.821261
-5.936228
-7.823661
-6.510880
-8.597120
-6.187117
-6.498353
-10.220497
-9.328767
-10.290144
-5.328223
-11.015822
-6.691179
-6.816254
-7.329937
-8.618906
-8.605132
-10.161275
-7.741120
-7.738899
-9.027090
-5.372828
-6.479941
-7.570772
-9.519799
-8.175392
-6.688258
-7.465768
-9.024592
-6.459614
-7.442964
-8.751579
-6.096709
-8.481071
-8.230260
-9.629112
-6.212855
-9.557677
-11.090660
-7.501070
-5.746229
-11.153971
-9.579891
-6.659803
-8.824729
-8.582062
-6.736129
-8.894892
-8.739609
-6.451592
-9.865076
-12.487478
-7.169699
-10.006892
-10.127785
-8.510824
-9.378357
-8.410187
-6.681030
-6.776644
-10.801237
-10.504321
-6.927822
-9.361446
-6.178636
-4.598938
-7.137470
-5.672330
-6.220901
-9.092978
-14.781917
-7.743498
-9.380815
-9.121465
-9.589121
-9.139076
-6.178191
-8.302213
-7.080499
-9.458658
-8.385026
-10.652994
-8.694787
-7.012611
-8.905315
-9.521126
-5.082054
-7.843901
-8.598157
-3.596158
-6.897814
-8.151526
-6.305768
-6.538674
-5.186628
-10.687186
-8.892054
-9.327821
-6.698579
-5.825253
-7.411505
-6.925048
-6.551141
-7.428746
-7.901399
-6.064363
-5.291828
-10.265617
-4.406916
-6.212467
-5.219775
-8.435948
-4.745358
-7.806055
-6.572174
-9.807986
-6.426658
-5.778784
-8.639713
-8.445555
-10.961270
-9.307804
-3.611701
-9.798203
-7.281070
-8.628104
-7.392693
-6.173753
-4.275737
-8.940366
-4.807046
-10.483299
-6.803938
-8.218626
-9.316702
-7.086086
-8.091730
-8.215047
-5.439130
-8.018044
-9.639439
-7.059226
-8.586610
-8.601563
-5.333602
-7.071486
-8.885933
-9.776700
-5.749449
-5.579123
-5.519689
-7.021525
-6.470490
-6.451734
-8.294936
-12.004679
-7.285936
-7.942008
-8.039046
-5.368700
-8.465057
-6.113364
-8.088129
-9.198128
-8.413364
-6.661491
-7.356519
-8.936685
-4.679690
-7.100810
-5.861831
-8.691462
-5.315286
-9.490866
-6.745648
-8.863189
-7.620386
-8.151109
-6.913609
-9.133245
-10.794955
-6.768962
-10.200271
-8.435452
-8.006827
-5.000099
-6.451681
-9.940848
-7.089749
-7.837744
-8.962762
-8.478824
-7.577563
-9.544426
-7.789794
-11.638165
-11.380842
-8.708120
-6.345219
-8.652243
-7.814275
-7.609070
-7.125047
-8.981447
-6.817461
-10.906265
-7.977249
-7.551226
-10.670994
-9.964953
-8.251606
-7.197151
-6.826947
-7.483171
-8.133722
-6.304799
-6.480720
-10.988019
-6.597713
-5.393092
-10.914642
-6.770030
-9.821365
-8.478580
-7.073836
-7.739157
-7.015239
-10.542998
-9.450328
-9.576445
-6.314369
-8.754648
-7.808011
-4.058303
-7.348441
-9.346970
-7.071539
-4.762344
-8.520292
-9.964641
-8.739825
-9.337700
-5.964953
-8.433253
-6.392268
-7.374969
-7.364898
-8.624373
-5.896369
-8.021386
-4.118566
-4.452529
-9.385077
-6.684443
-9.631325
-7.566666
-8.787010
-11.413509
-9.206673
-5.904150
-3.805628
-8.191225
-8.995594
-7.177538
-5.859264
-5.727844
-6.404342
-11.226797
-8.605266
-8.138316
-5.646113
-10.826344
-8.661082
-9.357460
-7.979576
-8.797541
-8.679627
-7.965088
-7.585659
-3.996874
-7.691415
-10.991180
-8.550355
-8.250187
-9.406351
-10.800339
-6.389519
-5.033152
-8.376232
-6.709909
-9.417716
-8.380569
-9.525905
-9.598669
-8.454067
-8.761903
-5.443204
-7.358263
-9.009220
-8.928582
-5.381543
-6.908753
-8.725809
-7.765275
-7.581844
-10.958875
-8.001804
-7.131755
-9.650276
-9.277540
-8.509331
-10.309589
-8.383863
-9.003236
-6.223734
-6.913981
-7.579312
-10.049925
-8.743235
-6.227387
-7.100182
-5.671903
-9.353156
-5.867004
-6.892038
-7.584923
-9.664463
-7.178345
-9.852395
-4.140523
-10.500356
-7.317194
-7.836009
-8.877905
-10.402673
-10.518049
-8.360109
-8.488313
-6.755198
-7.747376
-7.341501
-7.624540
-7.283629
-7.644549
-9.394783
-6.889856
-6.401332
-7.553185
-6.539233
-9.975298
-8.755856
-9.482936
-8.079947
-5.845240
-8.059844
-9.220386
-7.802096
-9.545485
-7.589688
-8.897779
-9.441169
-9.827098
-5.771496
-6.534723
-7.483372
-6.519592
-8.785442
-9.498048
-8.489622
-8.941375
-8.820634
-6.707919
-5.905919
-6.724172
-7.086273
-9.628677
-4.953794
-4.316173
-9.632960
-8.622593
-8.917483
-5.888739
-9.720905
-6.409216
-5.654573
-6.415882
-5.858984
-9.751933
-8.360638
-6.345664
-7.985648
-7.308754
-8.708560
-6.307033
-10.399791
-9.504725
-9.094901
-6.401245
-5.963623
-10.774991
-8.344761
-5.919966
-9.874107
-12.135039
-5.945094
-7.128975
-7.116854
-5.983161
-5.796114
-9.682231
-5.127473
-9.261844
-8.579247
-9.076727
-8.963057
-9.109678
-5.926952
-7.799442
-5.582294
-6.481032
-9.146184
-6.455234
-8.469603
-5.748351
-6.334497
-10.649905
-7.969289
-9.871586
-11.091848
-9.047756
-7.335717
-5.517372
-7.362865
-6.617109
-6.647839
-6.453645
-8.144827
-8.092659
-7.657515
-6.911647
-7.508672
-10.307788
-11.420983
-9.654631
-6.440257
-7.264162
-5.246430
-9.718820
-4.506291
-9.213846
-8.320829
-8.404162
-7.849054
-10.875270
-7.470593
-7.731106
-8.540649
-8.695590
-9.636915
-9.735796
-8.816922
-9.530468
-7.119550
-7.484157
-9.879453
-7.484754
-7.961430
-12.976555
-7.031777
-8.904560
-6.557860
-10.231468
-7.460862
-17.169685
-7.333123
-7.324091
-4.743896
-8.496614
-7.415855
-9.033936
-5.937572
-6.480555
-12.603901
-10.549927
-9.009603
-10.165669
-5.686562
-7.100208
-8.199385
-4.459792
-7.144237
-8.038813
-6.640694
-5.897202
-4.709713
-7.708706
-8.187474
-8.840584
-6.318987
-6.913616
-6.880547
-8.080675
-7.751498
-6.459892
-9.750471
-6.228667
-6.553214
-10.521525
-4.471192
-5.167376
-7.885438
-9.234416
-7.432514
-9.042168
-6.453650
-7.461420
-8.550706
-4.312249
-12.526396
-6.780570
-8.782914
-4.918405
-10.485253
-9.165253
-8.804649
-9.403714
-9.312982
-5.639061
-9.965887
-6.725794
-8.522037
-6.657834
-9.325674
-7.319221
-6.382543
-5.639448
-8.193577
-6.438135
-6.308506
-6.269620
-8.800942
-9.403581
-9.116566
-9.841669
-7.500399
-6.468387
-8.648476
-7.265140
-7.587343
-8.607083
-11.091568
-10.192165
-8.212320
-8.489631
-5.220531
-6.588855
-8.295506
-6.311172
-10.743841
-5.744915
-9.235279
-5.852920
-6.778004
-7.924227
-5.554071
-9.959312
-3.671408
-5.987369
-5.739862
-9.402939
-8.744560
-6.816435
-7.152259
-7.468119
-7.905418
-5.769154
-10.414159
-8.635627
-4.993185
-9.615196
-6.580877
-8.343349
-6.227816
-8.243155
-8.678386
-5.944182
-9.077143
-6.259522
-10.100803
-9.333325
-11.617769
-9.738590
-10.465717
-7.976664
-6.514035
-7.239708
-9.076011
-5.729618
-8.317387
-8.561347
-7.647336
-7.815314
-7.774063
-8.479027
-8.105231
-6.437754
-9.161389
-9.615030
-7.245225
-8.494923
-8.639546
-8.559340
-7.212193
-8.679803
-7.198889
-5.652981
-7.169240
-8.939347
-6.693954
-5.788875
-5.918089
-5.656839
-7.101218
-8.590181
-8.033998
-8.468929
-5.952013
-6.741138
-5.948940
-6.210207
-5.844313
-6.591391
-8.637760
-6.060270
-9.605419
-8.942915
-10.655413
-6.731659
-9.419611
-4.366940
-8.549849
-5.800574
-8.149794
-10.606551
-8.786985
-6.626225
-3.135835
-5.491961
-12.312825
-10.827663
-22.500420
-6.161068
-6.168589
-10.006796
-10.339771
-6.509084
-9.018503
-6.737502
-7.707467
-9.819886
-6.119782
-7.735643
-5.220722
-5.404664
-8.520960
-7.465717
-11.452259
-4.939924
-9.429423
-8.728359
-8.002962
-7.787967
-6.064470
-7.144966
-10.666595
-7.189696
-7.957973
-6.150216
-6.437886
-4.243342
-5.803169
-5.438814
-8.038942
-5.721605
-6.534665
-9.041336
-6.568419
-7.535016
-11.187399
-9.748340
-9.363937
-7.331244
-7.593292
-8.894362
-4.813949
-8.993754
-5.348768
-8.375068
-6.905440
-6.683190
-4.187547
-5.219970
-8.678754
-6.877605
-9.150479
-5.467039
-7.994558
-7.144656
-5.663270
-8.530028
-10.208753
-7.182403
-7.344662
-5.429311
-6.338300
-9.506776
-10.894966
-8.306723
-8.535136
-6.354398
-9.477680
-9.013793
-10.295830
-7.400552
-4.680984
-4.364966
-6.032783
-12.138412
-6.142640
-7.873271
-9.316491
-8.654366
-9.688965
-3.792721
-6.585690
-8.323758
-12.342996
-13.068762
-10.910200
-10.110613
-11.398704
-10.507863
-6.431606
-5.420624
-7.247901
-7.209522
-9.202335
-6.513133
-8.077685
-6.521955
-5.982317
-7.596680
-3.314280
-27.416508
-8.970241
-7.356863
-9.050713
-11.019154
-6.887864
-6.910805
-22.884306
-6.103612
-8.463686
-5.392661
-8.347103
-5.966050
-7.782564
-7.021827
-7.330983
-6.228855
-7.226333
-5.963601
-5.446174
-6.152044
-7.955021
-6.786818
-10.056625
-8.236036
-5.530261
-7.498295
-5.175138
-8.763144
-7.635176
-8.115659
-6.071314
-11.202484
-9.482248
-5.677170
-7.880631
-7.437652
-10.026135
-9.815762
-9.506792
-6.544617
-9.880829
-5.936334
-8.478943
-5.738695
-6.238225
-8.967637
-10.466048
-9.344766
-6.140815
-9.373896
-6.148167
-7.270967
-11.006815
-9.538939
-9.001270
-8.528395
-9.566069
-8.179012
-7.113046
-6.115896
-8.103097
-4.977981
-6.046325
-10.919462
-6.950647
-9.155731
-10.267865
-8.588376
-10.184815
-4.213255
-10.257917
-9.876407
-6.545912
-9.956499
-6.206017
-6.555696
-9.047623
-6.899064
-4.767275
-5.683577
-10.803304
-10.434365
-8.713024
-8.793906
-9.213286
-5.167349
-8.378580
-6.516636
-9.130437
-8.473432
-8.358920
-7.724423
-7.772594
-7.517857
-9.540523
-11.240108
-6.359494
-10.357192
-10.000112
-6.569238
-9.965038
-6.631697
-9.787252
-8.355753
-10.763597
-7.085422
-8.275928
-11.773463
-7.914775
-9.618567
-11.717773
-8.276852
-6.371787
-8.194365
-5.187089
-8.505804
-8.259093
-7.705626
-5.024755
-6.081909
-8.829281
-8.899421
-5.201560
-8.085330
-7.523854
-7.216475
-10.353399
-8.803850
-9.278130
-6.246146
-4.241656
-7.143073
-8.763853
-8.029350
-9.908581
-8.759544
-11.181205
-6.403091
-8.272393
-6.098314
-10.151513
-8.625163
-6.779397
-8.426332
-7.332624
-11.680425
-7.982096
-11.281744
-8.591246
-8.565436
-5.729543
-6.321413
-6.380001
-8.275130
-9.597158
-8.548090
-7.657108
-9.807788
-10.012711
-7.053009
-6.065976
-5.152292
-7.164098
-11.571047
-8.265388
-6.591187
-6.185605
-10.226098
-8.663225
-10.902822
-7.960716
-10.481991
-5.360676
-9.401158
-9.729702
-6.158676
-9.485585
-10.977494
-10.787366
-6.157769
-8.009476
-10.330524
-8.794304
-3.157384
-6.156947
-8.179526
-9.360809
-3.984354
-8.622501
-8.106450
-9.407115
-9.155657
-2.898108
-8.841721
-7.295102
-9.484545
-7.921708
-6.355369
-10.331703
-8.794097
-10.279390
-11.539068
-7.187652
-7.163774
-7.375977
-9.540627
-10.849669
-10.305091
-8.012842
-5.310927
-8.802234
-9.263671
-6.787873
-11.029508
-7.659420
-6.822213
-6.370278
-7.930657
-5.941751
-9.592056
-8.990971
-9.514435
-8.420000
-9.319840
-5.686253
-9.719416
-6.309140
-8.443138
-8.765347
-5.931697
-8.529045
-5.942122
-10.045855
-10.076124
-8.096535
-9.489488
-8.491839
-5.851202
-8.128591
-7.074065
-6.923125
-6.741670
-9.751631
-11.226712
-13.161366
-11.401646
-8.054861
-8.155785
-5.626344
-10.342869
-10.203132
-7.466001
-6.231604
-9.734239
-6.235305
-10.748098
-6.555332
-5.815201
-6.986436
-10.713210
-7.432694
-9.315892
-11.630127
-7.452700
-10.794798
-9.183661
-7.343665
-7.447430
-7.777910
-8.137024
-9.805045
-6.997684
-6.388523
-8.091490
-9.654666
-7.168691
-10.222942
-7.317974
-7.286182
-6.045474
-7.894128
-4.881430
-7.139400
-6.933213
-5.988903
-5.058492
-6.430485
-9.582039
-4.808525
-6.969411
-5.764307
-8.812325
-6.797624
-7.957805
-9.904586
-7.020579
-8.861572
-4.649212
-2.733994
-4.196219
-7.617477
-7.917053
-8.120950
-7.838299
-8.816548
-7.492911
-9.068228
-6.210420
-7.172562
-7.933429
-11.587814
-3.158039
-9.934771
-5.626153
-9.166213
-7.021156
-8.894269
-9.140561
-8.474897
-6.836884
-8.353658
-6.120853
-9.965334
-11.670065
-9.664498
-5.124795
-7.897191
-8.590855
-6.872487
-3.789137
-11.855418
-9.669672
-9.710700
-10.477864
-7.560943
-4.593237
-5.565370
-6.320083
-9.347580
-6.664230
-6.802210
-9.794664
-6.050959
-6.096367
-5.402029
-10.320038
-5.409960
-10.963740
-9.173115
-5.210658
-3.589792
-5.791651
-9.706682
-8.889587
-7.748941
-8.151686
-7.097724
-6.528911
-10.291401
-6.122058
-6.494767
-9.319679
-8.688972
-6.148006
-8.216489
-7.374049
-5.483840
-6.925734
-4.366049
-4.795309
-6.387778
-7.678430
-7.517699
-6.341139
-6.967237
-8.933726
-8.247102
-10.451869
-12.815834
-7.958192
-9.864512
-5.664476
-9.046504
-7.059192
-7.667160
-8.702254
-9.693316
-7.359660
-8.341550
-8.616851
-7.092161
-10.440677
-4.827621
-7.612436
-4.764881
-4.254996
-3.982786
-9.168293
-7.283831
-8.326110
-9.138710
-5.134319
-7.400209
-6.472175
-8.602573
-8.639065
-5.633566
-4.030936
-8.339094
-8.631578
-10.311125
-7.283863
-6.060404
-10.263308
-5.950904
-11.327599
-6.243656
-8.493786
-8.519380
-10.852381
-8.178445
-6.906995
-8.906445
-4.829259
-7.188857
-10.755069
-7.662593
-10.903851
-9.610151
-8.544410
-7.547638
-9.537273
-8.891162
-6.625249
-7.823878
-8.083372
-9.610829
-7.119355
-7.496537
-6.942488
-12.552318
-8.867512
-8.957352
-9.475681
-7.381565
-9.442587
-6.203541
-9.073036
-9.787227
-8.064801
-6.182871
-9.599793
-8.829275
-6.618601
-9.111653
-5.282403
-9.277695
-6.906080
-7.760871
-7.886302
-8.538616
-7.704443
-9.274824
-7.851995
-7.852990
-6.939442
-10.314968
-11.042358
-9.007187
-8.055561
-8.398401
-10.158617
-12.689612
-9.009522
-7.015882
-10.133345
-11.769938
-8.196907
-8.204680
-9.588862
-6.705373
-5.228568
-6.298065
-11.401556
-9.252400
-10.408575
-5.073803
-7.623234
-7.754005
-6.613407
-6.972314
-9.717013
-6.777284
-9.734238
-7.777095
-7.862741
-7.517118
-5.767787
-6.827154
-5.987518
-7.144137
-8.228926
-7.037614
-9.347687
-7.732460
-5.543248
-7.614169
-9.627485
-7.307810
-34.908321
-7.169945
-6.496597
-2.730719
-7.333403
-7.553386
-13.125151
-7.917901
-6.088487
-7.222619
-9.527428
-10.356843
-8.841079
-7.667556
-7.779542
-8.452152
-6.995367
-6.655136
-5.216454
-7.072721
-7.353933
-9.444345
-8.283435
-6.450779
-7.327950
-9.010469
-10.538584
-9.816099
-7.051946
-9.507383
-7.173360
-9.407760
-6.109430
-6.682579
-5.506945
-7.029416
-8.204028
-7.665399
-9.897819
-7.396692
-5.440973
-8.609999
-8.036714
-9.898664
-11.728526
-5.826959
-9.265863
-9.573088
-7.507845
-7.603699
-10.027408
-8.891339
-6.516799
-4.769426
-11.339169
-8.998643
-8.525410
-7.421145
-9.114168
-7.854148
-8.749375
-6.661558
-11.445801
-6.984334
-8.787314
-6.995661
-8.845725
-6.501355
-9.498141
-7.395233
-5.079678
-7.831928
-5.254168
-6.033500
-8.973874
-7.895943
-8.655207
-6.167533
-7.326361
-8.856514
-6.468947
-7.963340
-7.028604
-7.045939
-5.554991
-9.016860
-8.887654
-7.676415
-9.047787
-8.238249
-7.880428
-9.719315
-7.053140
-7.031813
-9.363224
-10.549004
-9.646592
-8.380082
-7.828063
-10.018372
-9.788889
-6.406128
-8.013287
-9.179365
-9.448526
-7.237770
-9.141449
-8.610850
-7.401207
-8.095901
-7.815029
-7.165095
-8.985340
-7.868120
-9.637606
-7.292165
-9.709289
-8.726856
-9.326083
-7.505794
-8.611977
-9.946260
-10.134916
-10.106255
-8.311780
-8.429769
-8.852457
-7.171159
-7.967796
-8.699730
-8.403740
-6.485731
-5.475177
-8.399520
-4.146599
-5.527718
-5.516567
-7.860976
-4.657111
-6.380426
-7.240606
-5.332666
-9.592489
-8.581937
-6.393866
-6.760078
-7.455735
-7.297059
-5.316843
-4.794787
-6.692711
-6.399178
-11.779825
-8.643177
-8.597420
-9.686274
-10.419141
-7.924968
-8.264893
-6.940257
-7.260838
-8.023502
-10.769951
-7.338881
-6.320584
-9.372807
-8.522762
-6.395564
-6.351344
-10.006424
-9.240171
-9.680386
-9.044347
-7.363276
-6.850883
-9.136314
-7.407100
-9.780145
-4.976662
-7.856064
-5.283136
-7.562987
-9.398527
-8.579288
-5.362841
-8.975855
-5.744594
-6.881481
-10.292705
-9.197392
-9.974492
-8.728630
-7.583216
-6.666508
-9.398460
-7.039742
-8.804626
-7.773665
-10.017160
-8.703203
-9.883949
-9.381587
-10.014782
-8.588011
-5.363437
-6.977505
-8.953480
-7.629508
-7.919400
-8.107204
-7.770719
-7.486896
-8.251060
-6.117100
-11.406553
-4.700305
-7.833536
-6.016357
-8.035965
-7.442185
-6.762726
-8.530948
-6.935803
-9.216754
-8.970166
-6.799096
-8.660462
-6.023763
-11.462818
-9.979822
-10.107777
-7.601880
-6.435470
-9.274490
-8.037313
-9.666170
-6.618576
-7.135946
-8.153669
-10.023434
-11.811660
-8.462338
-9.609445
-7.151062
-7.409403
-6.609307
-7.827572
-7.657454
-9.453378
-9.636492
-8.543750
-6.297402
-8.329499
-6.140522
-12.087370
-6.559832
-9.111013
-10.632146
-7.954182
-8.391942
-8.353580
-9.886792
-7.431500
-9.277339
-8.123063
-6.933231
-9.455575
-7.708786
-7.892292
-7.386703
-6.638705
-6.491490
-6.995893
-8.908595
-9.999325
-8.845166
-6.955397
-5.953360
-5.352386
-8.898426
-7.525395
-8.636156
-11.967678
-10.270060
-8.853887
-8.338306
-6.152796
-7.416633
-6.179605
-9.642337
-9.731515
-6.765287
-9.864922
-6.823190
-8.625695
-7.637060
-10.423998
-5.141590
-7.029776
-6.141177
-17.510824
-5.839463
-9.522231
-6.549823
-8.857015
-11.309041
-8.384243
-8.928811
-9.290173
-10.536672
-6.107722
-4.860040
-9.621804
-6.507404
-9.757128
-9.111831
-7.533634
-6.017332
-11.582901
-7.928405
-12.192789
-9.439665
-8.725693
-5.928855
-7.644678
-9.496785
-7.841601
-7.454238
-9.381486
-11.331775
-6.248590
-5.184394
-6.198458
-6.345244
-8.564428
-5.894903
-7.968579
-8.597301
-6.614264
-11.036208
-7.792171
-7.036363
-4.943520
-7.089629
-10.740697
-4.972932
-10.159875
-8.577565
-9.422896
-7.113772
-9.010380
-6.096264
-8.184393
-7.709466
-7.277370
-8.951180
-9.214110
-9.886178
-8.216088
-3.660172
-7.369709
-11.374194
-8.374075
-8.971082
-7.327082
-6.639224
-7.094317
-8.967543
-7.717985
-8.154302
-8.030565
-8.973475
-4.899441
-7.852609
-11.381689
-7.898774
-8.644476
-7.413481
-9.239127
-6.519670
-9.092898
-8.983290
-6.635409
-8.905066
-4.515268
-4.926476
-5.940176
-7.973447
-10.473169
-5.314955
-7.503729
-9.210000
-8.268459
-9.679294
-8.109632
-6.011427
-6.580061
-5.437344
-12.048487
-6.566991
-11.439369
-6.175805
-4.536819
-7.383318
-5.820045
-8.674920
-8.330928
-9.724365
-6.901486
-10.779984
-6.247102
-7.641510
-6.055180
-7.435007
-9.107466
-8.990205
-12.081518
-8.370064
-9.279972
-6.089447
-8.396127
-9.384172
-5.898626
-10.393582
-7.944636
-10.095093
-6.003319
-9.582828
-10.913198
-9.519974
-9.683860
-10.434300
-5.842487
-11.603785
-9.785378
-6.838402
-6.946972
-8.956315
-6.433337
-6.413596
-9.001990
-10.093766
-9.272634
-4.549362
-7.405312
-9.624900
-8.010231
-7.469290
-8.916895
-10.855864
-9.323044
-7.363851
-9.828151
-9.704233
-8.918413
-9.828265
-22.175272
-7.643939
-7.134763
-9.305174
-8.584720
-7.189912
-6.942028
-5.218389
-9.547560
-6.120801
-7.420387
-9.993425
-10.208596
-10.838785
-6.806684
-8.008048
-5.741694
-9.689432
-6.684709
-4.934236
-8.336841
-9.220630
-11.672586
-4.332864
-9.924802
-9.262333
-9.816925
-7.899970
-6.969201
-7.890517
-6.326299
-8.392614
-6.135404
-8.175880
-6.531747
-8.449617
-6.859388
-8.268006
-10.732319
-5.573728
-8.553230
-6.643943
-7.102692
-6.099934
-10.125432
-8.502331
-6.011527
-8.728817
-9.939483
-8.141891
-11.110946
-8.496179
-5.970601
-6.358684
-11.267384
-6.639989
-8.595766
-9.767603
-8.486802
-7.092530
-7.529707
-6.488822
-10.109103
-6.002737
-7.686986
-8.534443
-2.791090
-6.172353
-9.265012
-7.108799
-8.871225
-9.523376
-11.091592
-5.947449
-7.824314
-8.374914
-6.887246
-8.269905
-6.697423
-9.702255
-8.483476
-7.845157
-11.901713
-11.074347
-8.879772
-9.122269
-5.020494
-11.729925
-5.398444
-10.276165
-9.147045
-4.729757
-6.877805
-6.606076
-9.063169
-8.137090
-4.699821
-7.641897
-8.059930
-10.063789
-5.503042
-7.396375
-8.205649
-7.110891
-11.674247
-10.570093
-5.777885
-7.715753
-9.538855
-5.458484
-8.087351
-10.819984
-7.824064
-9.395216
-11.024329
-10.458045
-10.051660
-6.868026
-5.928504
-4.442873
-4.413042
-7.639961
-6.885558
-9.356282
-8.924099
-10.358255
-10.334434
-8.718404
-10.147246
-6.914758
-3.758456
-10.141829
-6.445761
-8.072381
-8.949301
-7.802142
-7.022196
-9.191084
-5.973902
-8.476717
-8.804086
-10.018723
-8.666552
-8.726415
-8.387321
-11.063317
-7.499695
-9.374773
-7.391960
-8.127222
-7.986684
-6.135216
-9.222803
-6.863035
-8.902463
-8.703823
-5.550775
-7.327221
-9.474798
-8.059342
-9.354434
-9.586637
-6.400082
-10.107609
-5.260365
-4.790652
-12.798350
-6.635093
-9.028210
-7.241909
-9.057671
-7.841648
-10.942527
-5.065078
-12.643257
-8.057275
-7.862785
-6.978746
-6.505602
-5.935697
-7.321764
-7.125093
-6.740497
-8.825856
-11.345421
-7.334124
-6.666469
-4.635101
-11.885738
-8.344781
-7.865025
-7.111874
-8.790293
-8.431268
-5.524788
-6.759865
-7.250822
-7.641029
-7.976233
-8.240612
-7.984997
-8.444118
-9.174540
-6.122237
-6.701739
-6.343127
-9.203234
-10.139526
-8.637384
-6.810680
-10.162331
-7.603957
-7.671804
-9.056240
-8.830609
-10.142518
-9.949696
-9.308653
-10.069885
-6.748197
-12.234435
-8.094662
-7.495088
-7.924414
-9.155649
-9.742624
-7.168134
-6.941334
-9.242749
-9.656539
-10.649481
-7.141302
-5.753074
-11.563997
-9.022415
-8.694798
-8.395503
-10.503466
-8.339822
-5.513360
-8.265811
-8.822428
-5.990000
-8.490741
-9.158426
-5.790452
-7.464121
-10.483606
-7.969923
-5.558149
-6.245097
-8.651027
-6.594381
-10.065647
-10.580614
-6.646700
-13.722709
-10.446872
-6.895533
-7.178156
-10.810511
-9.751607
-8.084726
-6.533272
-6.902904
-12.423279
-8.450646
-7.905019
-11.638662
-9.180517
-6.148433
-9.341671
-4.624894
-9.569160
-6.241121
-10.377058
-6.532016
-10.210027
-8.325800
-8.783449
-7.324270
-5.689420
-5.936491
-9.499203
-6.956208
-11.756875
-7.701422
-4.849796
-10.008664
-8.960881
-8.801313
-7.880351
-8.458969
-6.111191
-7.118468
-9.619801
-6.987867
-9.279703
-8.709674
-7.131944
-11.022367
-6.015073
-9.686428
-10.424209
-4.813984
-8.396560
-9.011129
-8.416232
-6.263580
-9.293541
-7.931293
-8.325810
-9.265032
-6.296538
-5.555680
-9.942479
-7.564708
-9.703412
-9.443127
-7.444154
-7.204126
-7.896711
-7.032115
-7.324354
-9.253979
-5.975884
-10.778944
-12.535095
-6.064071
-10.021145
-10.457178
-5.665809
-7.174827
-7.877475
-8.302144
-8.635160
-10.851425
-6.503553
-10.117310
-7.138881
-8.472731
-7.532906
-5.950541
-7.243624
-11.293597
-8.946769
-9.513594
-6.384846
-8.769948
-10.002295
-6.810370
-6.088820
-7.799626
-9.217134
-6.761871
-11.878804
-9.385564
-7.626992
-6.726730
-6.850955
-8.480906
-7.058071
-7.370888
-9.824183
-10.317219
-7.818701
-9.651150
-9.456606
-7.358762
-7.507720
-8.907559
-8.948861
-10.249442
-5.294961
-9.747737
-5.503324
-7.087383
-9.232807
-7.917947
-7.963938
-7.110140
-6.507676
-7.065162
-5.996264
-2.410532
-8.122196
-4.465961
-4.068118
-6.587178
-6.648969
-10.084676
-4.762969
-10.364079
-8.331361
-9.098575
-7.941720
-8.622048
-9.917871
-6.326529
-6.920099
-8.118020
-10.337503
-6.062479
-9.799685
-10.813508
-7.769225
-8.215536
-6.873229
-9.620508
-9.539892
-5.485071
-9.578214
-6.754425
-7.795051
-8.454396
-9.452806
-10.093503
-10.770031
-7.711462
-8.817118
-8.810987
-7.757588
-7.514715
-8.077658
-7.269849
-5.070737
-5.722260
-6.957640
-10.479450
-6.931161
-8.914685
-9.596997
-7.462652
-7.843896
-8.681819
-6.892385
-10.365396
-8.466071
-7.413349
-5.037497
-2.293444
-9.770285
-8.956911
-7.936342
-7.966093
-7.057780
-5.977274
-3.322371
-7.066741
-10.767811
-10.892673
-6.840220
-6.062577
-10.078042
-9.216832
-7.547142
-6.412052
-8.678452
-6.568167
-6.265664
-8.335941
-6.065706
-6.494276
-8.647923
-7.499762
-9.463926
-9.130092
-6.467516
-5.082464
-8.925948
-8.686445
-9.052707
-9.287054
-8.556974
-7.867692
-10.780029
-9.252850
-7.031780
-7.337703
-9.713169
-5.665822
-8.121992
-7.764296
-5.792136
-8.229639
-7.462016
-5.688929
-5.646545
-8.261172
-11.631018
-6.849841
-9.437704
-8.836952
-8.550843
-9.732679
-9.403511
-3.956099
-6.905695
-8.478771
-9.644554
-9.161309
-7.557949
-7.238962
-6.290770
-10.515421
-7.659451
-7.271430
-6.391606
-5.909325
-7.111077
-6.838613
-9.847785
-9.180994
-6.554801
-10.118343
-9.644767
-9.365288
-8.569921
-8.815099
-9.754347
-8.614548
-10.970683
-9.116096
-8.338532
-11.226661
-9.274694
-7.280686
-9.288571
-8.469359
-9.318914
-8.009640
-7.389376
-6.887363
-8.263151
-5.980221
-7.489912
-6.163535
-8.434253
-11.730286
-9.491901
-9.008965
-9.799316
-8.643939
-3.251667
-7.204973
-9.972155
-8.828570
-9.837925
-6.691540
-8.651910
-6.998490
-9.627223
-6.217994
-10.308459
-12.882579
-9.987086
-8.721469
-8.817312
-6.730192
-6.334895
-7.056117
-5.726829
-4.709655
-8.034951
-7.513765
-7.900409
-7.719765
-6.041303
-10.263531
-6.715118
-11.105604
-8.486763
-6.998055
-7.543883
-9.197849
-9.669405
-7.366859
-8.540056
-6.716338
-10.167873
-9.049929
-9.174981
-7.552003
-7.155966
-10.486819
-8.881333
-5.392208
-9.472070
-5.465937
-9.345233
-7.861642
-6.439110
-8.805344
-7.202312
-5.886724
-6.411546
-8.434267
-10.434848
-8.105506
-10.106905
-10.789701
-12.375421
-4.960897
-5.522168
-9.217660
-10.354137
-7.660203
-4.995334
-7.267864
-6.322448
-8.466208
-10.107618
-6.425393
-9.171741
-6.838489
-9.015724
-5.258831
-6.502244
-6.299608
-7.244903
-8.978399
-10.708979
-6.871868
-8.426328
-6.679842
-9.079899
-7.454488
-11.041677
-4.680965
-9.320571
-5.177629
-5.260689
-9.735374
-8.876424
-8.371732
-10.427450
-9.056957
-6.709320
-9.289281
-9.262655
-6.134164
-6.471250
-8.697867
-8.488171
-4.393407
-7.953356
-8.616402
-7.257066
-10.548416
-6.063053
-6.589069
-8.906712
-9.537854
-9.513165
-9.196583
-6.196465
-7.631308
-6.116398
-9.206141
-8.132853
-8.353053
-10.790072
-5.123188
-9.201355
-8.853853
-7.784732
-7.352658
-11.324650
-10.180912
-9.006212
-7.069144
-8.263535
-8.570456
-8.275723
-11.497320
-10.199473
-8.974939
-7.357858
-10.330949
-8.124932
-5.654807
-12.180775
-9.934547
-6.034303
-11.130291
-8.604271
-12.381300
-7.723014
-9.143831
-8.367289
-6.899786
-10.793782
-11.148949
-7.751582
-8.665486
-8.078453
-7.939621
-5.598460
-7.154483
-6.514940
-5.748235
-4.419210
-8.678041
-9.920765
-6.777902
-7.837293
-8.426826
-6.495624
-6.932111
-7.339468
-9.877940
-6.193326
-12.079606
-7.580479
-6.501505
-6.997254
-11.346209
-7.436328
-11.052051
-8.464880
-9.514351
-6.991964
-9.354393
-9.037716
-6.023010
-7.216577
-9.116618
-6.770563
-3.698229
-7.478873
-8.786831
-6.751712
-10.250111
-10.330156
-8.217160
-6.662448
-10.459706
-8.476237
-6.316238
-7.660113
-5.246933
-11.641542
-9.816813
-5.917107
-6.962216
-7.519928
-5.438567
-8.491275
-6.941826
-10.211838
-6.685812
-9.606346
-5.922865
-6.271879
-9.808107
-8.707076
-4.977920
-10.035833
-7.435045
-6.204244
-6.445550
-8.061968
-5.947189
-11.242026
-6.651423
-5.654648
-8.109381
-7.351508
-8.925748
-8.032345
-7.814592
-9.132947
-6.298108
-6.314237
-8.355597
-6.664099
-7.927986
-9.455991
-5.740608
-11.747763
-9.533709
-7.701067
-10.810099
-8.612088
-9.240260
-7.737813
-7.118912
-10.256982
-4.212257
-8.266197
-11.406075
-8.996918
-5.207036
-7.978375
-10.060469
-6.682182
-7.531489
-9.601824
-7.817061
-8.769804
-9.536324
-8.381242
-14.321025
-6.596321
-7.395794
-4.354538
-8.284190
-7.602130
-9.413116
-9.734933
-8.162541
-7.398684
-8.063360
-8.674683
-9.052156
-8.964876
-6.183000
-7.976437
-9.512497
-7.202132
-15.129251
-8.885151
-9.136319
-11.029984
-8.570473
-5.723628
-2.770422
-9.056755
-6.545906
-7.237434
-7.820176
-9.150339
-7.285217
-9.258911
-8.615266
-8.020822
-5.916739
-7.623030
-5.815915
-8.763238
-7.785890
-6.524755
-7.428439
-8.725313
-8.089850
-11.523379
-9.869739
-7.387980
-6.494747
-7.373748
-10.724334
-6.480129
-7.135088
-6.294840
-8.082598
-7.511252
-8.895145
-6.981623
-7.004817
-6.361692
-9.159375
-5.479130
-8.018432
-6.770830
-7.678480
-8.785580
-8.507430
-8.430097
-7.196267
-7.349270
-10.486624
-7.649659
-7.884676
-9.104387
-10.105658
-6.434876
-7.172693
-8.582406
-7.107535
-9.450062
-11.558270
-9.260394
-7.536304
-8.014585
-8.177621
-8.620607
-7.636982
-8.471575
-11.382765
-6.776991
-7.474058
-7.891012
-8.444126
-8.655980
-8.113247
-7.023737
-9.314653
-7.835012
-6.877063
-8.383632
-8.853848
-7.707420
-10.031309
-9.616612
-5.184919
-5.920790
-9.783035
-6.585021
-8.971704
-5.647282
-7.066231
-10.918818
-8.881780
-15.959228
-9.189238
-6.512083
-10.942301
-9.505821
-9.115996
-7.187143
-5.082766
-9.268909
-10.604649
-12.217998
-7.342284
-7.785301
-5.908571
-7.680184
-5.193915
-5.253219
-8.394008
-8.787462
-9.670506
-8.798130
-6.991651
-9.248972
-9.038567
-8.357971
-10.252273
-10.877946
-6.197461
-7.838280
-8.247321
-7.433085
-6.520497
-7.071606
-7.820409
-4.906001
-8.476747
-6.847554
-5.576725
-6.422445
-5.763750
-6.891734
-7.652777
-6.186831
-5.642863
-7.007065
-7.526011
-6.662064
-11.228237
-8.854206
-8.699669
-8.801481
-5.414083
-7.318235
-7.243231
-8.780231
-8.186035
-9.337017
-10.459794
-9.377119
-9.964458
-8.736049
-8.214114
-5.749094
-6.357617
-3.964395
-8.941158
-9.286361
-10.384032
-7.038851
-6.618689
-7.829202
-8.372955
-7.598111
-8.800185
-7.888934
-5.982731
-5.907776
-9.462834
-5.827354
-11.348462
-10.077127
-9.076277
-9.754056
-8.274088
-10.040449
-6.181411
-9.066676
-7.281094
-7.446494
-7.914677
-11.270125
-7.549517
-6.850498
-8.123867
-9.136732
-9.445607
-5.199789
-6.487419
-8.540297
-5.999551
-6.906101
-7.206059
-8.251255
-10.779427
-10.234986
-7.038090
-5.382046
-8.082128
-8.588127
-9.314404
-7.632473
-9.441944
-5.453553
-9.687000
-7.535629
-10.873316
-8.012532
-6.870740
-6.753074
-11.818596
-9.711859
-8.466454
-5.650658
-7.990860
-6.161805
-8.791028
-8.199405
-11.357735
-7.149229
-5.300431
-9.339609
-7.724250
-4.870350
-10.098104
-9.960370
-9.589910
-11.881439
-6.497849
-8.380581
-7.116534
-9.900488
-7.918205
-9.002375
-5.555925
-11.601644
-3.465518
-8.170277
-6.510606
-9.332039
-5.913538
-8.635812
-9.417037
-7.870080
-8.851776
-5.814603
-8.738137
-9.305231
-5.905227
-5.632020
-7.547208
-3.926485
-7.725877
-5.561471
-7.510551
-10.607949
-7.152394
-5.617196
-8.098066
-5.159835
-6.174939
-8.369854
-9.862823
-6.295732
-10.445014
-7.723024
-9.661798
-8.328982
-6.279428
-10.037963
-5.567996
-10.921373
-9.040762
-5.743999
-7.368817
-8.997647
-6.594860
-6.170655
-5.633902
-5.637102
-10.517086
-7.119617
-8.318788
-9.349852
-9.430152
-9.678215
-11.443505
-6.661212
-11.375503
-7.664119
-12.343299
-7.823007
-7.924875
-11.402004
-6.271447
-8.378539
-8.724343
-6.835266
-6.937953
-9.878687
-6.627924
-9.040261
-6.964147
-9.165287
-6.681872
-8.076330
-7.482461
-7.725084
-7.655040
-8.262582
-7.925581
-5.654814
-9.147765
-8.162557
-11.847374
-8.618454
-5.057602
-8.859128
-7.993745
-8.781927
-12.691782
-7.534760
-7.911355
-10.125035
-8.277869
-7.104021
-8.824324
-5.094492
-7.625603
-9.316408
-5.382866
-11.034781
-7.434857
-8.447833
-10.677139
-8.974171
-6.831888
-8.842939
-7.895255
-8.727067
-8.401188
-9.019450
-8.841704
-11.446651
-8.345263
-10.522486
-8.386864
-7.244592
-7.470520
-10.020477
-5.919616
-7.217615
-4.416586
-5.920088
-6.813010
-9.325202
-7.579035
-9.566594
-7.298100
-6.020099
-7.349658
-5.235513
-7.881616
-7.848368
-8.360083
-6.830279
-11.674423
-9.596204
-6.370417
-9.803077
-13.052925
-10.684975
-8.507124
-7.480614
-8.705440
-10.659187
-3.917940
-9.971276
-8.565907
-10.687575
-7.097585
-8.172996
-6.130921
-10.537743
-5.315065
-11.009238
-7.008911
-11.454526
-6.355986
-10.226050
-7.263619
-9.163305
-8.719961
-7.813047
-6.757474
-7.262964
-7.756113
-6.661111
-11.268272
-10.763176
-9.407650
-8.416089
-11.024886
-7.282532
-8.365042
-8.066881
-10.875684
-6.134545
-8.660435
-8.039431
-6.951703
-9.693813
-6.938361
-5.310869
-8.909424
-3.738992
-10.632322
-7.184216
-8.337347
-7.213255
-12.104673
-7.856259
-9.660324
-5.531486
-7.278927
-5.237774
-7.970806
-7.546832
-11.243198
-7.276279
-9.761267
-9.620390
-9.271254
-11.187093
-9.840943
-8.488448
-8.074995
-16.842756
-7.500974
-10.920916
-8.848954
-7.593646
-3.956982
-8.560486
-9.629431
-9.469833
-8.950979
-6.200707
-10.496210
-8.813641
-8.651197
-7.912198
-10.813889
-10.170068
-8.193228
-10.204296
-8.555127
-9.368396
-6.757465
-8.222048
-8.834079
-7.267319
-9.918930
-10.443658
-8.147981
-7.313659
-5.472118
-9.825554
-4.718129
-7.762753
-6.852682
-8.617623
-9.973381
-9.959324
-10.093877
-7.343843
-7.071733
-9.387817
-6.792214
-8.771115
-6.359257
-9.287032
-8.565052
-7.961472
-9.075494
-6.345079
-9.099640
-6.048046
-8.957928
-9.241217
-6.969324
-7.660219
-9.946185
-10.222589
-10.886461
-8.940536
-10.787122
-12.502551
-8.213299
-7.602891
-7.593414
-7.069539
-8.266531
-8.831357
-4.582121
-10.604577
-8.137637
-9.271571
-8.547277
-7.844830
-9.090203
-6.282404
-10.401217
-10.947493
-4.174677
-7.450980
-8.203092
-9.691788
-16.862478
-8.589722
-10.499018
-9.463176
-8.636414
-9.176618
-6.518674
-8.852882
-8.809407
-8.553247
-10.081705
-8.607554
-16.062046
-9.758676
-5.896533
-9.043130
-9.784981
-7.715904
-8.477491
-8.233366
-5.020548
-11.021523
-3.657120
-8.980706
-9.180066
-8.190293
-8.139680
-8.864579
-8.619097
-7.292668
-6.853838
-6.035374
-9.180905
-6.549531
-7.250208
-7.308517
-7.496922
-5.942414
-8.420706
-8.466005
-7.894147
-8.656771
-8.635672
-7.372293
-8.384703
-6.698987
-7.635311
-7.072478
-8.767471
-7.465347
-7.534019
-7.129874
-9.574604
-7.857542
-9.559186
-7.713059
-4.794036
-9.911611
-5.949553
-8.867963
-4.745317
-6.246188
-8.496833
-10.516388
-9.067621
-5.006421
-7.692125
-9.656545
-11.054098
-7.066507
-9.027399
-7.217263
-9.416611
-6.704353
-11.473372
-10.040532
-8.771716
-7.728614
-9.128765
-7.705678
-6.537157
-7.096230
-4.716528
-6.767806
-9.052207
-8.764765
-6.948700
-6.456597
-8.306574
-6.866314
-10.070841
-10.059140
-8.611067
-10.711736
-8.524006
-6.990714
-8.689941
-7.243531
-8.193426
-8.901847
-8.150599
-8.291644
-10.444179
-9.416274
-7.782354
-5.564381
-4.208280
-11.262838
-7.472597
-11.192452
-8.830606
-9.626196
-8.371851
-6.961564
-9.108801
-8.910637
-7.301760
-9.807077
-7.143490
-10.003102
-8.339620
-10.267564
-8.461353
-8.906197
-6.235408
-7.807745
-7.085222
-10.638174
-6.168686
-10.199179
-7.463774
-6.251315
-8.673667
-7.301373
-6.039954
-8.120678
-7.676269
-8.169733
-9.975304
-6.612741
-7.764295
-6.797393
-9.657635
-8.568764
-8.066872
-6.592560
-6.786969
-8.907443
-7.875849
-5.560359
-11.475734
-7.816304
-8.797724
-9.441242
-8.086589
-9.768732
-8.513721
-8.351665
-13.417261
-7.759637
-4.627284
-9.300315
-8.951772
-7.775906
-9.604044
-9.462940
-7.779724
-11.391847
-5.763314
-7.530589
-7.441399
-6.745656
-11.956545
-8.487181
-5.510117
-6.813473
-7.462734
-10.550936
-9.739120
-11.210031
-10.723658
-5.335629
-7.506917
-9.500584
-4.806423
-9.464816
-8.842989
-7.902949
-5.555177
-8.510467
-5.871153
-6.730263
-8.982111
-8.566405
-7.074152
-6.242894
-7.424298
-7.037745
-10.223965
-5.428212
-8.514508
-9.494039
-9.531577
-7.199032
-4.263966
-8.373775
-5.189758
-9.655087
-8.650615
-7.103621
-6.609408
-5.418983
-6.851632
-6.450067
-10.991166
-9.124060
-7.893252
-5.991293
-8.969046
-7.971156
-9.462872
-8.252763
-10.448233
-23.500938
-7.105364
-3.987743
-6.744895
-8.446714
-9.052365
-8.170341
-10.177059
-10.226012
-8.203156
-4.236475
-7.659985
-10.698522
-6.809083
-8.694739
-9.303506
-6.799679
-11.415141
-7.787635
-10.261077
-7.037053
-7.451872
-9.225389
-4.656332
-10.893001
-8.273203
-10.522664
-8.187254
-6.274232
-4.882877
-9.691023
-8.358213
-8.202471
-9.339397
-6.260318
-5.140831
-7.465057
-10.545050
-7.871160
-8.215361
-10.429265
-9.048739
-8.718976
-6.943457
-5.842271
-8.144525
-10.179223
-3.980865
-7.183753
-10.771246
-7.185582
-5.825970
-5.674618
-7.550021
-6.532443
-7.633702
-7.398460
-7.167537
-9.566578
-7.881065
-7.783990
-11.795484
-6.625972
-7.457185
-6.853874
-5.059765
-8.592154
-6.918520
-11.563403
-8.376068
-6.302493
-5.954455
-9.559328
-8.080389
-8.090440
-7.272120
-7.203946
-6.289558
-7.580803
-6.367940
-11.805551
-9.585032
-7.563618
-7.322094
-7.577601
-10.850216
-5.275291
-6.579877
-4.453821
-11.220687
-6.383859
-10.572192
-8.069673
-8.996614
-5.194656
-7.694464
-10.846934
-8.282726
-5.099795
-6.235962
-10.071191
-5.374279
-6.943707
-6.671372
-5.883801
-8.504976
-7.254503
-7.311987
-9.623199
-11.033455
-7.716589
-8.894921
-10.026097
-3.587633
-9.911078
-8.825351
-5.638475
-8.182125
-9.209604
-26.440891
-7.684093
-8.603690
-9.753677
-8.398426
-6.716328
-9.128162
-3.826111
-9.401037
-7.554755
-8.259386
-8.616225
-8.516331
-8.799607
-9.108082
-9.375287
-9.247396
-8.112414
-6.714590
-9.377350
-9.968558
-7.046906
-5.694605
-10.980811
-7.356070
-7.862292
-6.134530
-7.240142
-4.928051
-6.413907
-9.709280
-7.449719
-8.994331
-8.039356
-8.777435
-8.470592
-5.421591
-8.311440
-7.168943
-9.046905
-6.750200
-5.594945
-12.024399
-8.727628
-7.654746
-7.081407
-9.285574
-9.667645
-7.625379
-8.548464
-10.364324
-5.680608
-7.770595
-9.515511
-6.637864
-9.860733
-9.180145
-9.337292
-10.777183
-10.859528
-7.860029
-10.767159
-9.273558
-9.095155
-6.049947
-5.850904
-9.358746
-8.092571
-10.621889
-9.137636
-7.614238
-8.664255
-5.375181
-10.122961
-6.466915
-9.371236
-4.291955
-6.464919
-5.364354
-19.550299
-8.173727
-7.412920
-7.912847
-10.177080
-7.125035
-7.079661
-10.230186
-8.884213
-8.854283
-7.765044
-8.679358
-10.076136
-10.406611
-8.275064
-35.843204
-8.974950
-11.971321
-9.098165
-8.169048
-8.394785
-8.701295
-8.626873
-11.710285
-10.391094
-9.219723
-7.403354
-9.707175
-9.365517
-8.590085
-10.117993
-7.002751
-8.855626
-9.489773
-7.356779
-7.603648
-9.809641
-9.146326
-6.158191
-10.771679
-6.495063
-6.037553
-7.461653
-7.962742
-7.232931
-7.588656
-6.728967
-8.602087
-10.073236
-8.579226
-7.999878
-11.733092
-8.585382
-8.612520
-8.492357
-13.212691
-9.443105
-6.173492
-6.800911
-5.371094
-6.342053
-11.314135
-5.715412
-11.308963
-9.116150
-10.343104
-4.951506
-10.828082
-10.305041
-6.318357
-7.202044
-10.242908
-8.471072
-6.090741
-5.846778
-8.807789
-5.824077
-5.293312
-6.439308
-6.278127
-7.729436
-7.510098
-5.822885
-7.318635
-7.324956
-7.405729
-10.757693
-6.931675
-6.630062
-7.826380
-10.761551
-8.557590
-9.341432
-11.262197
-8.805186
-10.400928
-7.059164
-12.429959
-7.665001
-5.714352
-9.846167
-7.088322
-9.574122
-5.998230
-7.857177
-10.595550
-6.219755
-10.266335
-7.703379
-10.934190
-5.855472
-7.974175
-9.759104
-10.699854
-10.897485
-4.121279
-8.574859
-12.306175
-5.398108
-8.903477
-9.251442
-10.256347
-5.140980
-5.829641
-8.395324
-5.536498
-7.120350
-8.655783
-9.416611
-9.205235
-13.083311
-6.389032
-9.347532
-6.518116
-8.090350
-10.148833
-11.355957
-11.341268
-8.895575
-8.657664
-9.299611
-8.419992
-6.141022
-6.025282
-7.854612
-6.716788
-11.292710
-8.260691
-8.337569
-9.439332
-7.476314
-8.279984
-8.959432
-7.053659
-7.897745
-6.862736
-11.560534
-9.810543
-6.983919
-7.837118
-9.718902
-9.580887
-7.231777
-4.581161
-10.188725
-4.046201
-9.423798
-11.913630
-5.899131
-9.000299
-9.437517
-8.537601
-8.107856
-5.727684
-10.554543
-5.629118
-10.467475
-7.410252
-7.196251
-8.761177
-6.477883
-9.971601
-9.655780
-9.035597
-9.693884
-10.511424
-9.531188
-8.197384
-7.465133
-9.645124
-7.051712
-10.739058
-10.888127
-4.189730
-8.020545
-10.286685
-10.819340
-7.786303
-8.066730
-10.227211
-6.883414
-8.408644
-6.720979
-6.544317
-6.770092
-6.354256
-9.638113
-4.997319
-7.521335
-8.570135
-8.719218
-9.708876
-7.967731
-9.067348
-7.802392
-5.650839
-6.571133
-8.926006
-8.874279
-9.854173
-6.963607
-11.975443
-8.108927
-6.904039
-7.547404
-8.051157
-7.769261
-6.527967
-11.158596
-8.555368
-11.026565
-10.707511
-8.374926
-5.839694
-7.689412
-6.819921
-8.212106
-9.307229
-9.252707
-8.229371
-10.538789
-5.910144
-8.319685
-7.146222
-11.181034
-8.638024
-7.035063
-9.897367
-10.586115
-11.265238
-8.379594
-11.169508
-6.764264
-7.866997
-7.746414
-7.695073
-10.784350
-11.203900
-6.447176
-5.605106
-10.173295
-7.395277
-8.656174
-7.849673
-8.346605
-5.315622
-7.626088
-10.539445
-6.826936
-7.460086
-9.659282
-8.552088
-6.850235
-10.295224
-8.745541
-8.127403
-3.729628
-7.565706
-5.532068
-6.868167
-8.744599
-9.346861
-7.283272
-8.376694
-7.543420
-8.463622
-8.435396
-8.968119
-9.121254
-4.485224
-11.442770
-9.810312
-7.715219
-9.188982
-8.745044
-8.749770
-9.868244
-9.107774
-7.121468
-7.383682
-7.432200
-7.043961
-10.614962
-7.029977
-7.739297
-9.575352
-9.735133
-8.660124
-7.570158
-5.674898
-7.166712
-7.998429
-9.677206
-10.516788
-6.480539
-8.700948
-6.337944
-8.587153
-7.441361
-10.442046
-7.572306
-6.642554
-6.573860
-6.928435
-8.253521
-9.298020
-6.859440
-7.321839
-7.306761
-8.885772
-6.577919
-10.123653
-6.948436
-11.616056
-9.838546
-9.821660
-4.584033
-10.380961
-8.586336
-10.071730
-7.414770
-7.262110
-6.750412
-10.111201
-10.741021
-6.655144
-7.062262
-7.210751
-10.569390
-6.075176
-6.127891
-9.708982
-6.904873
-7.130946
-8.049149
-4.285873
-7.592388
-7.238467
-7.353808
-10.752300
-6.921822
-7.935011
-6.652454
-9.404110
-8.228357
-6.571454
-8.983352
-9.465937
-11.204453
-9.167139
-22.821243
-11.489874
-9.840744
-7.316298
-7.962634
-6.513463
-8.959220
-9.179819
-9.858155
-9.469437
-6.107565
-8.126927
-8.417704
-8.335981
-10.063796
-9.326194
-9.485394
-9.298007
-8.522731
-10.268989
-6.983887
-4.921094
-7.316332
-7.972886
-7.701311
-3.458479
-9.162891
-9.049841
-10.436446
-13.332622
-8.332560
-8.899633
-7.753801
-8.285879
-6.954304
-6.818455
-7.954809
-8.354074
-8.814493
-7.049760
-8.499230
-9.562748
-7.206557
-7.054360
-9.392662
-9.103427
-9.459414
-8.610895
-8.345437
-11.149742
-8.651612
-12.232083
-10.200581
-8.620049
-9.772085
-5.611040
-8.454667
-6.682792
-8.705345
-4.936735
-7.931609
-5.689806
-7.568534
-9.983109
-8.897244
-9.366549
-5.804347
-7.558542
-7.843937
-8.637893
-4.063157
-7.768353
-8.210230
-9.665004
-6.710450
-7.893065
-9.539284
-7.456908
-8.920388
-7.365341
-7.968077
-8.427753
-9.360327
-8.442719
-9.133096
-9.431520
-6.922973
-10.502277
-4.556885
-7.706765
-8.140497
-6.097178
-7.850775
-8.151281
-9.012609
-6.067879
-9.265241
-8.453961
-9.334764
-6.953585
-6.547883
-5.860869
-8.731352
-3.735676
-5.031404
-5.807303
-3.976194
-9.401981
-10.551657
-8.276402
-8.667944
-7.081716
-9.309010
-8.427778
-9.945551
-10.925745
-6.141767
-32.935375
-9.852471
-9.166304
-8.909457
-6.295388
-9.342919
-11.767226
-9.728275
-9.312708
-8.113016
-8.094244
-7.507592
-9.698990
-8.222789
-7.146375
-7.312510
-8.118669
-6.362381
-8.356560
-8.459372
-11.766180
-9.746925
-8.248924
-11.565453
-7.067852
-10.265729
-10.612876
-6.871086
-8.611235
-7.730664
-9.833548
-10.050098
-7.160421
-4.637032
-10.200135
-5.503038
-7.103944
-6.863811
-5.387000
-8.056789
-8.269007
-11.344823
-5.210937
-7.560841
-7.938409
-11.121910
-8.795346
-6.668044
-8.057198
-7.911882
-7.643453
-11.190917
-11.198310
-9.175546
-11.951765
-10.995032
-9.997267
-8.416661
-8.148845
-11.268226
-6.689283
-9.307205
-11.325491
-8.624810
-11.971801
-8.455074
-7.716859
-8.089432
-7.315127
-6.866849
-7.347097
-7.760829
-9.497644
-8.856974
-8.789244
-8.937823
-10.984632
-7.101815
-9.464863
-8.592691
-7.339907
-6.142389
-10.539187
-8.728292
-9.584010
-9.528473
-5.808923
-9.585439
-8.452734
-13.455963
-8.519329
-11.580321
-4.097159
-8.485773
-6.284233
-8.865170
-10.786574
-8.692293
-11.404878
-9.699000
-10.247133
-7.366338
-9.657956
-8.322831
-9.244946
-8.207733
-10.020148
-9.361991
-8.781919
-8.937481
-8.520465
-6.354063
-8.007069
-6.823946
-8.194827
-9.277567
-7.198693
-6.471417
-7.513504
-9.864914
-5.716441
-9.831769
-8.601039
-8.335843
-6.441318
-8.201746
-6.049118
-10.113756
-10.658278
-8.092125
-7.110608
-12.603168
-7.194538
-9.035854
-9.005227
-9.453474
-9.173862
-8.662755
-7.696552
-10.617200
-11.844610
-8.448633
-9.418322
-6.784224
-5.786109
-5.642811
-6.122670
-8.240126
-6.432960
-6.796741
-5.211463
-6.416133
-8.979296
-9.143170
-6.736410
-6.864691
-6.681587
-8.357821
-11.050720
-10.028301
-11.600088
-7.538470
-7.049912
-10.847662
-8.815165
-9.857179
-6.177208
-10.133307
-5.980682
-6.191067
-5.811290
-6.711268
-7.162639
-8.128901
-8.204803
-9.256956
-6.130903
-10.191807
-8.119514
-8.048569
-7.894782
-7.160122
-7.872591
-7.374945
-5.530056
-8.157961
-8.041924
-6.696837
-8.835878
-9.661868
-9.180734
-12.161665
-10.242381
-5.306184
-8.971289
-6.143157
-8.883062
-10.840021
-10.164664
-8.224659
-6.806283
-7.966010
-7.292736
-9.231225
-11.040504
-9.380436
-11.045337
-6.688955
-9.187743
-13.062485
-6.963468
-6.276946
-6.950113
-5.914805
-7.927198
-5.595900
-5.108109
-7.059155
-8.474846
-7.173661
-7.514227
-8.592454
-6.866386
-8.412096
-6.252307
-7.145930
-8.776962
-8.825887
-7.794480
-10.378491
-7.726216
-10.015945
-8.515644
-10.603326
-11.594778
-8.004086
-8.971240
-8.954055
-8.542967
-6.862079
-7.235581
-6.453039
-6.368237
-9.362855
-7.622947
-6.658691
-10.214611
-7.024478
-5.122374
-8.182163
-8.443554
-10.527182
-7.898396
-5.941274
-4.956050
-8.583220
-9.653172
-7.273774
-7.073033
-4.899837
-5.281565
-5.643061
-6.203465
-12.431278
-9.694393
-8.882190
-9.056964
-10.352078
-7.860648
-8.293736
-8.721206
-8.256777
-9.296244
-8.431710
-7.040384
-8.998790
-10.719075
-9.858933
-5.870740
-5.226164
-8.145981
-6.984049
-9.188654
-11.887478
-24.135132
-11.058544
-9.453307
-7.815331
-7.413487
-7.662350
-7.374086
-7.209407
-5.361105
-8.571321
-12.408249
-6.341543
-8.583143
-8.106764
-9.333253
-8.783271
-10.182705
-8.797100
-9.696123
-11.329845
-6.669721
-8.213995
-6.332325
-9.766903
-10.910211
-3.838435
-8.001388
-8.928308
-10.203805
-7.469704
-5.738226
-9.446731
-10.146524
-7.795692
-8.212859
-8.365963
-8.417039
-8.964939
-6.873350
-8.786786
-9.061441
-8.834133
-8.662347
-10.404757
-9.266699
-30.993494
-6.128150
-10.311963
-11.066513
-6.427495
-8.368383
-7.723675
-3.309434
-7.358139
-9.571180
-9.208075
-11.303675
-5.720612
-11.123337
-10.171715
-10.913924
-7.479404
-6.496089
-8.823143
-5.494131
-5.871695
-8.026006
-6.297855
-7.799922
-7.445886
-6.402630
-4.918041
-8.437346
-4.940185
-6.379496
-6.780869
-9.549557
-7.240996
-11.158479
-7.111053
-9.386940
-11.127436
-9.928186
-7.748652
-7.707969
-10.369359
-5.925039
-4.987684
-11.244624
-10.925625
-8.998711
-6.637776
-9.297525
-8.790816
-7.674117
-11.568710
-10.040000
-7.262804
-9.364222
-8.773714
-6.877399
-8.366304
-7.755827
-9.452429
-7.341122
-6.026118
-7.381577
-8.046810
-8.611052
-11.710267
-7.977145
-7.730730
-10.562009
-9.924479
-6.403908
-6.423324
-10.541629
-9.163184
-6.597385
-11.171534
-7.483961
-9.533241
-6.688320
-5.581066
-10.043348
-8.863256
-5.188475
-6.807343
-8.969859
-9.205841
-8.211536
-8.026946
-9.332493
-7.762804
-5.644145
-8.825506
-12.281142
-9.481750
-8.744949
-9.018074
-10.479836
-3.755383
-6.037951
-10.609387
-9.317818
-10.033000
-8.873789
-7.321125
-7.164779
-10.772536
-10.856679
-7.136137
-3.204463
-2.368689
-1.052904
-4.180101
-2.097806
-2.667063
-6.125438
-3.157961
-0.316247
-4.578010
-0.714535
-0.854765
-2.716396
-2.682447
-4.086816
-2.340060
-1.765165
-4.111651
-2.304787
-2.751609
-4.319458
-5.250612
-3.505503
-1.350884
-1.388171
-2.335108
-4.751910
-8.430781
-3.540961
-2.733800
-2.006558
-2.670720
-5.701213
-4.510238
-6.738140
-1.969908
-8.873005
-6.464068
-5.981632
-6.023203
-5.532311
-5.788959
-4.600024
-5.393472
-6.996343
-7.257732
-5.843609
-6.621951
-6.193181
-7.003848
-2.711640
-6.918964
-7.884624
-5.522981
-4.073588
-8.073930
-8.208966
-6.573769
-4.661723
-5.530843
-5.233318
-7.977170
-5.349945
-6.123370
-3.960667
-4.124055
-7.509448
-5.481382
-7.237029
-7.768760
-6.980817
-5.167913
-9.861471
-7.934250
-7.137549
-3.076585
-6.163797
-6.039967
-7.921910
-3.140072
-3.044647
-7.465301
-4.897890
-8.844470
-6.855205
-6.389814
-4.779653
-6.385140
-7.894181
-10.063716
-7.208450
-5.270815
-6.609159
-9.654423
-2.494399
-6.033971
-4.695951
-5.295333
-5.312018
-7.211752
1.252717
-3.358391
-4.126552
2.025795
-0.573098
-5.564242
-2.213814
-2.959654
-2.037911
-3.458216
-2.635281
-3.160264
-1.204149
-2.469948
2.077315
-5.641586
7.641070
4.049038
-3.190751
-2.782218
0.446165
1.168694
0.964047
0.774974
2.427554
1.837199
7.806390
1.490312
0.623994
1.734508
0.998835
1.046156
0.832842
1.431922
1.819172
0.984681
0.589447
5.796445
-5.412210
0.887573
2.572778
6.310403
2.757890
0.936167
0.910758
1.785485
1.542105
1.020485
1.090400
2.708086
1.503819
1.295905
1.139796
1.571225
2.279535
1.338483
1.470791
0.586133
0.161789
0.882216
1.430621
1.767100
1.755034
2.127916
1.051067
1.166276
1.390565
0.246512
0.544341
0.999863
1.114801
1.723405
0.952957
1.737299
2.256546
1.339182
0.959978
1.781932
1.418342
0.820036
0.930294
1.552983
1.412181
0.784708
1.249122
0.808707
0.697322
1.515276
-4.474590
0.952097
1.413924
1.212195
0.403508
0.792084
1.379910
2.296664
1.668783
1.810016
1.079744
0.263575
1.631987
1.474611
0.645875
0.896491
0.926020
0.864572
2.131985
1.274801
1.197519
1.565156
0.687233
1.057308
1.611057
1.942696
1.168906
1.734354
0.574574
0.561378
0.377859
1.173729
0.690347
1.255641
-7.130594
1.898237
-3.333697
0.988478
2.265076
1.287272
0.957982
0.979891
0.260895
1.757766
0.966336
1.612159
0.761624
0.412021
1.138286
0.238128
1.209392
2.094388
1.177052
0.835640
2.624960
1.244399
1.046673
1.462050
0.718429
0.804427
0.990432
1.877842
1.103179
1.179879
-7.807613
1.046172
-2.980194
1.385690
-3.477869
-0.575686
-2.969892
0.849974
0.641779
-2.225380
-1.109703
1.403397
-0.189830
-1.797473
-2.249357
-1.495583
0.001146
-1.878416
-1.214221
1.305571
2.517401
2.757702
3.528137
0.823077
2.069998
-1.407205
-2.102632
-0.084241
-0.445536
1.990855
-1.466092
-0.652356
1.156335
1.174845
-1.734496
0.808511
-1.472658
-1.081712
-1.360593
-0.971326
-2.201934
-0.780670
-0.583552
-1.079384
-0.629410
0.987824
0.571472
-0.113667
2.916780
2.357404
1.905725
3.757956
1.870534
3.203466
0.287646
1.015823
1.602304
2.553452
-2.216416
2.632039
2.337848
0.403907
0.999693
1.407727
0.083558
1.403669
-0.691767
-0.459563
0.651127
0.924152
-10.161925
-3.974939
-6.008096
-7.906038
-0.790028
-3.981735
0.211175
-1.291456
-3.686068
-4.093921
-1.643918
-0.317877
-6.573503
-3.841472
-3.876606
-2.752838
-1.588672
-0.055394
0.320048
-1.254055
-5.246280
-2.841503
-2.420073
-4.415272
-3.354697
-2.706086
1.736825
3.120572
4.792740
0.722647
-4.852597
-3.552361
-3.251497
-6.724503
-6.745721
-5.220677
-4.014692
-4.846933
-4.234679
-4.665155
-4.326509
-3.381444
-5.311674
-3.151276
-2.971059
-9.291511
-9.111451
2.273106
2.232929
1.886831
5.340074
0.120306
1.176750
0.460929
1.566182
1.459270
1.802811
2.079928
0.326462
0.531236
0.896348
1.498082
-1.175773
1.950838
-9.599592
-0.438556
3.074477
-2.065794
-6.580207
-2.049325
1.832942
-0.848042
-2.970541
-3.603038
-9.179420
-2.410125
-3.349555
-10.787068
-2.214805
2.129271
-3.962780
-5.638908
0.506740
-1.584345
-13.673505
3.584890
-10.561399
-4.411137
0.227150
-13.072882
-4.859928
-14.548981
-9.832625
-12.260261
-1.180002
-1.544321
-2.484511
-10.457331
-1.986445
-13.136601
-2.678188
-3.227671
-6.172809
-12.502726
-3.915396
2.761001
-2.632289
-7.201557
-0.073524
-4.548904
-1.513975
-6.592838
6.988639
-5.736521
-6.855958
-8.853855
-5.221713
-2.585416
-5.910820
-3.585204
-15.649267
3.981751
-9.557382
1.555404
-1.233380
-9.074453
-6.448491
-2.924883
-3.288006
-2.822100
1.964691
-6.001356
-4.119189
-0.656296
-9.297313
0.206056
-0.216365
-6.253268
-8.331950
-2.148043
-0.593423
1.343563
-15.471255
-2.810771
-9.869265
-4.791849
-3.547016
-8.044903
-1.476085
-3.624452
-3.516364
-0.823368
0.430092
-3.790540
-2.468874
-1.609218
-5.181551
-5.212104
-4.479545
-12.918501
-3.362838
-6.040390
-5.930004
-8.772985
-8.577353
-13.612588
-6.083623
-0.011858
-1.918324
-1.237453
-6.651476
-9.808930
-3.807168
-5.461950
-2.200355
-5.975514
-6.975176
-0.525128
-12.333405
0.068253
-2.674453
-3.726398
-1.370381
-4.572554
-7.342965
-0.759025
-4.599410
-7.121663
-5.799539
-0.394880
-3.021254
-1.293537
-2.131477
-10.823511
-6.754604
-4.475004
0.082958
-1.099582
-9.475338
-2.740634
3.028169
-8.111452
3.475537
-7.506427
1.479031
-8.263018
0.971386
-3.398009
-6.595949
-5.634257
-4.740660
4.952954
-0.045063
-9.090197
2.236147
-7.281054
-7.160889
-3.182870
-7.752597
-8.745270
-10.078740
0.152700
-6.528977
-7.039669
-1.574531
-11.784641
-11.734945
-0.459160
-6.550464
-9.634748
-12.971160
-10.498507
-1.306009
8.142893
-14.480036
0.708928
-4.386893
-6.487456
-0.689768
-2.638158
4.210917
-5.634879
-8.159396
1.409108
-2.585546
-8.145387
-4.972623
-6.863452
-6.054491
-4.224017
-5.425748
-8.687264
-1.973169
2.009782
1.314225
1.068154
-7.043733
-2.118459
-2.502204
-5.463578
4.574101
1.376947
1.559697
-11.560352
-1.523771
-5.988567
-3.865876
-7.982762
-14.018855
-8.785858
0.244478
-7.024666
1.869828
-7.447568
-5.057322
3.089553
0.707494
-6.493002
-5.588077
-1.201454
-4.337713
-5.171396
-2.796014
1.070001
-8.821187
-0.903385
-16.930717
-6.827893
2.035106
-4.254059
-2.026765
-4.946228
-2.704117
-2.740504
-12.293060
-3.807340
3.659177
-8.906580
-11.510203
-7.521279
-7.691022
-7.842641
-2.104426
3.898443
-3.866736
-4.206681
-4.724773
0.102988
-1.202790
-4.627915
-1.080630
-3.326389
-2.349036
-10.701912
-12.783947
-7.038671
-4.931408
-12.329114
-2.165682
-7.998174
-4.680061
-1.869295
-5.687095
-7.715524
0.835062
1.117740
1.044956
-0.722595
-2.854823
1.115905
1.617679
2.550399
1.038859
-2.193209
-8.343656
0.968021
3.645890
-10.948296
-1.253887
-0.604635
-0.195026
-8.422874
-6.262482
-0.040926
2.108291
-4.388614
-4.684056
-2.655060
-6.009072
-8.730308
-5.240681
-1.348196
-5.151474
1.395981
-11.517984
-12.250863
-2.302145
-7.332792
-16.184925
0.511153
-2.819828
-3.108520
-7.166510
-0.750528
-5.918366
-2.927435
-3.798889
-7.023119
-6.302099
2.924294
-4.413488
-7.939416
-12.190565
-8.736949
-7.128160
1.327299
-5.885963
-6.187027
-3.376589
-0.962179
-6.275895
1.675797
-2.478826
2.439124
-7.189353
-6.297211
-4.032197
-2.176068
-5.170024
-4.661333
-1.602037
3.108843
0.202696
0.869643
-5.769227
-7.354648
-2.421895
-4.291767
-12.961281
-5.930008
-1.659197
-0.003158
-6.494145
-2.319041
-3.697154
-1.064476
0.168620
1.667712
-4.908003
-1.936828
-2.650319
-11.659061
-3.154380
-0.862141
-7.825609
-4.615273
-11.881829
-5.424617
-2.121885
-9.427149
-11.769528
-0.156110
-3.344531
1.331966
0.644138
3.348394
-6.287461
3.293622
-3.162260
-2.980191
-3.455547
-2.012782
-4.518297
-2.060304
-0.706602
-11.150528
-15.207521
-6.749722
-3.849311
-1.162600
-4.595505
2.594057
-11.070190
-6.147194
-10.867227
-4.515377
-10.001860
-10.277913
-9.284676
-3.052437
-2.355573
-8.211644
-0.249393
-4.065896
-2.207592
4.997762
-12.894189
-7.182597
-2.158921
-7.953344
-3.042660
-3.472031
2.657791
0.169967
-2.468228
-3.445289
-7.956320
-3.547753
-1.519389
-3.348074
-3.436915
-5.088313
-1.012364
-7.339512
-5.382943
1.699385
4.570810
-11.156967
-2.272443
-5.667600
-8.150087
3.839345
-5.344980
-8.321217
-1.047622
-1.248358
-6.717018
-5.410463
0.163691
-5.477258
-1.616069
-5.830818
-1.839773
-3.290527
4.053102
-0.329338
0.138207
-1.256435
-3.695262
1.204122
-4.529308
-4.618930
-13.242680
-12.452591
-1.425202
-1.356275
-4.722333
-5.794679
-6.266036
1.265099
-2.312924
-5.369403
-7.334499
-2.363986
-5.503531
-1.290302
-10.842906
-3.085403
-7.601134
-12.619140
-4.322714
5.133978
-0.991683
0.971044
4.849881
-1.889516
-0.839030
1.262214
3.606040
-0.993605
2.235430
-11.554187
1.655059
-11.609982
3.114000
-5.549822
-5.531477
-8.629230
-1.692745
-2.203566
-0.570383
-4.632812
-2.684201
1.464332
-6.131661
-10.320543
-0.403095
-0.447474
-4.477295
6.596773
-4.350574
-1.417860
-2.199772
3.273285
-9.516430
-3.266591
-9.517881
-0.040708
-12.954280
1.421359
-5.159735
3.494519
-6.648551
-1.746351
-2.334764
-8.624764
-6.718343
-12.662729
-2.108944
-2.118278
-8.323583
-0.099144
-8.780705
-6.628608
-1.244638
-11.836266
-6.127583
-9.851448
-10.382872
-6.771199
-7.423860
-0.501514
-10.587706
1.281130
-3.385201
-0.652510
-3.033557
-4.884794
-15.179706
-1.436084
-7.888169
-4.960333
-2.477404
-7.702995
-11.672620
-0.317995
-8.382152
-5.301123
-2.809739
-1.973961
-10.113974
-7.349698
3.602372
0.992456
-3.101964
-3.156242
-11.477514
-6.132267
-5.220004
-3.230566
0.033086
-4.327053
-13.291132
-0.694529
-6.977032
-8.679202
-9.370773
-6.398449
-5.578102
-5.107034
-1.689842
-3.776569
-11.210413
-3.217740
-5.253246
-0.777675
-8.013144
1.346174
-8.422422
4.729348
-0.754767
-8.364704
-9.402697
-5.071935
-2.114619
-14.346862
2.695110
-4.068048
-2.903611
2.009372
-3.814782
-2.323407
-0.057587
-4.163824
-2.185752
-6.698881
2.438510
-9.853357
-2.180542
-3.600160
1.951018
-6.461596
2.325531
-3.342296
-12.847060
0.953789
-2.974344
0.451278
-5.372077
-4.605615
-6.076426
2.015905
-8.292178
-4.898170
-8.129091
-8.908952
2.463152
-2.447528
-10.187955
-9.364744
2.783289
-0.649436
-5.181321
0.859254
-3.082561
0.218149
0.330487
-13.190361
-3.605812
-7.378922
-4.189569
2.188253
-9.714496
-3.028359
-9.225138
-13.388092
-13.031324
-3.671649
-5.447430
-2.511652
0.784013
-11.223787
2.572025
-5.326482
-0.469324
-2.491349
-0.507703
3.566722
-5.577663
-1.819201
2.452822
-2.670889
-4.894651
-9.630942
-6.394571
0.223042
-7.745069
-0.528356
-9.239204
-9.389553
-3.603216
-2.341325
-4.679853
3.514155
-12.378666
-7.036622
-0.406087
-1.887096
-10.692863
-1.391095
-1.434618
-13.219405
-3.251078
-5.937840
-11.326435
-9.307169
-8.675590
0.422196
-1.840362
-1.568235
2.201210
-9.451830
-6.717213
-2.787024
-2.602513
-8.279868
-6.269445
-5.862380
-2.664841
-0.021109
-13.584809
-7.796535
-9.662022
-6.599802
3.325037
-9.723111
0.620193
-1.952026
-13.446568
-12.101988
-4.141251
-1.548433
-2.052814
-6.323062
2.579845
-8.136108
-3.382778
-0.826767
-4.372124
-4.727323
-2.337653
-9.790195
-5.076697
0.105338
-5.625898
-5.450287
-5.923944
-2.120450
-2.618569
-7.171528
-1.378175
-5.912752
-3.958760
-12.775030
-5.044456
-7.272583
-10.325605
1.353688
-7.665771
-1.106923
-12.492770
-4.410880
-3.342544
-14.900828
-5.545768
-6.235523
-10.051105
-2.971220
-0.208296
-5.416169
-10.622957
-8.306779
4.204682
-4.358273
-2.343561
-14.846633
-0.015101
-8.838455
-4.591597
3.767128
-6.968379
-9.298949
-4.633652
-0.296652
-2.961579
-13.098837
-11.826906
-1.023018
0.122438
-5.914557
-6.030452
-0.940930
-5.027475
-0.150526
-5.675920
-4.054460
-3.279296
7.446262
-1.483885
-3.116500
1.083699
-4.917950
-7.638134
-4.697578
-4.799965
3.221230
-6.624177
4.833328
-8.028884
-4.763484
-1.492057
-11.097319
-9.612616
-5.422131
0.112457
-7.144590
-3.578662
-8.030593
-8.498040
-1.645990
-4.347767
-3.961086
-8.975469
-4.579863
-9.600343
-11.809120
3.438023
-7.550696
4.670426
-2.037474
2.330277
-4.747098
-2.040877
3.512643
-11.825748
-6.874501
-2.434729
-9.756186
-3.266297
-7.666297
0.259582
-7.297124
-4.587632
-2.150639
-14.424532
-11.595530
-8.377991
-9.586453
-1.422690
-1.680028
-6.723374
3.924335
-7.278149
0.389152
2.570549
1.129721
-10.796981
-8.387671
-3.721238
-5.012610
-12.567398
-3.275737
-9.812573
-6.945941
-3.842792
-1.884892
-13.863658
3.418624
5.474920
2.705327
-1.985189
-7.412419
3.407062
-4.505049
-0.303193
-1.264503
-8.430319
-14.457664
-3.176883
-2.813625
-12.959380
-9.321035
-8.655893
-3.072299
-11.065838
-3.699125
-3.930664
-3.202661
-11.668846
-4.990350
-2.488552
-4.000656
1.429014
0.900052
-1.493496
-8.040538
-4.876204
-1.460427
-1.701806
-11.720520
-4.631781
-2.767141
-2.147257
-10.106623
-2.325052
-2.662821
-5.264264
-2.341217
-5.840842
0.138489
-10.240101
0.724409
-6.077644
-7.417245
-4.430474
-8.268433
-13.920544
-5.352255
0.652298
-0.500631
-1.334763
-18.821676
-2.512805
-3.203946
-3.513803
-7.593783
-3.361521
-12.038094
1.256097
-3.987305
4.062585
-0.447482
-11.778697
-10.025524
2.294532
-0.282155
-7.783416
-7.850685
2.113096
-7.934092
-1.446683
0.712672
-3.579436
-2.085411
-5.225268
-4.916018
-0.285351
-2.152278
-6.474348
-14.959799
-3.586918
-9.186544
-8.052938
-7.592647
-4.603412
-5.801359
-2.045746
-4.107718
3.400858
-0.697922
-11.554934
-8.708080
-1.899736
-6.773000
-12.431273
-0.502543
-8.853995
-8.163198
-6.341170
-0.235046
1.953561
-2.819917
-12.684547
0.502083
-5.293978
0.060319
-7.695246
-3.384566
-8.876528
-13.092690
-0.569134
-12.287618
1.769406
-2.719368
1.722964
-7.085751
-2.124336
-10.591380
-5.737169
1.665192
-13.389201
-7.001254
-3.468004
-6.117702
-1.703104
-3.962266
0.712440
-2.230905
-4.566488
-3.319913
-2.425204
0.265325
-3.469841
-0.690623
-4.503402
-2.924222
-0.500751
-14.745348
-3.691168
1.066768
-3.879316
-10.432604
-7.523076
-3.309196
1.296800
6.394202
-4.437124
-10.812906
-11.843113
-12.491145
-0.773227
-2.274679
-0.413453
-5.639562
-0.467995
-10.664833
-7.120046
-1.225788
-11.881838
-1.132286
-4.703160
0.216896
-1.620908
2.204271
-4.501258
-8.991105
0.188171
-11.020712
-8.835012
-10.854597
-5.348437
-6.668463
2.627965
-9.398958
2.837880
1.973693
-1.152777
-2.381157
-8.177360
-7.434193
-5.646071
-9.228128
-7.755922
-10.040325
-11.119079
-0.488524
-11.591116
5.004880
-8.558869
-9.406804
-5.624925
-10.137509
-5.869867
-12.038719
-10.024574
2.977421
4.223076
0.022063
-14.488331
-5.512213
-1.653409
-9.746779
-3.423999
-9.984966
-3.832229
-8.257486
-6.300706
-2.554319
-2.203916
3.825893
-1.999050
0.013321
-5.444756
3.536497
-10.265211
-7.341277
-3.840235
-6.377733
4.062305
-1.329653
3.367074
-3.707442
-7.344877
-5.061463
-9.263352
-12.175794
-1.991781
-13.512143
-1.701541
-3.910330
-2.313310
0.732972
-9.475195
-8.911288
2.241724
1.388719
2.239597
-4.729326
-8.770086
-5.321007
-6.385478
-6.342143
-3.602432
-10.095906
-6.473554
-11.372126
-12.475302
-8.452032
-7.171479
-2.654672
2.748275
-13.902550
0.799035
-3.963645
-8.810228
-12.122938
-0.011259
-4.032093
-3.819789
-0.218270
-3.730953
6.240564
-12.459875
-8.441844
2.682987
-4.708462
2.054732
-1.123498
-6.454480
-2.210745
0.082726
3.197439
-6.468294
-5.578334
-0.693965
2.569114
-12.925063
-4.189901
-7.530265
1.260286
1.106490
-0.937923
2.595643
-1.271937
-3.981440
-4.754298
-1.298211
-9.735724
-0.841577
-12.532381
-8.362716
-0.138652
-3.590144
-4.138861
1.139068
-8.175795
4.110310
3.524074
0.829654
-12.497828
-7.649632
-9.038676
-12.504688
-5.894622
-8.405488
-11.581930
-2.239597
-12.728999
-2.658000
-2.751115
-10.001715
0.147605
-7.751549
-8.364896
-12.467149
-1.016228
-7.722121
-4.639902
1.938744
-6.608582
-3.622834
-3.123214
-3.470071
-11.338567
2.510448
-0.621711
-9.498652
-8.270834
-8.816560
-6.896195
-5.913677
-1.569685
-1.366966
-5.304834
-7.143534
2.481850
-5.666783
3.547044
-5.902063
-11.358413
-7.594077
-10.525535
-3.028691
0.080154
1.809983
-8.516617
-2.897835
-9.689580
-0.299276
-2.796279
-7.749512
-8.321979
-3.919081
-4.952862
-11.559009
-10.063008
-7.810552
-0.793799
-6.571315
-2.384970
1.388677
-12.704513
-12.033037
-3.545045
4.914646
1.068145
-4.792567
-2.122524
2.440985
-6.519939
-3.831640
-7.954363
-3.209696
-6.979345
-0.192433
-9.600532
-8.266046
-8.869370
-5.989270
-7.737969
-12.697971
-4.243074
0.505345
-0.781494
-4.834370
-5.795877
-9.934883
-11.151114
-10.250129
-5.211102
-0.874777
-3.908840
-5.985271
-5.941667
3.648009
-5.536516
-2.781049
-10.971586
-12.482291
-6.785475
-3.081216
-5.841472
-9.226604
-4.034054
-8.247010
-4.596552
-6.405228
0.321613
-3.200594
-6.821275
-0.036477
-3.524169
-4.620935
-1.787998
-3.149457
-12.591307
0.867164
-3.987545
-9.202575
-9.491883
-0.773165
-3.128574
-8.762343
-10.155136
-7.848783
-2.785296
-14.493789
-12.439490
-10.347570
-13.241129
-13.517188
-2.335350
-4.532549
1.678515
-3.198359
-2.400260
-6.481176
-7.145959
-0.548114
-8.170522
-4.971992
-3.980062
-7.389968
2.627645
-6.029554
-11.704453
-2.193194
0.813037
-1.016842
0.013941
-5.809472
-1.456320
3.934220
-9.553588
-12.054916
-6.996443
-2.981114
-1.627181
-2.361485
4.414128
3.511299
1.172042
-2.743452
-0.374226
-8.012574
-1.731237
-7.757034
-4.286025
-2.993836
-4.437910
-7.953769
1.117603
-5.484093
1.317728
-5.732076
-9.036069
-7.362962
-9.506636
-5.096336
-1.453237
-11.089198
-10.159998
-5.245181
-7.163942
-9.066214
-8.392480
-1.813483
-8.099747
-8.305847
-7.116426
-1.939980
-0.490041
-15.598774
-5.435900
-3.420896
-3.245928
-8.661205
-3.635669
-4.556329
-5.544207
-4.985613
-4.890312
-0.713503
-1.651115
2.761349
-4.093171
-6.537982
-3.042347
-8.643301
-6.080993
1.477716
1.468877
7.855408
-13.883905
-13.787677
-9.874967
-11.508787
0.726273
-4.192204
-3.243531
-4.472752
-4.666168
-2.748996
-6.265793
-4.120587
-4.086689
-11.208154
-5.315541
-0.913647
-6.994789
3.044368
-5.071052
-8.055706
5.831788
-3.057492
-4.627798
-4.498509
-6.601952
-2.398631
-10.391863
1.483456
-3.038313
-1.989766
-14.336967
-9.844401
0.440936
1.214676
-5.277847
-10.159072
-8.257918
-1.464275
-6.826731
-9.171121
-8.932367
-2.171235
-5.928622
-5.325762
5.683624
-2.530059
-11.634929
-5.121918
-7.535690
-7.854685
-3.113295
3.065793
-3.196877
-7.055855
-8.312160
4.157127
-12.887375
2.240699
-0.384583
-7.450539
-14.733209
-3.827255
-6.339706
-10.471307
-1.685305
-3.767560
-3.933558
6.498946
-10.107853
0.958707
-1.770711
-6.813289
-8.056327
-7.670643
-0.664954
-1.123060
-6.381003
-9.433469
-0.263845
-8.146902
-4.595584
-16.210003
-1.166930
-9.032860
-11.348503
-11.830657
-5.542397
-0.188874
-9.574684
-4.333702
3.792542
-4.160887
-8.382337
-7.199040
3.507277
0.581484
-2.563217
-6.135969
-11.574579
-1.760263
0.349562
-2.732663
-1.889545
-11.632589
5.847572
-0.395890
-2.161226
-6.823005
-10.214479
-7.748736
-4.591219
-3.189866
-10.010572
-1.452976
-1.720712
-8.609812
-3.859955
-9.761911
-13.891088
-6.926616
-1.684171
-2.214633
2.225271
-2.590379
-10.709993
0.529253
-1.761250
-9.146125
-1.296083
-7.440513
-11.835845
0.853482
-5.516822
-12.073152
-6.645168
1.835337
-5.739070
-4.336920
-3.319623
-12.925560
-12.849168
-2.676136
-8.945800
-12.257668
-6.518919
-7.047384
-9.908382
-10.881752
-8.325665
-3.602628
5.642187
-12.911526
-5.696032
-4.268998
-10.611444
-1.764667
-2.201140
2.727773
-3.960508
-8.434992
-11.020943
-2.989161
-7.822716
-6.411561
-5.787898
-5.353650
-5.661308
-6.111629
2.673555
-1.053116
-4.297266
-0.946779
-1.153602
-2.016403
-5.286801
1.826044
-1.213701
0.575456
-7.502327
0.914060
-10.903080
0.125777
-1.062803
-1.877516
3.008239
-2.532218
-6.084627
4.671473
-15.381055
-10.599082
-7.263575
-8.963007
3.413265
-7.912921
0.855151
5.261168
-1.559209
-5.352684
-4.638987
-2.796177
0.630386
-5.082411
-4.134188
-8.767185
-3.755146
-10.731127
-5.728687
-3.496918
-10.070102
2.939096
-10.395078
-6.393798
-1.008877
-2.130494
-7.967871
-5.543741
-0.128998
-5.061421
-5.357100
2.497782
-1.260864
-6.239368
-5.851661
-7.144688
-11.227488
-3.101191
-11.255990
-3.268726
-0.682774
-3.827995
-6.785316
-8.082104
-1.699639
-3.728188
-0.494912
-0.003213
-11.200258
-5.113018
-3.245685
-2.654892
-2.865441
-9.699602
-10.183841
-9.425780
-3.188653
-8.243239
3.102066
-9.768668
-5.009205
5.209108
-8.934287
2.024290
-2.998035
-9.180988
-1.848485
-1.858083
-2.415183
-11.271717
3.057389
-9.478098
-3.015619
-8.755260
-6.112115
2.824412
-0.593623
-11.498642
-7.512190
-8.073974
-0.399719
-4.749801
-2.003939
-3.952033
-5.726120
-8.745131
-6.660049
-7.760504
-6.250628
-2.181001
-8.038739
-4.360994
2.220771
-11.339332
-10.383863
-9.205378
-11.654743
2.448299
-2.359685
-5.106936
1.292162
1.856304
-5.368279
-0.596631
-1.430381
-2.221771
0.887276
3.529371
-10.071163
-10.394455
4.940982
-2.413492
-0.059280
-0.738886
-10.881589
-5.706216
-2.683343
-4.179906
-1.101045
-3.729059
-8.317600
-3.179254
-8.355944
-4.503301
-0.118326
-6.919513
1.209657
-6.997062
0.955081
-2.956171
-2.932253
-9.087078
-16.979506
-0.634899
-1.178737
-4.296782
-5.735721
-3.396916
-8.051934
-12.366898
2.936353
-11.167678
-9.797884
-1.056911
-7.804782
-1.650171
-11.432442
-11.806041
-6.466575
3.729262
-1.036740
-2.239298
-10.856911
-6.046066
-6.941768
0.357958
-10.584646
-4.226146
-0.499317
-5.960707
-8.242961
-7.493519
-6.442670
-3.399513
-4.591601
-7.441493
-2.229725
1.032572
-13.029217
-4.381001
1.129004
-4.902416
-2.846808
-8.863910
-10.419306
-3.488292
-8.534691
-5.148798
-9.838769
-10.712111
-0.233384
-5.709954
2.715408
-5.760075
-8.488777
-5.259055
-4.913561
-1.830630
-4.964911
-9.412556
-11.442307
-12.548720
-2.714917
-6.727829
-8.547321
-1.118221
3.230878
-2.381493
-2.324617
-4.943590
-4.899853
-4.449915
-11.120053
-5.924057
-8.841846
-4.882230
-0.072336
-0.604803
-3.017279
-4.752218
3.101466
-8.568353
-3.284877
0.050280
-5.312794
1.599514
-10.059175
-1.450399
-6.412469
-3.307813
-6.016465
-7.990504
-5.267393
-0.892105
-2.697888
-13.724571
-2.656122
-5.285540
-8.000841
-10.356290
-9.306721
-0.536524
-5.683057
-7.921182
-9.558273
-4.021846
-3.169907
2.525905
-3.924094
-7.212049
-4.698095
-7.469827
-6.968235
-1.157986
1.503096
0.422866
3.073732
-5.373221
-10.153655
1.629279
1.120138
-10.259929
-0.851871
-6.618415
2.072264
-2.023057
-4.570749
-1.552474
-1.384152
-8.208070
0.869830
-0.685270
-5.178797
-0.525037
-7.533701
4.315052
-13.073599
-0.004707
-13.640236
-2.038983
-5.034835
-1.775231
-1.559698
-4.864971
-5.973479
-3.590702
-2.954897
-7.170898
-0.930234
-0.429333
-2.158895
-8.657545
-7.380546
-6.760989
-4.391258
-5.731021
-4.306622
-11.641095
-11.309014
-5.256290
-14.082771
0.315399
-2.256997
0.190918
-8.568992
-2.120148
1.402499
4.516745
-9.294876
-4.840827
0.287840
-2.727621
-1.826911
-1.072000
-5.515134
-4.134632
-3.374822
-11.544783
1.093040
-14.248114
-10.880848
-2.627328
1.556043
-3.029461
-4.689943
0.283390
2.165037
-6.688104
-12.899251
-6.492656
-6.172499
-6.783941
-13.583256
-1.948934
-3.323267
0.245562
-9.549742
-9.074153
-11.531276
0.520085
-5.963853
-5.468930
-15.093129
-4.523581
0.607949
-0.141848
-4.464653
-11.355541
-4.433958
0.420918
-4.219801
-3.089313
-3.205552
-8.711311
-10.985118
-7.195526
1.876112
-0.827511
-4.367637
-7.569713
-2.987237
-4.321107
-9.165700
-4.460435
-11.230247
-6.662927
-4.855442
-7.395764
0.405356
-11.479747
-3.696408
1.154642
-3.446815
-3.463087
-8.800195
0.841421
-4.236261
-3.105431
-8.531078
-11.424325
4.201385
-11.758486
-10.066759
-5.055235
-5.362255
0.476378
-9.592611
-10.672650
-9.595737
-8.443567
-5.554561
-6.062038
-12.182912
-4.049023
-2.905154
-5.573079
-4.064417
-2.120953
-5.241230
-3.243910
-13.201278
-1.650716
-1.408787
-1.814688
-6.722271
-3.214670
-6.488479
-11.364936
-13.657734
0.441679
-1.239074
-3.826617
-11.614434
-7.903702
-1.968362
-10.532762
-9.542092
-7.517690
-7.794575
-7.875872
-4.697408
0.189313
-4.066097
-7.987095
-3.315241
-13.642034
-4.045620
-7.904994
-10.426399
-9.405780
-3.477572
-4.053223
1.694620
-5.104816
-9.678332
1.803053
-3.611992
0.197650
-11.533175
8.016962
1.753185
-7.652378
0.518660
2.700228
-5.367436
-5.898199
-5.331892
-8.223070
3.168394
-1.939220
1.041725
-6.711293
-3.909307
-8.037247
-11.790302
-3.455394
-10.355092
0.015768
-14.411989
-8.515761
2.968855
-9.053595
-3.906226
-3.547737
3.214455
-8.447440
-3.116828
-5.878557
-3.203958
-8.247859
-3.846119
1.451224
-9.537570
-3.141031
-0.393158
-1.198160
-0.709248
-0.186158
5.742723
-11.499712
-1.890561
-9.745954
-6.280319
-2.916168
-4.217939
-10.779563
-9.365321
-9.975646
-2.102477
-3.881267
-0.881562
-2.645758
-7.009576
-5.764546
0.192329
-8.629633
-8.135119
-10.045206
-5.998428
-3.311395
-1.976409
-0.940152
3.990478
-8.562803
-16.330036
-2.791306
-3.538164
-10.021673
-8.208792
-1.041795
-5.857306
-10.890937
3.206810
-8.122515
4.859792
-7.340068
-7.840755
-11.782246
-9.265785
-8.697563
-2.894948
-4.835603
-0.931690
-9.829735
-0.594958
0.639516
-8.610636
1.967600
-2.403690
-4.918608
3.739950
-6.731522
-1.092804
2.874524
-1.698919
2.189837
-6.671619
-5.693608
-2.680040
-8.382677
0.836780
-1.723846
-6.324944
0.107941
-10.451678
-1.720013
-2.088182
-1.522340
-8.436561
-4.311934
-6.265890
-12.273396
-2.630798
-2.262073
3.168228
3.937790
-3.406037
-6.929025
-6.519331
-1.350297
-1.810382
-8.875773
-5.768329
-2.221357
2.987702
-3.000841
-3.312776
0.234084
-10.315583
-8.759480
-10.973516
-12.990378
4.587687
-10.371137
-4.687449
-3.257876
-7.391237
1.940561
-7.541402
-9.223180
-7.045770
-5.838181
-8.959932
4.382428
-6.860461
-1.408277
-0.211318
-10.101974
-0.174386
-7.685299
-7.411246
-6.285886
-8.523577
-6.366816
-11.139610
-5.912235
-6.646079
1.925075
2.127638
-5.776504
3.710856
-7.555065
-3.468787
-5.106823
-8.601954
-7.671163
0.469437
-4.284317
-7.953227
-6.716506
-4.482088
-3.941876
-2.962361
-0.515949
-2.146939
0.350887
-5.670655
3.271616
-3.325384
-5.497229
-7.642883
-2.325116
-2.229877
-3.270847
-9.616870
-12.047594
-5.171376
-1.711453
-7.517225
-0.729812
-9.954880
-11.406731
-8.163899
-9.593029
-1.713259
-3.662910
-1.747205
-3.220649
-0.667262
-2.028255
-1.872987
-15.373888
-12.401484
4.172477
-2.494526
-2.803493
-11.532104
-1.094220
-4.830767
-12.410088
-0.154249
-9.267209
-4.383322
-10.860128
-5.798120
-1.695998
-3.182323
-7.432235
-5.952484
-8.959990
2.926032
-10.082876
-8.305014
-11.373856
-12.599803
-5.709008
-7.717959
-4.226649
2.543638
-2.759279
-11.939595
-10.265133
-9.175393
-1.842396
-8.578473
-5.441341
-3.206174
-11.126987
-5.792301
-0.611957
-8.474209
-3.271397
-2.412173
-7.771679
-10.412358
-5.537021
-6.750529
-2.060215
-7.532039
1.314179
-4.735333
0.801606
-8.824035
0.087991
-9.375350
-1.157803
-5.555162
-6.470222
-0.296902
-14.345024
-8.897071
-10.309166
-4.063923
-3.829751
-11.397884
-0.691090
4.222922
-9.177425
-10.513905
-6.015566
-0.559261
-3.298005
4.639030
-7.035355
-3.376822
-13.127701
-0.315088
-7.726687
-11.231339
3.906029
-0.060961
-4.119849
-3.224094
-8.151408
-11.400598
-4.679975
2.403841
-5.522658
-3.718767
-2.076342
-13.719386
2.999630
4.653141
-1.047470
-6.975222
-10.168348
-0.403002
-7.573766
-2.721344
-0.919841
-1.520999
-8.568764
-10.490955
-2.545428
-10.548888
-6.136186
-1.107759
-2.947504
-2.561599
-3.412804
-8.115554
2.031474
-9.853490
-5.456023
-1.073411
-6.628307
-8.748765
-6.641761
-0.618050
-3.279501
-2.254885
-3.620082
-9.089076
-3.207971
-5.908380
-8.860667
7.964810
-13.072445
-13.148355
0.081233
-9.340074
-1.908845
-10.111336
-8.235937
0.668372
-4.737001
-6.279020
-5.343310
-1.676147
-3.416157
-6.230433
-11.444100
-6.451616
-10.196943
-7.588354
1.878158
-5.952609
1.070006
-1.329303
-0.366672
-7.870506
-6.668303
-9.771653
-3.725727
-8.513131
-10.709824
-13.735803
-8.262686
-1.379407
2.944692
-3.448257
-8.493870
-0.703543
-4.778960
-8.510717
4.598996
-5.477041
-7.142270
0.709641
-0.987545
2.189769
-12.415005
-10.792668
-3.542664
-4.536925
-10.395095
-9.664863
-5.537878
-10.300388
-1.353235
0.995940
0.001004
-0.528988
-0.296833
-1.648955
-10.445377
-6.611616
-13.599580
3.571212
-2.216955
-3.155866
-6.893107
-5.815240
3.099474
-7.295512
-5.632214
-12.185497
-8.551899
1.848195
-5.638383
-5.266077
-7.316467
-8.102986
-8.602324
-10.029704
-7.473595
-7.888630
-8.200747
-13.712979
0.030007
-7.911537
-3.623808
-5.545425
-0.941494
-6.054842
-8.186376
-3.592585
-7.765600
1.320797
-0.659963
-2.345945
-0.103409
2.692622
-9.555702
-10.417742
-1.182105
-4.540735
0.905071
-4.584900
0.971122
-11.458449
2.746816
-0.290132
-9.975967
4.080357
-0.635323
-7.173728
0.786266
-5.980561
-2.728719
-14.655071
0.258531
-0.362680
-8.303076
-3.907172
-0.972892
-1.547468
-8.829535
-5.412705
-0.959759
-3.518984
-2.381854
-6.905811
-7.397883
-3.388862
-0.764762
4.194205
-10.163040
-3.442051
-3.658672
-0.154874
-11.981344
1.193764
6.722434
-0.108005
-2.608089
-8.756918
-5.018107
1.814267
-2.850066
1.178729
2.884155
4.380849
4.032122
-6.082530
-11.799558
-0.059748
-13.396218
-6.395538
-5.803855
-6.138439
-12.171812
-4.451674
-2.478346
-7.415953
-7.696404
-2.164545
-2.500664
1.025025
-5.476403
-2.896372
-10.750222
-3.078409
-10.530246
-2.887283
-6.293456
2.107126
3.159303
-2.150879
0.637038
-4.684007
2.675880
0.564176
-2.025885
-0.936066
-9.432350
-0.507115
-12.027889
-1.096338
-4.046564
-4.889338
-6.659088
-6.316828
-3.289292
-9.585514
-6.286931
-4.181533
-1.228663
-1.733186
-3.236166
-3.389035
-3.167626
-1.806998
-2.993497
-9.804600
-4.713006
-6.522390
-4.274245
-0.593900
-7.578515
-11.718498
-10.261722
-2.799710
-4.443886
-6.909611
3.943662
-10.898327
2.665279
-12.938031
2.011322
-1.065083
3.837008
-6.550749
-1.023565
-0.515509
1.187459
-10.909188
-6.128798
-2.934924
-5.714785
-7.264590
-5.806221
3.746603
-3.343963
-8.525584
-3.195866
-3.736444
2.450311
0.536322
-9.172499
-7.918252
-11.294646
-13.375253
-1.667250
-4.079715
-2.235677
-7.160545
-4.722750
0.890233
-8.012870
-6.625964
-1.361742
-10.040201
-7.987937
-3.211517
-3.755602
-4.624907
-5.872006
6.628438
-1.783108
-3.064936
-4.690429
1.919913
-8.199170
-3.457019
-6.225178
-6.968009
-8.273301
2.755054
-6.370570
-9.318132
-6.857368
-11.834140
-2.497709
-3.799746
-5.056447
-4.441668
-3.637308
-8.903236
-4.259364
-2.658944
-2.316496
-6.968477
-0.169421
-7.565664
-0.997722
2.650132
-2.957748
-2.829922
-3.177463
-6.868572
0.315659
-6.274989
-11.204228
2.076402
-0.828784
-12.033833
-2.776468
1.475631
-14.873969
-6.407904
-6.656663
-4.276931
-9.003565
-6.331078
-7.127562
-3.786643
-6.009280
-8.767144
-5.683168
-9.867263
0.013499
-2.722023
1.588908
-3.430605
-7.777649
-4.849905
-12.345235
-4.019650
-4.624923
1.672895
-1.416151
-3.049814
-2.526917
-4.444383
-9.829544
-7.128458
0.270478
-4.412889
-11.278610
-5.376409
-10.007484
-2.076804
-16.010818
-4.400361
-0.392917
-2.644795
7.323352
-1.312404
-1.438206
-4.231507
-4.489538
-9.473818
-4.143477
-2.956287
-2.555484
-1.301621
-11.321683
-5.696647
-5.709446
-2.667484
-4.885487
2.710338
-5.204359
-8.427160
-3.127548
-8.937032
-1.515504
-10.393714
-10.397943
-6.122565
8.609724
-9.575684
-5.533155
-0.055264
3.749223
-1.985414
-4.264668
-5.837696
0.815449
-2.197337
-8.022075
-4.308181
1.603972
-11.666821
-10.513540
-3.840045
-2.948999
-7.748035
-3.674097
3.358263
-8.251575
-8.033433
-9.579105
-9.119772
-5.310377
-1.595743
-10.576061
0.602497
-6.074046
-3.081023
-8.110568
-9.717532
-2.920378
-3.408035
-6.291960
-6.158429
-0.971483
-10.070480
-10.680820
-9.252211
2.328895
-2.665427
-2.682731
-6.493905
-9.977865
-7.835551
-11.141351
-9.551080
-1.217988
0.526203
-7.002063
-9.754789
-8.324478
5.395740
-8.649336
-3.807920
-1.405855
-4.699743
0.447690
3.465166
-7.838552
-11.565525
-7.403176
-1.860884
0.337788
-6.318318
-2.421065
-10.573389
1.287799
-10.011306
-5.439036
2.420972
0.899094
-7.749691
-6.456311
-9.884933
-11.580053
7.307680
-2.282704
-8.904005
-8.439005
2.130259
0.393627
-0.412470
-0.467509
-4.256285
-2.641066
-8.889112
-3.473817
-1.121310
-8.526881
2.018308
-9.612482
-8.338700
-1.680272
-9.466700
-8.813726
4.438105
-7.136633
-10.008973
-0.493278
-7.128016
-3.432417
-4.886569
-6.216259
-8.060446
-6.364753
-3.841240
1.896591
-2.920216
0.990487
-3.897973
-2.969512
-1.490328
-8.027505
-11.007775
-5.483603
-8.097048
-9.168948
-9.231410
-7.425412
-6.865191
5.291428
-8.264333
-2.091806
-2.442342
-2.874412
-4.423270
-1.892656
-11.578303
-0.238290
5.749469
-11.806980
-11.935653
-6.056928
-10.638516
-4.219031
-8.125141
-1.579701
-5.705135
-6.682831
-7.257469
-1.585289
0.502630
-14.931192
-8.321273
-5.123924
0.481986
-2.556756
-1.099071
2.126211
-11.598116
-8.853268
-10.309380
-3.113808
-8.553250
-2.223474
-9.955463
1.826293
-0.042713
-0.601527
-5.336677
-4.476137
-8.742478
-2.077127
-7.267007
-0.197434
-11.045566
-6.850561
-0.588728
-1.780199
-9.441888
-2.517809
-12.865705
3.962759
-1.971470
0.794054
-6.360358
0.679090
-5.407897
-4.927873
-2.182086
-4.947351
-7.743413
0.506141
-4.341565
-2.734316
-11.348788
-2.991458
-11.976899
-9.581373
-4.604840
-2.612236
-8.681780
-9.652047
-4.441287
-5.744098
-2.977967
-4.287902
-5.291196
-10.077536
4.102936
-0.524728
-4.899897
-9.267011
-3.258291
-9.437373
-4.581353
-1.783763
2.538360
-3.716995
-5.281965
0.812102
-10.619806
-1.346010
-7.837217
-4.259890
-8.713581
-9.395468
-12.085979
-3.324475
0.200663
-2.635141
-8.112434
-7.662399
-7.263917
-7.967634
-4.576293
-0.416375
0.100482
-2.951128
-0.942386
0.067615
-10.052217
-3.576301
-0.235289
-2.926946
1.389917
-0.868328
-2.317308
-14.230502
-12.682511
-8.268177
-11.241863
-2.139319
-7.189795
-1.716257
2.453600
-9.831902
-6.584759
0.865140
-2.752103
-1.848079
-10.600840
-6.028234
-11.529115
-13.060705
4.018888
-3.751047
-1.024559
-0.567358
-7.447021
-8.784838
-6.579123
-6.837539
-2.459592
2.403806
-4.501131
-7.562613
-8.017927
-3.643101
-0.621860
-12.541764
-6.997904
-6.303021
1.407204
-10.404649
-0.294507
-6.644805
-8.443926
-6.871287
-2.007379
9.358134
-9.183539
-3.311473
-1.196079
0.504027
-1.480636
-3.320566
2.408424
-7.115152
2.553320
-1.450311
-0.243036
-0.666464
-10.355539
-3.681110
-7.063787
-0.927933
-10.510182
-0.579170
3.655519
0.624793
-2.462933
-2.365619
-12.440671
-1.098145
-10.031917
4.048663
-7.341491
-1.813979
-12.970315
-3.313832
-0.789768
-11.708842
-2.158464
-5.026682
-7.332270
-2.488039
-8.489120
-0.076917
-5.440409
-10.729212
-7.614153
-9.778914
-6.118223
8.077274
-6.370496
2.771954
-2.858661
-2.602924
-3.886699
-11.667515
-6.020257
-1.146615
-3.172554
-3.123722
-0.920923
-4.834451
-0.894026
0.346976
-4.854332
3.201484
0.876710
-3.344176
-9.513244
-5.462832
-10.439431
-7.244435
-7.767496
-9.336814
-5.919745
-1.669736
-1.722970
-7.278237
-4.580580
7.206577
-9.571505
1.239644
-4.628990
-2.338640
-5.311913
-2.913407
-2.441135
-7.234129
-3.508696
5.114106
-6.067045
-9.070503
4.191713
-8.530034
-2.307171
-9.901848
-5.602996
-11.225105
-6.756256
2.804226
-5.773698
-4.173442
-9.050735
-1.721636
-9.742171
-0.299893
0.382191
-11.323871
-10.538417
-13.473789
-8.619658
-10.545537
-6.209032
-8.817231
-7.106108
3.867919
3.676324
-4.946332
4.969526
2.058406
-3.460433
-3.590735
5.179321
-7.382077
-4.313783
-5.113663
-4.064947
-7.338617
-0.128507
-6.252073
1.008620
-2.290801
-1.300454
-7.545660
-4.028634
0.268250
-4.162342
-3.790044
-7.066120
-11.229030
-7.789371
-10.675728
-1.357875
9.994446
-5.066844
-1.706915
-8.914453
-10.330470
-5.370368
-4.241146
-5.543810
-6.780025
-2.479804
-4.286197
-4.198459
-5.484053
-3.549528
-2.187798
-7.755064
1.946585
-2.840957
-5.115747
-10.543532
-4.236072
-3.477544
-8.841999
-0.235036
-7.272336
-0.505560
-8.746938
-2.990466
-3.976981
-0.508705
7.291442
-1.727018
-3.244437
-12.120599
-4.512613
-8.913116
-6.209769
-4.792434
-2.506536
-11.498070
-0.955696
-8.121163
-9.426122
-0.782391
-4.365035
-8.420300
-5.390958
1.088518
4.344726
-1.019861
7.094554
-1.807716
-2.338475
-2.758623
-6.665802
-0.750275
0.096766
4.133171
-6.496883
-8.794494
-11.771040
-6.735190
-5.559932
-8.951612
3.536882
-2.620045
-8.934143
-0.941322
-2.562982
-7.250368
-10.111217
-0.802658
-10.951394
3.729451
-5.269547
-10.396721
-8.252728
-1.193487
-3.258467
-2.983800
3.298072
7.391940
0.471674
-4.769393
-11.816073
-3.313594
-3.217142
-11.849098
-5.053352
-5.990541
1.074343
-3.265628
-7.248276
-12.134526
1.583357
-7.276116
-2.406580
-3.807209
-12.075208
-1.281136
-8.671651
2.415158
-1.466669
-2.578056
-4.651412
1.034170
-6.305604
-13.326671
-1.449180
-11.520105
-0.864636
-3.226138
-1.161819
-3.750145
-9.158925
-3.382619
1.168025
-4.463360
-8.799948
-7.831307
-4.555168
-12.302939
-4.739537
-5.392862
-4.340931
-9.247316
0.637416
-5.003262
-12.594978
-8.712337
-3.193876
-11.247644
-3.460034
-10.480976
-4.050591
-8.640586
-7.862908
-10.331610
-7.481784
-4.424778
-6.297745
-2.175945
-8.099748
-0.179246
-12.129582
-12.205572
-8.408332
-7.551966
2.672671
4.232198
-9.096165
-12.765455
-7.106276
-2.264285
-4.895849
-8.160522
1.295547
0.249318
-0.490928
-4.758734
0.058291
-0.820382
-9.172125
-3.264837
-2.879400
-0.964011
2.493040
-1.859540
1.594498
-2.898325
-3.463363
-16.920343
-3.388090
-3.667530
-6.437803
-7.946543
-7.457737
-7.564438
-11.054687
0.487037
-5.962338
-7.067119
-2.589688
-11.428236
-3.450527
-3.429070
0.596032
-3.175331
-6.897849
-5.199418
-7.241060
2.052366
-0.351899
0.378135
-3.699352
-1.762488
-2.355885
-9.947927
-7.839103
-5.683485
-5.649305
-8.714338
-11.276133
-10.733002
-0.191568
-4.157284
-3.087901
-2.798225
-5.519157
-8.480534
-3.180353
-4.019420
-9.934989
-8.057208
-3.280245
-0.862386
0.175800
-1.366954
-5.561728
-11.407611
-2.570411
-9.548805
-9.376986
-7.802940
-1.142900
-1.243997
-2.885945
-7.123708
-6.837398
2.281454
2.565780
-4.586072
-6.835996
-2.764110
-8.732795
4.019586
-4.270935
-5.807752
-8.386744
-4.852101
-0.080874
-4.508795
2.757065
1.400247
3.873218
-3.027932
-0.240670
-1.201764
-7.184230
-6.172807
-2.757647
-6.598645
-1.349601
-6.077805
-6.797057
-3.555503
-0.268238
-6.113070
-9.953222
-4.031013
-0.093250
-7.919185
-8.384678
-9.218310
-2.896812
-11.426035
-5.250093
-0.881145
2.015027
-0.822056
-1.632313
-2.616086
-4.322868
-4.094383
-9.517615
1.102908
-4.678099
-5.194582
-2.407397
-8.396213
-2.914561
-6.966260
-0.786450
0.993163
-8.743944
-11.816960
-5.553226
-8.956067
-10.593614
-1.568440
1.154720
-9.892902
-1.951791
1.005027
-7.573918
-5.586757
-10.622233
-4.474363
-3.246296
-5.573486
-5.375128
-3.378862
-10.015034
-7.138780
2.327052
-3.415783
-2.691787
-1.163913
-1.286174
-6.083999
4.865309
-5.272556
-5.337204
-6.268097
-6.318450
0.497935
-3.804245
-4.223430
4.413854
-3.697602
-1.484971
2.040644
-12.002637
-11.246843
-3.942860
-3.994926
0.240867
3.892555
-3.116506
7.355783
-1.238428
-2.395257
-1.718171
3.778915
-14.460958
-6.601693
-8.362894
-3.016482
-10.169583
-4.741501
-8.680546
-1.043153
-14.519792
-1.937899
-8.707651
4.610795
-5.564895
-3.852751
-9.258956
-3.356777
-6.806042
-4.736868
4.090001
-10.020645
-6.600098
-0.655471
-0.968040
4.319475
-2.020220
-8.129277
-8.305718
-0.646096
-5.613577
-12.226334
-0.347482
-3.320668
-0.432049
-7.390564
-0.588299
0.601531
-6.004240
-1.841478
-1.989772
-7.700982
-3.520252
-3.484989
-9.134086
-4.580991
-6.701571
-2.933054
-12.119218
-7.144387
-1.207687
1.024264
-0.325069
0.099592
-11.191770
-9.469313
1.502215
-13.856521
-8.651249
-3.578972
0.119763
-3.747419
-13.322669
-2.476435
-8.315080
-7.653122
-9.228031
-5.231690
-2.256751
1.769307
2.234690
2.963629
-6.004181
-6.488138
-5.977009
-5.207517
-2.188767
2.171952
-3.582615
-6.089412
-9.256549
-13.144974
-11.372391
7.862886
-1.858052
-4.279225
-12.542212
-5.285911
-4.511826
-10.831311
1.066301
-9.974750
-6.178574
-11.379417
-3.178337
4.241157
-8.286199
-9.035637
-7.846168
0.639831
-0.829554
0.791710
-1.407078
-2.870306
-7.102298
2.538313
0.062151
-11.817794
-7.405293
-5.564980
-4.474945
1.810861
-5.005209
-10.627127
0.164334
-1.822134
-1.092033
-11.020216
-5.076015
-3.652027
-7.838024
-3.761572
-2.343081
-2.400439
-5.987260
-1.297382
-13.938534
-0.648916
-6.045298
-5.690454
-2.463911
-0.825378
-0.113519
-7.715266
-2.743684
-7.430522
-5.277074
1.571329
-11.364658
-4.328894
-2.887136
-2.271004
-1.981333
-3.265393
-2.955229
-2.038616
-7.977877
1.851184
-10.503911
-5.062617
-12.009997
-4.227045
-6.688968
-9.241521
-5.913438
-9.428970
-6.995917
-7.227496
-10.357696
-5.895189
-6.088881
-1.906054
-2.499356
-7.382567
-3.974907
-1.776189
-1.249195
-2.404498
-0.959040
-3.571056
-5.923555
-5.678787
-10.591571
-2.917000
-2.623650
-12.284980
-5.488438
-2.386325
-4.473478
-5.767606
-3.522414
-2.920095
-4.234000
-1.102968
-9.265274
-1.464901
-10.202495
0.034113
-8.116265
-4.708856
-7.031044
-13.898563
-6.705825
-11.301554
-3.437690
-4.620105
-0.670244
-0.358646
-0.248216
-3.257544
-8.652101
-6.645402
-8.111753
-8.486032
-8.655249
-7.947722
-8.129519
-3.028976
-9.779690
-3.088020
0.887414
1.098986
-1.928555
-4.780430
-1.167023
-13.263894
4.343711
-3.744664
-0.073344
-1.100103
-6.953799
-6.684741
1.153406
-4.146214
2.615587
-0.093898
-2.649515
-6.160810
-0.511130
0.078472
2.465360
-2.905059
-7.688233
-10.470567
-9.123627
-7.324287
-12.558799
-9.215423
-3.993475
-6.223339
-4.861566
0.637156
-1.815254
-4.101054
-10.187003
-4.218928
2.137231
-2.012764
-5.183151
-3.929112
-0.495680
-4.520884
-0.943408
1.536051
-8.379401
2.591145
1.290385
-11.340915
-3.114126
-7.322681
0.471041
-8.162973
-3.480061
-0.392717
2.990630
-3.878860
4.619992
-7.998396
-2.228415
-4.811171
-5.603170
-8.009350
-2.676831
-7.166204
-2.606241
-8.333850
-9.853556
2.812128
-11.321928
-2.773398
2.498421
-8.134961
-9.820073
2.386549
-5.110108
-4.393281
-2.265838
1.147179
-8.792086
-2.901225
-10.737106
-8.498610
-0.139651
-4.632946
-5.467384
-14.542930
-11.644512
-8.392017
-10.474129
-1.307196
-2.743197
1.399304
-2.902353
-8.916243
-5.352548
-8.162139
-8.218689
-7.694833
-6.414837
-0.083381
-1.290640
3.444325
-7.737090
-6.506164
3.921593
-4.195316
-2.767854
-8.090347
-8.638890
-6.954348
-6.595636
-8.073513
-4.570684
-8.805771
-7.573821
-6.666004
-9.410264
-0.958704
1.060277
0.003988
-6.410363
-11.971087
3.360740
0.370953
0.510616
1.688302
-7.285424
-7.270757
-2.762436
-8.072131
-4.672137
-5.156584
2.300359
-3.604217
-4.030046
-6.995886
-7.827122
-2.442611
-9.424631
-6.423576
-7.999820
-3.584218
-1.272894
-6.963455
-1.000322
-6.492853
-2.514897
1.461670
-5.772476
-2.279436
-7.100998
0.585227
0.347487
2.404408
-0.505698
-5.392385
-9.725271
-5.894582
4.087563
-10.468484
-4.039227
-5.618533
-7.550161
-11.746885
-7.117457
-3.602088
-9.589990
-8.473574
-2.821727
-6.854126
-2.968225
-1.985127
-4.691046
-1.609045
-6.211749
-2.476347
-4.581658
-8.324480
-1.862103
-2.530128
-4.949827
-11.280795
2.265516
-7.410098
0.982270
-9.223936
-1.437732
-3.408311
-1.493101
-3.798240
-7.745140
-10.617577
-8.370669
-12.671981
-7.921584
-5.393061
-4.970223
-3.142914
-7.829623
-6.805797
-0.693576
3.499826
-2.101774
-8.165038
0.052956
-6.675065
-9.822996
-3.016067
-7.352877
0.347615
-5.506653
-10.419882
-1.950565
-7.712636
-10.301470
-3.389343
-7.728151
-8.181690
-0.662312
-6.066942
-5.605419
-0.396395
-1.231867
-4.479684
7.073573
-4.990004
-9.796055
-9.875216
-4.892080
-3.275864
-5.137915
-3.858784
-2.553659
-9.749608
2.390380
2.592670
0.785130
-0.048957
-5.959519
-7.623219
-10.703807
-4.238983
-8.466715
-8.328821
-5.824140
-10.658755
-4.080164
-5.478246
-12.223773
-2.400945
0.784308
-1.749009
-12.379635
-7.130812
1.632188
-3.304819
2.734306
-2.510877
-7.348118
-3.502815
-7.625183
-3.413459
-9.330404
-6.744519
-7.331590
-0.227175
-4.392113
-4.103510
1.598578
-3.069241
-4.158998
-5.809774
-12.159651
-7.113959
-5.671638
0.924025
6.456678
-8.406612
-2.516399
-2.314937
-6.380911
-6.930328
-7.008760
-10.336877
-9.884167
-2.173214
-11.316571
-6.078351
-6.100355
-4.337708
-12.230392
-7.283116
-1.770005
-2.752578
-1.392247
-0.559933
-8.808747
-5.409156
-8.877615
2.247758
-8.604095
-9.530829
-10.883891
0.639880
0.664975
2.852199
-7.731832
-3.924884
-8.601563
-4.404238
-2.397854
-4.366259
1.516795
-5.367905
-2.411176
-6.167426
-7.837562
-1.666214
-13.236424
-4.356740
-3.715819
-1.416049
1.328722
-4.408539
1.941278
-6.712358
-8.593828
0.011087
-5.086857
-6.169054
1.675533
0.709265
-8.116392
-0.969163
-2.688545
-10.133516
-5.135305
-4.703370
1.059035
-7.275137
-7.303914
3.123196
1.205238
-9.211221
-4.551870
1.283115
-5.166950
-13.166290
1.840248
-10.680766
1.012276
-5.379055
-0.001904
-10.854118
-3.116365
5.855530
-6.959518
-4.346324
-5.406374
-0.564395
-3.720949
-11.115007
-1.732789
-9.087994
-8.648982
-6.132640
-6.636759
2.031891
-9.839213
-2.213572
5.383997
-2.261859
5.019245
-6.823952
-2.261682
-2.286269
-9.031144
-3.741458
-5.509612
-5.631916
-6.429425
3.617492
-12.038733
-3.216132
2.161284
1.778068
-5.510944
-3.965702
-6.763458
-0.660636
-12.512260
-10.197786
-2.925082
-4.507535
-9.171908
-2.947345
-0.184880
-11.585548
-4.608327
8.482455
-6.124420
0.106802
-6.678915
-9.758900
-13.156590
-6.588491
-7.614048
-12.018865
-3.129708
-7.296562
-4.877285
-7.363492
-11.650226
-7.969836
3.183999
-1.281693
0.209317
-3.118511
-1.957815
0.666308
-3.819216
-1.539504
-1.580542
-8.624949
-6.147430
3.460551
-4.483412
-7.203591
-7.061670
1.978187
1.319122
-9.874648
-10.872728
-4.768679
-2.380614
-5.845677
-5.496124
3.956341
1.185076
-5.865305
-4.434361
-2.765766
-0.994266
-4.998756
-1.618196
0.623343
0.514112
-6.733727
-6.338423
-2.782694
-5.075327
-3.717897
-5.717953
4.894925
-5.065502
-7.824923
-3.845407
-9.489268
-6.652429
-4.760398
-4.684397
5.749350
0.286946
-1.159968
-10.648033
-3.214498
-7.204941
-7.193022
-6.702395
-13.784871
-0.006084
-0.492267
-4.227083
-7.302537
-5.220735
-9.334518
-4.625857
-7.430349
-3.614475
-2.074213
-1.850565
-3.716960
-6.963931
-7.889384
4.352530
-10.485040
3.228647
0.616305
-6.489186
1.952903
-0.223436
-3.902338
-3.059247
-4.458042
-2.483796
-9.754245
5.717541
-1.505221
-0.524393
-2.793991
-9.455585
-2.324013
-0.433351
-3.639929
-8.183320
-2.037134
-1.997537
-0.586450
0.169036
-4.887804
-1.551279
0.690015
3.367040
-8.659700
-5.193890
-4.543046
-3.180807
1.070884
-8.980767
-10.471458
-9.241718
-1.166457
-5.610860
-2.596680
-5.855274
-0.542285
-4.623701
-6.736283
-5.347587
1.570416
-10.749063
-8.745698
-8.097647
-5.339953
-1.322255
-4.137672
-2.281411
0.086263
0.900984
-0.529558
-0.260817
3.118544
-5.370442
-6.995091
-8.220837
-5.152664
-4.634505
-9.255183
-1.427495
-8.641070
-6.883638
-7.381035
-6.300880
-5.032475
-6.161798
-1.148091
2.198521
-3.234326
-11.792299
-0.876107
-4.298104
-7.706126
-3.145296
3.589415
-1.611709
-8.815012
-1.179981
-7.933899
-7.221990
-3.346142
0.483973
-9.808396
-4.749943
-1.904495
-5.560053
-8.226919
-7.073682
-5.627915
-12.079943
-1.441999
-5.970068
-3.753564
-6.988444
2.202225
-4.790229
-3.878850
-7.765337
-1.242218
-14.179579
-8.116698
-10.258940
-8.466285
-0.594953
-8.880633
-8.380967
-2.556367
-6.863351
1.660829
-3.037489
-5.055805
-7.287058
-2.548059
1.043175
-10.877109
-9.686395
-2.085811
-11.379089
-8.918544
-10.280985
-8.610552
-2.798527
0.822136
-5.143155
-3.080076
1.597773
-0.901394
-3.996966
-7.832610
1.488924
2.755262
-0.956620
-0.740950
-8.050570
-8.731129
-11.145056
-5.317358
-3.955468
-10.569880
-2.141050
2.562821
-7.667037
0.274642
-0.248971
-4.850850
0.771428
-0.088994
-3.899233
1.308853
-6.537947
2.208268
-3.403200
-8.345293
-3.408117
-8.833383
-11.788481
-10.695633
-5.396224
-2.250236
-3.739183
-7.597556
3.660767
-6.728875
2.866585
-5.804453
-4.902962
-7.127790
-3.916676
-5.872829
-1.705169
-5.544507
-1.683322
2.153161
-8.705814
-10.189016
-10.056483
-2.345669
-4.871304
-2.746655
-0.892453
-1.107619
-7.327204
-3.388784
-8.311280
-2.695682
2.869178
-3.481706
-0.745148
2.212387
-2.085766
-8.733395
0.561488
-11.300833
-0.437626
-6.337535
-9.344488
-1.713158
-3.068191
-3.725888
-1.953936
-5.370040
-10.683071
0.177184
3.904465
-5.689895
-8.637815
0.354327
-3.849875
-8.274773
-8.026815
-2.235560
-12.419184
-1.938311
-7.364210
2.754908
-6.131633
0.284100
-9.350851
-3.117332
-3.098708
-7.375764
-2.908576
-9.162369
-1.969275
2.605787
-8.796474
-7.828382
-5.802029
-0.178852
1.235140
-1.731306
-6.133440
-5.539198
-0.810679
-2.619351
-12.015472
-9.645386
-4.755374
-6.134166
7.521382
-1.567207
-8.214264
-3.878756
2.345663
3.314298
-3.286345
-4.520604
-1.006331
-5.938540
-10.102386
-5.238952
2.055157
3.267375
-3.586295
-7.772267
-0.641123
-1.414791
3.136585
2.445834
-11.975077
-6.139323
0.881594
3.819221
-11.818159
1.984702
-0.097741
-2.541213
-4.793855
-12.684649
-2.373980
-7.933494
-2.700478
-4.696142
-9.211107
-8.867875
-8.725528
1.028209
-4.052927
1.971364
-7.042750
-3.582869
0.283867
-7.362638
0.907045
-5.391166
-6.564222
-1.146822
-6.614478
-7.707335
-6.352639
-9.129426
-9.215429
2.853263
-1.605942
-5.851656
-8.361176
-4.179690
-1.937693
-5.531248
6.498015
-11.235781
-11.356283
-5.908256
1.189510
-9.648016
-4.096141
-8.405645
-1.465046
-3.360931
3.727122
-3.468483
-0.443152
-13.713911
-3.669375
1.432092
-4.972264
0.947094
-9.189134
-8.526596
1.098653
-3.313182
0.364469
-4.316730
4.244873
-5.936216
4.945278
-9.532928
0.415289
-7.285804
-1.108733
7.312092
-5.374280
-8.347586
-6.579239
-5.269833
-8.541487
-3.761867
-1.097474
-5.566611
-5.522978
-4.214370
-1.002125
-2.475247
-1.264611
-7.073079
-0.147370
3.920345
-1.559055
-3.594900
0.100121
0.505097
-2.334018
0.944485
-10.567337
-1.143257
3.128008
-9.989322
0.225544
-2.925990
-4.015319
-11.812830
-3.835200
-0.038905
-2.752163
-8.073107
-4.163340
-1.535769
-1.083053
0.712255
-4.556522
-0.205822
-11.466697
-8.150410
-3.895200
-1.234774
-6.784302
3.458240
-2.200014
-7.217109
-2.797696
-9.182838
4.181122
5.965020
-0.793122
-0.454782
2.040931
3.483535
-6.199396
-4.336093
-7.130621
-2.827209
-5.316100
-1.036643
-2.928079
-6.808614
-6.421336
-3.527746
-3.244168
-7.761824
-7.820899
-1.460601
3.377680
-4.422829
-6.338998
-7.475465
4.964210
2.972248
1.242359
-3.572020
-11.472803
-12.919806
-4.944404
-4.598845
-5.270951
2.356310
-10.444730
-11.106843
3.336248
-7.494350
-2.034856
-7.783597
-4.636898
-9.256369
-9.812811
-2.553550
-1.969501
-2.743788
-7.375593
2.207036
-9.701571
-5.443537
-7.493155
-5.876727
-2.778245
-1.880370
0.057772
0.292342
-8.328655
-1.273673
2.286529
-3.237761
2.505693
4.578005
-9.133911
-7.539993
-4.354798
6.961835
1.752907
-8.112965
-4.006179
-6.610580
0.141548
-4.337314
-4.783318
-2.562090
-1.097745
-2.446079
-6.584917
-4.103785
0.571982
-7.448929
-2.638937
-2.441122
-4.426578
-6.275189
-2.962758
1.934199
-1.310838
1.468158
-2.279060
-2.810081
-3.987311
2.738945
-3.989875
-7.446881
-7.227158
-11.343307
4.390061
-1.946765
-7.494893
-3.089201
-4.552895
-0.545299
-8.416679
-2.718583
-8.445322
-7.034616
-11.681669
-4.102105
-2.460131
-10.673906
6.370702
-3.525305
-1.519121
-8.049253
-3.122375
-7.647984
-3.216137
-2.446863
-6.606058
-4.421140
-2.443131
-6.909319
-10.395193
-13.193393
-0.705106
-11.639484
-5.223944
6.717995
-3.592906
3.037492
-10.872703
-8.259510
-4.245935
-2.915608
-4.192139
3.843486
-7.114082
-5.973999
-10.527373
-0.691194
-11.087008
-11.165485
-1.365063
0.506738
-4.078754
-4.884523
-7.856848
-8.700936
-3.674607
-12.287333
-2.201339
-7.630324
-3.359248
6.335278
4.821557
-4.334121
3.491374
3.678020
-4.775873
-6.302067
-7.427004
-5.891112
-3.669944
-3.292222
-8.330083
3.058827
-5.228559
-7.255036
-6.688810
-0.675618
-9.340322
-0.613784
-6.192971
-1.913168
-1.693916
-0.349615
-10.288805
-3.932007
-2.647782
-3.228811
-4.685999
-12.362825
3.138772
-8.710217
-5.893723
-4.163417
-4.158257
-6.075069
-8.770451
-6.697814
0.151901
-2.059764
-8.131216
-3.552245
-1.464592
-6.184236
0.819339
-1.360347
-3.376950
-3.155501
-0.878606
-7.237235
-11.205451
-3.236698
-8.691181
1.201128
-7.123633
-7.842053
-5.225924
-7.011483
-2.510626
-8.254945
-8.739901
1.664260
-2.826318
-12.238671
0.197795
-8.873264
-2.877472
-2.551993
-6.450933
-4.893113
-7.288485
-3.853525
-7.577017
-0.672163
-5.280333
-8.967490
-1.101060
-4.035329
-6.613488
1.927970
0.389555
-1.157270
1.589059
-6.291016
-3.611392
2.382624
-9.256134
-6.749362
-5.104298
-5.807630
-7.352135
-7.837595
-7.713851
-2.625346
-3.584125
-5.810827
-7.440712
-1.456709
-3.103226
-3.573766
1.995399
-0.758940
-13.845220
-2.441051
-6.914978
1.691771
-6.955213
-3.968493
2.945453
-0.273040
-7.590538
-9.237829
-5.772025
-2.434211
-4.854631
3.221655
0.881485
-0.440549
-0.743146
-14.968382
-6.471577
-8.954546
-7.244256
8.004702
-1.717702
-0.322695
-10.923629
-0.796021
4.658877
-0.027416
-6.563493
-1.329626
-4.452369
2.609692
-5.377366
-16.002611
-9.333563
-7.328730
-3.400229
-6.328223
-6.290501
-4.894115
-8.281287
0.683836
-9.454413
-0.890060
0.861961
-7.414493
-11.571823
-2.335439
-7.035026
-4.827511
-4.215615
0.515442
-2.715516
-5.986508
-9.309891
-8.257244
-10.084462
-4.516885
1.869155
-5.146454
-12.166559
4.709586
-0.942247
-3.940343
-7.199511
-6.528630
-1.768853
-8.512997
1.274481
-7.403419
-6.908803
-4.435779
-1.083285
-12.497924
-0.567078
-7.220654
-12.035552
-2.651559
-2.865858
-9.130836
-7.120503
-9.891061
-4.230428
-9.031163
-1.139353
-3.675854
-8.939690
-7.261214
-3.648719
-8.770587
-9.330120
-6.501062
-15.321889
-2.691477
-8.585423
-5.664354
-2.987865
-8.789117
-7.685344
-15.445363
-0.911640
-15.865760
-0.272643
-4.709882
-3.551714
0.682899
0.076592
-11.758731
-3.322471
-11.258051
2.072926
-5.522221
-8.699680
-3.046751
-5.833686
-1.095713
-3.590450
-3.042803
-1.054136
-7.584389
-3.954834
-3.649396
-9.967391
-13.470189
-4.320181
-11.287328
-6.578190
-8.774050
0.140528
-6.920435
-7.560940
1.983209
-5.165277
-0.403632
-7.288335
-5.168423
-7.266247
3.693134
3.313260
-6.904910
-7.777937
0.701885
-6.684828
-6.684844
-5.248406
-4.996989
-1.614705
-0.365137
-15.009279
-6.909976
-0.981172
-10.249015
0.449673
8.127758
-8.982567
-1.039822
0.622262
-5.036708
-7.661056
-10.496265
0.883135
-3.088159
-1.178410
-9.501034
-5.447269
-10.487261
-3.218023
-8.511238
-8.608411
-4.488048
-2.881428
-7.382742
-8.892950
-7.175812
-7.810446
-4.289592
0.506122
-5.561750
-3.857538
-1.645813
-12.294403
-8.087912
-8.117096
3.706022
-3.415968
-0.416743
1.412207
-7.945326
-3.509888
-6.444004
-0.160391
-6.468129
-5.185421
1.377417
-2.526419
-5.868477
-4.192602
1.611196
-7.169845
-6.637312
-4.868618
-0.841949
0.302368
-3.247505
-1.596244
1.016620
-10.815754
1.661665
-6.446360
-6.132461
-0.596347
3.401566
-3.515051
-4.713233
-7.038185
-1.931095
-8.169272
-1.535298
-6.336194
-2.046562
-0.221122
-5.786767
6.435817
-8.595481
-4.090666
-9.426810
-5.192730
-1.451262
-7.581219
1.254044
-3.142525
-6.082176
-4.040626
-2.479059
-0.004805
-4.088145
0.629732
-4.026925
-6.359334
-7.330404
-6.557927
0.412349
3.604318
-3.564778
-9.462393
0.533226
-5.399837
-9.963116
-4.516301
-12.652053
-7.636430
-7.101711
-1.504249
1.851975
-1.280996
0.798043
-10.166261
-2.797191
2.606854
5.524027
-11.030959
-7.084159
-5.819114
-5.502143
1.891111
-0.069258
-3.969624
-3.265599
-0.790001
-6.393521
-0.761474
1.396813
-5.825982
-2.220092
-1.702671
-2.348251
-9.973229
-4.691981
-8.089559
-3.863004
4.504602
-9.574968
-9.206577
-10.766893
-2.756417
-2.624103
-0.945133
-4.203572
-8.606269
-4.637016
-9.562865
-5.436266
-4.928047
-6.252635
-3.229645
-2.902324
-0.359770
-1.278005
-7.350054
-8.716920
-0.859218
-4.234775
-3.772660
-9.194373
5.504721
-4.326303
-1.452156
1.424740
-8.927007
-9.771444
-2.140915
-4.721601
-5.163480
-7.520370
-4.528500
-0.832690
7.374273
-1.467053
1.341723
1.022500
-8.575079
5.416291
-3.173201
-0.318358
-1.051918
-3.636202
-1.718396
3.022401
-1.693024
-5.915010
-0.609858
4.080824
-2.170699
3.397535
-9.601781
-9.382860
-10.392976
-7.446163
-0.580986
-1.002951
-5.851527
-0.582688
-9.407923
-6.367616
-12.124429
0.122875
1.565041
-9.290926
-10.591908
-6.495751
-6.881135
-6.267107
-2.113185
-9.129187
-7.144444
-3.748249
-0.439156
-3.829650
-2.463646
-8.250668
-6.763452
-3.095313
5.492085
4.277973
-1.641992
-6.990396
-5.261715
-7.880285
5.597509
-0.652376
-4.503068
-7.324876
4.703498
-0.904777
-7.180771
-2.723561
-7.822985
-2.740365
-3.580508
-5.247687
-0.239700
-8.936499
1.538270
-5.532055
0.700788
-3.823333
-6.398492
-12.247555
-3.587263
-8.286716
-4.316654
-0.252718
-1.863849
-7.056047
-8.416664
7.644717
7.139524
-5.815379
4.760000
-4.450230
-6.723955
-4.129030
-7.428245
-10.164448
0.353103
3.224370
-6.986595
-11.311721
-1.025051
-10.446633
-8.123466
-5.766490
2.117835
1.458276
-2.897768
-9.233130
-5.107324
-2.243641
-12.485634
-6.123499
4.152206
-3.740056
-6.775688
-3.443407
-2.827631
-2.458509
-2.336039
2.635880
-7.236346
-10.803617
1.069723
-7.827424
-3.909604
-1.320667
-2.276615
-0.460837
-6.032321
-7.278792
-5.958969
-1.698206
-2.329569
-8.544675
-3.821089
-3.304231
-5.968760
1.603215
-10.072566
5.296261
-5.205840
-3.030029
2.239922
-5.790334
-7.911408
-1.164268
-5.955729
-2.256782
-6.761099
-9.554816
-5.552346
-2.594141
-7.548633
-0.900083
-8.036618
3.088120
-4.934786
1.339206
-7.111232
-8.990940
-5.476726
-1.309391
-2.216041
-6.424761
-9.673967
-7.327032
-0.042661
0.939173
-3.702781
-5.130444
-11.169365
-6.931189
-6.552332
-6.352627
-4.287978
-0.116083
-0.448785
-11.352254
0.520982
-4.679596
2.511955
0.636666
-0.687065
2.734852
1.948840
1.877927
-1.668056
-6.059445
-7.596090
1.736683
-2.239947
-3.263776
-4.516374
-7.614225
-5.322393
-9.127919
-1.471296
0.716811
2.737308
-0.389553
-12.031693
-9.161267
-10.175247
3.160318
-7.730113
-14.404191
-4.572004
2.996697
2.885273
-2.538701
-6.747759
-1.917494
-2.213852
5.245557
-8.985037
-3.812008
-0.779092
-14.275197
-4.925175
-7.624746
-8.524340
-5.355909
-0.495359
1.047083
-1.010223
1.093067
-1.792559
-3.665703
-0.411691
3.426105
-3.599345
1.537407
-9.591094
-3.731299
-6.985498
-4.199415
-8.975840
-8.662848
-1.204674
-3.458960
-10.472138
-5.618128
-1.798265
-4.561775
-5.951560
-3.249679
-6.699366
0.878791
-3.697075
-5.662540
-9.949097
-7.425451
0.539078
-3.132212
-4.397339
-10.741342
-13.379601
-5.023071
1.453102
-3.428051
-10.183094
10.689732
-4.625040
-5.022484
1.078365
-4.966125
-3.918990
-9.459312
-5.289787
-0.280020
-4.536333
-10.399603
-3.818552
-7.821401
-4.905558
1.278325
-6.347026
-3.847236
-4.087264
-5.589066
4.296743
-4.088961
-6.161091
-3.000937
-1.451616
5.196445
-8.114672
-8.634525
0.659538
-6.396097
-14.842354
-9.446553
-5.317585
0.413574
-4.244657
-5.337129
-7.670045
-2.811312
-4.516867
-5.150722
-9.812319
-1.558142
-13.615269
-4.419324
-7.840151
-5.777163
-11.179220
0.388426
-2.896048
-2.762177
-5.947368
-7.976151
-7.148506
1.652888
8.697237
-6.071533
1.838299
-7.563665
-3.013384
-7.653107
-8.309026
-5.175038
-2.811874
-4.182545
-4.834347
-9.337739
2.997331
-6.199708
-13.295415
-7.398003
-6.755289
-5.932511
-10.016674
-0.176227
3.018630
-10.872531
-8.673599
-10.566060
-8.377295
-4.721411
-2.986377
4.625052
-1.150998
-6.364831
-2.747372
-1.884356
0.836411
-4.075653
-5.251293
-9.260969
-7.540027
-7.958272
-2.178681
-9.215801
-2.466218
1.453801
-2.754189
1.183896
2.972922
-4.093616
-3.605626
6.750626
-6.518091
-11.460428
-2.328263
-4.090888
-2.252067
-10.849268
3.982611
-3.005405
-4.971756
3.787979
-6.619616
-10.827575
-1.573291
8.029672
2.079144
2.284716
-0.503548
-5.858008
3.234513
-3.012853
-0.928207
-9.685572
4.521399
2.929642
-11.226376
-1.818921
-10.994325
-2.935383
-0.140784
-4.258506
-5.695246
-6.937943
-0.438604
-6.153385
-3.180802
-1.136728
-10.751080
0.975588
-7.639680
-6.630681
-5.062357
-1.390997
-1.227325
-7.096620
-0.877014
-2.376746
-5.304578
-5.931207
-6.534126
-0.097905
-5.935893
-3.982136
-4.550966
4.120313
-5.664329
5.022371
-2.228189
-10.069066
-4.139521
-8.315887
-3.889555
-7.676485
-6.237824
0.506338
-0.490133
-8.223207
-8.875642
-0.702630
-4.559542
-5.409762
-2.475181
-3.212756
2.791600
-1.403506
-6.989104
2.546352
-5.978116
-2.216757
-7.548133
-3.836226
5.532113
-7.921709
-0.329868
-4.574727
-4.417139
-1.364985
0.374077
-2.560591
-2.626740
-7.493918
-5.103540
-7.971280
-4.089141
-4.501889
-2.407482
-8.912547
-5.540979
-9.100309
-3.276657
-8.156657
-6.284653
-1.010445
-9.723469
-2.898648
-1.251860
-9.877501
-4.927474
-10.127739
-1.580167
-7.819018
-1.977690
-0.575774
1.311150
-6.778506
0.325873
1.629418
-2.580492
-4.080102
-0.348754
-0.912848
-5.923970
6.160758
5.071929
-5.919553
-8.342206
-6.239499
2.500956
-6.102702
-7.712594
-4.769251
2.299679
-3.387919
-3.958190
-5.422185
-3.856529
5.638654
-2.458148
2.859617
-0.612940
-3.113650
-3.168768
4.432861
-9.756067
-7.283028
-3.887043
-0.828872
0.092698
-3.997756
-1.657481
-5.017399
-6.188898
-8.905517
-5.375556
-1.174599
-3.877705
-5.197964
5.262763
-0.057024
2.358282
-5.115343
-7.675739
-6.584717
-7.104074
-2.576676
-10.251760
0.808468
-0.723403
-1.496954
-4.893414
-13.184088
-7.148668
-3.680315
-2.264864
-13.534048
-11.608378
-7.024926
-4.395484
-6.807318
-10.040004
-1.363219
-6.151450
-9.221239
-9.019112
-3.997329
-1.079063
-12.630885
-12.950428
0.547205
-4.643826
-0.480544
-0.517192
-0.228156
-5.166667
-8.360487
-0.448378
-3.996128
-4.798865
-7.416238
-4.052725
-11.436408
-5.674157
-5.300765
-1.418885
7.891253
-0.633645
-4.076735
0.827884
-4.235327
-3.577928
-4.465835
-5.642568
-7.192731
-8.250764
-9.968917
-5.516934
-2.110239
-6.240352
-0.585910
4.570394
-6.354110
-1.696595
-8.294065
-5.173668
-7.173046
-1.248113
0.036747
-7.318252
-6.078059
-6.092190
-6.611495
-5.946765
-5.254662
-4.158623
-0.316966
4.356075
-4.467261
-0.049743
-2.628280
-1.339179
-0.501209
-9.013653
-7.480763
-8.478848
-0.229703
-2.373448
-7.914125
-4.026397
-13.116143
-5.004756
-5.309169
1.417041
-8.350266
-4.493012
-5.190476
-0.383700
-7.794674
2.527178
-4.683619
-8.414494
-8.569456
-3.144392
-4.184216
-0.938418
-0.882847
-3.803579
1.707064
-2.983066
-1.048164
-9.684937
-11.296734
-5.186658
-1.549305
-7.726015
-3.585148
1.549732
-7.375870
0.582472
-9.323580
-3.410954
2.127298
-1.041086
-8.349891
-5.651076
-6.796368
-3.045686
0.182222
-4.711227
-8.538276
-4.723106
-8.306633
3.016376
-4.749113
-1.296329
-10.157930
-7.050663
-9.325333
-8.320585
1.313823
-2.875718
-11.397838
0.901935
-4.501389
-5.381608
6.025368
2.655341
-8.262612
-7.123477
1.336637
-3.967306
-3.587965
2.086312
-4.545430
1.388162
1.443287
0.383179
-6.925674
-9.315985
-12.686987
-2.776280
-4.093065
-0.700841
-3.020390
-2.878365
-4.377336
-1.452907
-3.913666
-5.057206
-5.079132
-6.882701
-12.893354
-3.163660
-5.466520
-3.060817
-7.454078
-7.735024
-3.642244
-1.649878
-10.511990
-11.383596
-9.482681
-0.709140
-0.822521
-10.589241
-7.244822
2.946990
-4.211478
-2.755110
-8.668264
-6.170283
-7.129954
-5.759634
-9.416887
-2.251054
-10.460472
0.884550
-7.893820
-4.626504
2.275225
-1.782977
-2.417868
-7.763717
-7.974983
0.038403
0.414309
-9.845800
-0.848634
-4.593533
-3.920761
-5.149898
-5.683006
-0.472655
-6.798817
-0.992852
-0.729111
-1.122487
-5.518576
-2.063355
-2.915307
2.736840
-7.861753
-8.290277
-2.617859
-7.104653
-4.821977
-3.108102
-7.513196
2.557772
-7.923381
-9.426554
6.695797
3.588534
-9.099836
-3.896230
-0.935934
-7.220334
3.533777
-4.287438
-10.059213
-6.763402
-1.462649
-3.429757
-8.210764
-9.496637
0.522222
-3.212706
-3.820904
-8.730048
-9.772282
4.892807
-8.225066
-0.049501
-1.271942
-9.578035
0.996360
-3.911963
-7.829651
-8.805497
-9.175556
2.581824
-7.911098
-8.364692
0.323459
-2.570372
-10.522491
-12.964727
-10.918896
-2.374997
-5.217114
2.202357
-1.683261
-3.904618
0.876554
-7.223964
-12.776494
-3.644286
-2.599507
-3.191476
-0.993705
-11.836813
-3.723929
-5.488880
-0.911479
-0.100294
-2.973853
-10.423552
0.863139
-11.180815
-6.707479
-7.070493
-3.294664
-3.943086
-13.132811
-1.459178
3.579377
-2.079790
-14.367288
-3.504911
-9.340442
-5.656486
-6.453020
-6.057323
-7.013584
-9.799722
-1.982935
-3.636309
-7.649530
1.232154
-6.897820
-0.250819
-6.617404
3.433344
-1.443870
-3.440968
-8.576637
0.832201
1.848972
-1.456279
0.398154
-8.518843
-8.680031
-10.156456
-4.046874
-8.347382
-8.596928
-6.730815
-8.462847
-5.977063
-10.506839
4.584562
-5.003257
-1.559570
6.068341
-0.577430
-2.247319
0.140246
-6.159410
-4.339937
-0.897544
4.933528
-0.454926
-10.317789
-2.989348
3.573556
-2.819139
-0.542364
-9.515651
-2.476716
-9.870692
-8.366303
-1.941237
-1.706368
-5.642877
-12.986235
1.509825
-3.444637
-6.645018
-0.390384
7.413877
-3.600723
-10.198337
-8.174647
-6.565720
-2.307657
-1.495686
-7.273238
-8.095301
-3.439757
-5.149652
4.301463
0.406219
3.016860
-4.447091
-9.182476
-7.519013
-7.433120
-10.336696
-4.736963
-0.838180
-0.503400
-1.726571
-9.255346
-8.387991
-6.035121
5.888459
-5.829131
-11.501393
-10.152629
-1.783622
5.060808
-5.142370
-9.968243
-4.234082
-6.120683
2.449020
-8.283517
-8.366138
2.405921
-3.248156
-2.478120
-7.253838
0.414854
-6.115644
-2.205445
5.679053
-9.135609
1.482824
-3.207699
-8.416847
1.274484
-0.733892
-5.948420
-9.675350
-4.841492
0.669782
2.225459
-5.841525
-2.792398
-9.830567
-1.741293
0.760252
-3.772186
-5.104537
-7.310217
-9.616171
-6.515709
-8.189963
-5.819364
3.044556
-8.937456
2.176783
-11.754910
-5.997716
-5.652150
2.518533
-1.502493
-8.506210
-3.070929
0.000213
-8.938498
-2.538420
-10.860107
2.515095
-5.194566
1.702020
-2.820351
-7.937020
-3.080880
-1.945733
-1.372976
-3.955503
-5.667334
-7.496308
-4.898115
-6.223151
5.344779
-7.211988
-5.517988
-14.935613
-0.747312
-4.570093
-8.083094
3.139655
-8.264837
-10.535323
-1.231655
1.872549
-10.480032
-8.048249
-8.702926
-6.235501
4.193380
2.347162
-3.537279
-2.103639
-9.643764
0.828774
-4.041631
-8.559464
-2.392217
-9.943394
0.210274
7.574581
-7.360163
-8.840437
-8.005066
-8.927695
-6.792560
-2.809257
1.583428
-1.518992
-9.344396
-6.691845
-1.116457
-12.003461
-3.532533
-5.594541
3.443123
-9.261029
-6.966552
-4.054226
-7.280050
-11.620992
2.710292
-8.800236
-3.122813
-7.941279
-5.629332
4.137907
0.788111
-10.859829
-0.787740
-3.795115
-2.552189
1.051188
2.774714
4.378886
-5.749581
-3.100979
-4.909911
-4.975036
-0.910677
-0.173784
-8.498604
-7.411059
-1.967701
0.023219
-0.326816
-5.749055
-0.894436
-2.638517
-13.012897
-10.494143
-0.733357
-5.643823
-8.986872
-0.518933
-2.709682
0.726286
-5.190433
-6.089021
-5.055879
1.356485
0.019671
-0.233875
2.114276
-2.023235
-1.856187
-12.451994
-11.451326
-5.934939
-11.042811
-0.559616
3.333864
-14.686649
-0.539799
-1.453542
4.922552
1.062007
-2.445214
-2.579412
-4.620794
-3.860676
2.155645
-5.005853
-5.957222
-7.932179
2.518040
-4.764633
-2.500671
-5.403852
-6.006112
4.241938
-5.797835
-2.302092
-5.553595
-5.468902
-9.268076
-8.394979
-6.979086
-3.959830
-1.199944
-0.984596
-3.675766
-6.912484
-2.741484
-0.937127
-12.356284
-4.881389
-10.037909
-0.003149
-2.248798
-1.863646
-6.047217
2.344566
4.029436
-0.008908
-6.471540
-9.606485
-2.250615
-3.687045
-8.683698
-1.966642
3.469694
-1.102247
-9.634546
-12.316709
-2.908055
-3.784633
-1.592068
-1.931923
1.616248
0.017270
-6.555306
-6.284608
-6.857473
2.710719
5.367419
-8.924453
0.475744
0.524626
-10.801776
-5.559251
0.259723
-11.849293
0.090395
-7.443687
0.236686
-7.617771
-8.058100
-8.378524
-3.797989
-9.338980
-3.685361
-8.788546
-3.293668
-1.025458
-4.839603
-7.397618
-0.031963
-1.328269
-5.813503
-8.335489
-8.022516
-3.478094
4.594070
4.205794
1.991843
-3.019353
-0.128822
-1.216923
-6.013117
-4.000779
-6.068816
-4.111639
-7.221651
1.681890
-2.608695
-1.050169
-4.100047
-3.388719
-1.090163
-7.154643
-4.378993
-1.128958
-5.277292
-5.791584
-4.147544
-11.384862
-1.227906
3.190767
-2.742888
-8.839248
0.621508
-5.827220
-8.361684
-4.651994
7.241640
0.156306
-3.835729
-2.575748
-7.351893
-7.231118
1.351620
-1.433271
-4.849304
1.148147
-4.698195
-3.884212
-2.248454
-3.492570
-2.202110
-3.962483
-8.034463
-2.089029
-3.235431
-4.932096
-7.147068
1.575812
-6.162829
-2.300034
-4.857697
-0.953954
-8.104976
-0.724404
-7.077396
-1.766917
1.956759
-6.667603
-5.086975
-4.350902
-9.349821
-0.073620
-6.186091
3.401006
-11.094184
-6.195703
-1.183618
-8.495511
-5.144751
2.978120
-2.468478
2.012923
0.542738
-4.531087
-2.936076
-10.303371
-9.158468
-0.031693
2.144253
-3.588163
2.433108
-12.812497
-7.012038
-10.116905
-6.238351
-3.875602
-0.491491
-0.524473
-2.360560
-2.247058
1.994060
-6.811988
-10.617665
-1.146589
5.008913
-5.895165
-0.076616
-4.673277
-9.439074
-2.497047
-4.287716
0.661369
-6.514136
-1.084745
-12.302704
-5.460469
-7.314895
-2.790385
-0.581467
-8.348771
4.637110
-9.935854
-14.342179
-4.700480
1.215622
-7.281057
-2.874185
4.033694
3.394391
-0.576261
-6.303599
-9.329879
-3.389547
-5.423705
-5.691809
-3.912172
2.674226
-4.842480
-2.843841
-9.762257
-2.619568
-0.056991
-7.644203
-7.702117
-7.605011
-2.702488
-1.827822
-3.993984
7.466595
-3.012004
-0.888477
-3.140623
0.121247
-9.324908
-11.174067
-5.197137
-5.868355
0.867116
2.096920
-10.811275
-9.362498
-10.564745
-4.989333
-3.104120
-7.563618
-8.669866
-3.039745
3.824311
-9.726665
-5.418829
-4.057949
-8.302876
0.999261
-2.103308
-3.481904
-3.525999
-1.112153
2.260713
-8.835567
-6.369566
1.090822
-5.703758
0.280086
-2.527986
-5.177499
-5.059093
-2.437427
7.977820
0.271371
-3.509888
1.316841
-11.475941
-1.907331
2.187147
-7.317565
-3.265587
-5.628401
-10.568735
-9.026258
-4.269829
-7.274668
-3.184631
-7.093510
-4.176894
-11.556419
-5.875029
-4.141782
-6.127234
-2.284732
5.393648
-1.414082
-7.129427
4.560352
-6.904673
-1.267179
-3.210618
-0.006260
-4.846684
-14.958465
-5.003709
-3.270528
-3.943010
-3.867596
-7.606421
-1.632331
-1.288508
-4.134727
-4.156195
-10.183185
-3.715930
-9.634270
-6.448136
-4.797255
-5.930366
-2.702612
-1.766736
-8.851244
5.047306
-2.589350
-13.149762
5.546010
-0.545115
1.800012
-0.791078
1.088861
0.418901
-10.155637
-3.426650
-4.234139
-0.811487
3.403029
-2.485056
-8.480054
-6.526247
-5.376585
-9.744142
-7.631401
-9.930596
-6.198381
-4.739588
-5.915526
-7.535278
1.384745
-3.976461
-3.375217
3.106746
-2.029131
-2.864485
7.955081
-2.712862
-7.538053
-6.262169
-3.439806
-0.291239
-3.256840
-7.055530
-0.557313
-3.694696
3.722054
1.283842
6.596009
-8.533076
0.355359
-1.055797
-3.141747
-7.528484
-1.437076
-5.786250
0.815257
-4.514002
-5.816760
-9.116001
-8.516849
-4.309742
-3.917182
-8.392746
-5.107145
5.804610
-3.761241
1.642463
-10.270714
-6.757934
-1.102776
-9.280951
-9.086300
0.021690
-2.745711
-3.437057
-7.183128
-2.186192
-6.784216
-0.286622
-8.134892
-9.612123
-4.629961
-7.149384
-3.088428
2.821053
-1.724443
2.270337
-5.242486
-5.666575
-6.435871
-5.851871
-9.186595
-4.121562
6.046467
2.712626
-2.552741
-11.636865
-5.079942
-7.288636
-12.308569
-2.722525
-3.700070
-6.792319
-6.989753
-6.148333
4.288980
-6.803117
-1.107632
-1.732782
-0.369447
-6.951865
-6.277227
-7.885359
-2.655204
-6.016640
-4.313570
-7.196413
6.394870
-6.383063
-0.784287
-8.157173
-7.372304
-8.165824
-9.292470
-5.748455
5.168774
-0.301677
-7.379364
-7.161231
1.041369
2.483959
-6.112087
-7.403782
-9.689609
-11.264196
1.924203
2.978162
1.887544
-2.111749
0.677282
-6.151813
-8.008521
-9.356200
-10.695824
-6.610299
-4.835053
-5.451928
0.573529
-2.156159
-10.256449
-3.134539
-5.072786
-5.766734
-0.851309
-0.270012
-9.498964
-0.502460
-2.030962
-6.186197
-4.301610
1.742205
-6.816292
-1.257695
-4.925443
-7.899664
2.170614
-5.261547
-7.429063
-2.559418
-0.852787
-1.068476
-3.944172
2.179536
-4.018061
-8.391182
4.588118
-7.886992
-2.589586
-1.797236
5.892867
2.077234
-3.278668
-5.482616
-1.488119
-1.290276
4.693837
-4.853108
-3.972325
-5.188355
-7.888385
-9.212569
-0.775380
-4.893283
-6.476782
-4.932530
-4.025240
-6.651136
-8.515162
1.515876
-6.196359
-2.287074
-6.285175
2.415837
-4.790598
0.798877
-10.242895
-1.822610
-3.663481
-5.739940
-1.162008
-5.200842
-3.568385
-6.339072
-1.515148
-5.727262
-9.384931
-1.282423
-0.418625
-4.248131
-3.538979
0.973914
-6.568450
-6.155782
-6.539491
-6.125993
-2.196100
-4.564973
-5.374165
4.123780
-5.112856
-2.113629
-4.621821
-0.593890
0.054833
-9.033554
-1.982366
0.478787
-1.969532
-4.102283
-4.356842
-5.820955
-2.932200
-5.937771
4.446193
-7.091567
-6.103122
-0.520051
-1.882663
-8.306858
-1.111048
3.381700
0.063539
-0.843893
2.908657
-6.077902
-2.445636
-9.870333
4.373409
5.984282
-3.217542
3.113709
-8.749306
-3.054134
0.637412
0.302746
-5.386994
-9.835457
-0.578641
-4.425269
-11.818775
-1.660412
-2.667487
-9.165380
6.114218
3.588033
-2.075223
-11.710848
-8.732755
-7.247474
-3.016767
0.768796
2.576959
-9.101120
-4.563313
-2.649381
2.415493
-12.369105
-4.715358
-0.051362
-4.919354
-3.118397
-5.981864
-4.052360
0.817948
-1.571245
-6.954714
-8.573079
-0.623269
6.543538
-3.212175
-7.837440
1.194656
-0.005367
2.611152
3.124773
1.368105
-1.368599
-10.747032
-2.505075
-3.931314
4.498189
-8.971705
-9.281754
-10.482954
2.612240
-2.431546
-9.867820
-9.152382
-9.919781
-11.514031
1.489717
5.370052
-2.800060
1.228596
-3.490528
-0.787367
-0.801061
7.402561
-4.737864
0.244957
-3.403946
-7.041518
1.458000
2.872539
-2.062161
1.161157
4.592701
-3.957765
-2.425305
-7.377737
-6.561755
0.779836
-10.437937
-1.060768
-3.918351
-1.194172
-4.418933
-9.805006
0.485868
-4.274566
10.351532
-4.628048
2.929537
-7.113918
-6.397603
-3.010404
-2.030981
2.647475
-0.922909
-0.504718
-10.106505
3.402514
5.437862
-5.119221
2.439805
-11.167334
3.868404
-12.955957
-10.806728
-5.120131
-6.347476
-7.627816
-10.430837
-12.213287
-1.128200
-2.567388
-8.055192
2.887860
-8.651789
-0.480342
-3.257808
-7.475439
-3.171520
-8.220860
-1.557869
-7.036140
-4.632561
-4.294865
-0.445907
-6.628449
-7.889036
-5.209190
-5.646788
-3.087508
-4.104872
-3.158950
-5.225712
-7.215253
-8.766273
-4.694055
-11.101275
-8.060019
-3.408227
-9.626863
-1.693062
1.138018
-5.206468
-7.505927
-2.095663
0.307599
1.992839
-5.046790
-4.743029
-6.155853
0.816542
-5.335316
-7.138359
3.287107
-3.008018
-8.692618
-0.758992
0.738267
-5.012643
-5.081652
3.432052
-7.425555
-7.771554
3.210214
-6.882847
-4.277435
-8.383173
-0.647447
-5.393070
-7.197770
-5.824207
-10.575480
-6.107021
-6.114946
-0.755363
-8.515021
-4.984557
-7.926701
-0.875642
-7.107502
-10.918034
-8.666665
-7.793618
-4.011185
-3.885039
-2.366372
-10.187533
0.964769
2.720367
-1.024108
4.591457
-7.787092
5.709528
-2.701738
-1.005841
-6.665359
-2.997440
1.136008
-2.457798
-6.888414
-11.293896
4.404947
-7.692232
0.052225
-4.518977
-5.054579
1.768427
0.698360
-6.559717
-7.930424
-5.950817
-7.551430
-4.738716
-3.517899
-6.175275
-0.441513
-1.213949
3.035008
-1.433933
-2.447221
-9.246773
-7.574546
-7.017162
-0.927192
5.607357
-10.731580
3.280298
-3.353918
-5.884104
-5.989968
2.372847
-12.162026
-9.677661
0.574019
-5.991755
-9.417527
-4.973747
-4.580716
-0.386764
-5.320514
-4.757192
-4.994238
-7.939790
-7.551847
-5.406103
5.362961
-4.337224
-0.696350
-6.206100
-4.864786
-3.077739
-6.325891
-6.832738
-8.145342
-0.930645
-6.492848
-5.042924
-5.651482
-7.779011
-4.676111
-6.930514
-3.066396
-2.670857
-6.724514
0.304554
-1.616640
-2.009541
-7.114940
-8.462536
-1.321905
-1.829294
-0.488714
-2.276184
-9.183228
0.488491
-1.317944
-13.139772
-3.385123
-7.009570
-2.153353
-5.746717
-10.815654
-7.539847
-4.813930
-7.172943
-13.619829
-7.068177
-10.103312
-4.555936
-7.609846
-0.203770
-2.287036
-6.671020
3.042680
-0.535591
-3.890062
-9.084414
-7.030112
-3.231867
-9.772206
1.670185
-7.991590
2.440450
-1.591267
-3.150422
5.613226
-4.150792
0.158960
-3.053747
-0.564511
-3.562323
2.359941
3.626037
1.131200
-2.594248
1.919325
0.561680
-10.607274
-4.778298
-4.333952
-8.550715
-0.075625
7.440341
-8.087208
-2.806023
3.291765
3.484879
-6.737849
-12.641826
-7.802753
-4.949152
-0.965352
-3.422661
-1.201802
3.467641
-5.562302
-11.075538
-7.759094
0.174394
-3.772782
-8.583121
-5.436229
-10.794064
-0.037435
-2.666068
-11.255100
-12.478287
1.217801
-6.804502
4.707788
-6.758949
-2.207194
-8.526761
-5.268476
-3.481420
-11.110437
-0.764241
-5.910572
-10.242444
-1.796789
-1.245431
-10.756178
-4.724936
-0.136734
-7.943569
-2.576990
-4.462996
0.148051
-7.021926
-0.171604
-5.522521
-9.944665
0.272065
-0.389300
-11.006399
-5.775139
-3.132336
-1.291570
-3.637928
-6.736856
-5.101648
-6.656587
0.019860
-7.648005
-4.653687
-0.638347
-8.595159
-4.748303
-0.685171
-1.608106
-6.506435
0.720267
-1.565459
-10.429906
0.686728
-2.457342
3.198401
-9.447246
-7.922489
-0.895676
-3.744796
-3.235561
-7.832824
-5.116289
-5.868678
-6.920672
1.742158
0.697532
-8.226772
-7.313782
-9.102089
-9.354442
0.093570
-2.290846
-6.074005
-9.193518
0.357540
-0.953608
-1.500452
-3.107233
-7.613870
5.663633
-2.491382
-3.176827
-7.816561
1.093821
-0.822827
2.442239
7.549390
-2.716491
-1.950938
-1.071911
-6.886996
-8.989670
-3.773670
-1.714099
-3.144682
3.715755
2.770200
-2.239848
-5.550368
-6.546156
-4.117640
-2.851098
2.732522
-8.209867
-10.310141
-7.363738
-9.712389
6.037970
-1.472851
-6.603308
-9.610094
-4.121420
-6.918709
-7.093491
-4.819752
-4.209620
-5.165157
-6.349549
-0.032946
-1.793810
2.796715
0.161458
-6.250875
-7.632266
-7.569728
-6.266455
-6.048217
-7.298275
1.541231
-2.179286
0.363333
5.499927
-11.219921
-1.454765
-0.749560
-2.656628
-9.070128
-0.128245
-3.263503
-2.436821
-3.169924
-11.169873
-7.934116
-9.801369
-8.122169
0.068593
-8.131143
-0.032075
-5.523855
-3.387733
3.195314
-9.009774
-9.456074
-7.036765
-2.524355
3.739035
-0.645657
1.967947
-6.586815
3.677183
-0.096522
-0.643486
-13.412270
-9.073864
-4.942567
-7.134615
-5.932003
-2.962474
-3.785423
-0.074451
-9.194750
-2.971563
-4.828101
-1.803864
-8.190047
-5.532598
-3.910233
0.782304
0.830771
-4.379931
-2.486029
-7.891390
-4.006241
-5.067806
-3.596499
0.325113
-1.575894
-6.437395
-3.517981
-6.083930
0.111148
-3.567190
-3.209759
-1.988431
-1.395009
-6.744498
3.992595
-2.261569
-0.928843
-0.849325
-4.747613
-12.201611
2.484550
3.018882
-5.768927
-0.981158
-0.789779
-10.064601
-1.860682
-6.179237
-1.809062
0.217884
-3.816507
-7.871055
-8.473971
-1.936674
-7.071422
-3.772521
-4.070430
0.541324
7.643652
5.559248
-11.078768
-7.458172
-6.338905
-4.504248
-3.102794
-5.688935
-7.203300
-5.550873
-2.910166
-3.201535
-8.792747
-2.195449
2.409575
-9.599747
-3.656663
-0.930235
1.188259
-3.460747
-0.370392
-2.680925
-5.245669
-5.791398
-2.942283
-3.579927
-8.121528
-8.921179
-1.728407
4.457039
-6.096068
3.805548
-4.629724
-6.728200
-7.483233
-0.715575
-0.274260
-11.049237
-4.506418
0.546889
4.901793
-4.430345
-7.374490
-6.823059
2.161519
-8.595409
-7.029178
-7.343163
-5.188730
-10.958617
-7.440547
-3.663492
-3.914164
-3.787902
-4.887486
-1.964089
-0.738340
0.183118
-2.603215
-4.726219
-3.680834
-5.601394
-13.130833
-1.030649
-1.412996
-0.027060
3.470569
-0.262608
-7.428812
-1.678312
-0.949743
-1.815346
-8.609084
-5.925124
-1.075595
-5.640821
-2.769516
-6.377471
-7.657389
1.566701
-7.443742
-3.815084
-0.354254
-1.974167
-8.571867
-11.211576
-0.847523
-10.665197
3.115133
2.325126
-7.888643
1.265477
1.905855
-4.766314
1.544403
1.768030
-5.753275
-0.667490
-15.098332
-7.105791
1.176549
-0.996402
-1.382634
-5.136906
2.840957
-3.581214
1.834686
-0.320345
-7.673247
-6.499429
-4.540548
-0.873249
-2.615973
-4.829938
-4.763305
-6.240335
-3.237349
2.640313
-3.990984
-8.825326
-7.056581
-3.542940
-3.077991
-10.191384
-7.459745
-2.227186
-0.591372
-7.369378
-9.269528
-7.046590
-2.351030
-3.623779
-2.502123
-5.958454
-2.511862
-9.072109
1.028304
-0.945324
-7.037136
-5.184069
-11.827654
-10.194077
-10.507363
-4.078861
-3.239964
-3.234814
-9.123427
-2.123246
-4.984362
-0.469251
-0.798602
-1.072621
-0.555640
-10.867804
-2.803423
4.816733
-6.287852
-7.630999
-2.862538
-6.039909
-6.398848
-2.787395
-3.559261
-7.451486
-4.447742
-4.795674
-1.488768
-6.771962
-8.738216
-6.649464
-6.344805
6.417855
-7.327348
-13.143229
-5.243705
-2.574348
-8.335131
0.506282
-5.485617
-2.718478
-5.826407
-8.924723
4.242274
-9.021536
-1.397360
0.081583
-0.431103
-1.244571
-7.111560
-2.347148
-0.973295
-4.645979
-5.707133
-2.663635
-4.763639
2.351024
-6.713724
2.022151
0.022919
-6.993336
-3.985208
-3.143515
-7.438643
0.666923
3.541184
-1.773179
7.155088
-4.255781
-8.310760
-3.280290
2.948894
-8.577082
-5.429484
-11.371346
-10.813614
-7.045162
-6.743754
-4.703952
3.060585
-7.010896
-6.404370
-8.065169
0.237358
-0.737087
-7.700472
-5.456553
-0.446332
-2.271552
-3.706707
-0.911845
1.336083
-0.683300
-1.663387
-4.506982
-0.059910
-1.140000
0.244660
-10.472984
2.402283
-4.418234
-6.642691
5.477543
-8.987392
-2.388500
-8.885525
-7.439456
-4.824191
-4.902586
3.388054
1.774089
1.506698
4.105177
-5.649244
-10.181833
-10.776628
-7.862851
-4.772177
-7.886102
-7.994218
-1.935194
-1.762913
-3.875191
-2.991885
-2.297327
2.923870
2.948056
3.929464
-5.354954
1.694579
-8.167077
-7.158644
-5.300398
-3.293244
-3.034128
-6.753006
-8.937635
-0.896389
-5.738470
-3.710384
-1.557757
-2.202560
-2.704255
-9.899217
-1.493239
-0.183054
0.652309
-5.492946
0.800168
-6.703273
-2.757627
-6.859705
-9.767064
-2.032782
-8.534970
-7.081173
1.100096
-3.347935
-5.513142
0.269572
-7.362804
-0.497602
-6.697245
-0.569912
-9.378320
-7.082210
-1.721720
-0.488299
-10.515659
3.204867
-4.840260
-5.489439
-7.191266
-8.517103
3.402748
-5.428819
-6.980114
-7.279082
-8.001933
-5.970292
-7.207416
-6.309927
-13.316648
-1.076797
-10.489658
-1.601121
-5.145407
-2.995243
-6.906463
-0.304664
1.173547
0.919302
-6.217758
-0.547621
-0.960006
-3.834430
-12.992690
-4.276967
-8.667517
-2.556417
-2.786428
-0.304500
-0.668049
-3.466157
-10.664533
1.596520
-9.178252
-12.347357
-5.637199
-6.052713
-4.053747
9.016726
3.260869
-8.732322
2.137044
-4.083168
-1.476211
-3.587682
-5.727020
-12.730356
2.937705
-9.326478
-5.054255
-2.603318
-0.731552
-5.636671
-1.801170
-10.391482
-0.004410
-9.936424
-6.253060
-0.327391
1.494531
-3.208167
4.101440
-3.160370
-8.991802
-3.218106
-1.068894
-1.860287
-2.132178
0.959592
2.452136
-3.996646
-4.446464
-8.291807
-9.649791
3.717958
-4.684332
0.845692
-0.972089
0.145289
-7.775158
8.363136
-6.797244
-7.342737
-0.704623
-8.626807
-5.830481
-2.854213
-4.550380
-3.527448
5.944639
-6.305017
-7.543551
-3.977274
-1.078342
1.029392
-7.589930
-5.582722
0.504248
-0.412288
-3.558361
-0.932242
-7.397013
2.590120
-5.865417
-4.119252
-7.024669
0.988446
0.192954
-3.929731
-6.784776
-7.093065
-3.097645
-7.224744
-6.051714
-2.643953
4.914389
-2.780738
-1.644756
-1.985773
-1.743540
-1.788012
5.423956
3.582636
-3.944793
-2.003041
-5.109927
-1.400930
-2.059233
-2.380991
-6.239486
-0.572811
-8.501672
0.543371
-2.093412
1.634095
1.165826
-9.557667
-6.380273
-4.992898
-6.971333
1.011495
1.754819
-5.061877
-1.253512
-7.520523
-0.795920
-2.547313
1.629567
2.815025
7.721528
-9.268662
-6.205638
-6.397201
-4.707217
-2.529594
-1.220850
-0.848673
3.754053
-7.006837
-6.693976
-5.811158
-8.580432
1.690094
-0.457304
-1.430029
-8.788905
0.839783
-5.812371
-5.597640
2.708741
-8.070831
-9.072903
2.530873
2.708139
0.668267
-4.370585
-0.005184
-6.463503
-2.368924
-8.510245
-3.886924
-5.760446
-9.548489
-5.478672
-9.361259
-6.866961
-6.106596
-0.262042
-1.861390
-0.704546
-1.436649
-1.549587
-2.317371
-10.569723
-6.660271
-1.892985
1.046528
-4.351770
-6.863335
-1.010890
-2.757610
-8.264276
-6.957727
-0.840774
-6.718372
-11.286537
-4.674611
-1.546721
-6.631329
-4.555141
-6.389917
-0.654995
-4.164741
-3.381181
-5.902890
-1.038801
-0.845090
-5.742852
-2.109734
-8.529081
-7.250349
-10.864594
1.073860
-5.720455
-1.450662
1.227318
-7.058578
3.000460
-7.511032
0.631281
0.061195
-6.952179
-5.530731
-8.665298
-6.325251
-5.516772
-4.050756
-6.209270
-9.129690
7.070540
3.462032
-7.904897
-1.499277
-0.395629
-0.432249
-4.948649
-0.782695
0.877403
-2.263039
-3.989586
-3.164900
-2.298250
0.645382
-0.112256
1.817472
-1.920455
-4.832474
0.763177
-4.338339
-7.698418
-1.737245
-5.736681
0.824028
-4.263036
-2.012587
-5.664573
-1.452002
-2.825316
-4.573036
-3.559460
-3.520254
1.752951
1.037561
0.848496
-4.196494
-6.179070
-3.136785
-3.943876
-8.921268
-5.867205
-9.052476
-6.476058
-6.943176
-2.929073
-2.190042
-6.494003
-6.074989
-2.108394
-7.194861
-8.345160
-7.726459
-5.753902
-7.185632
-8.131785
-4.496904
-9.130520
-12.834866
-6.642138
-3.614859
-3.282413
-6.235036
-7.045109
-11.231726
-0.600981
-7.828745
-4.564965
-2.750039
-5.274403
-2.362829
-5.175117
-6.564818
0.718207
-1.989364
-6.578411
-9.992807
-9.917207
-4.867964
3.680561
-3.643506
-6.557023
-3.195837
-3.627469
-6.471635
-3.278259
-8.808143
-4.195796
-4.929907
-4.002049
2.983916
-6.917927
-4.548353
-6.286170
-6.690161
-4.734755
-6.202981
-2.790572
-3.359499
0.437487
-5.718232
-1.181539
-1.256830
-35.379887
-5.823483
-7.276928
-35.319599
-6.019642
-0.920136
-6.343906
-6.212838
-8.688061
-7.055042
-4.949069
-6.967627
-8.590771
-7.101299
-7.666765
-8.068737
-16.766567
-28.814518
-7.468430
-6.786691
-35.529709
-35.124146
-33.758286
-35.397007
-35.180477
-35.494141
-25.904428
-33.751652
-33.266022
-35.477539
-34.663742
-35.110260
-35.319252
-35.616348
-35.269924
-35.223091
-29.820072
-11.068039
-2.386260
-35.368385
-29.716209
-11.461684
-35.272324
-35.722466
-35.270157
-36.037918
-35.444157
-35.134903
-35.898567
-35.702538
-36.094433
-35.104412
-35.751286
-34.317272
-35.105816
-35.166859
-35.109833
-34.765148
-35.394764
-35.908199
-35.192039
-35.270340
-35.080326
-35.549168
-35.619442
-35.269608
-35.675411
-35.773018
-35.564598
-35.673771
-35.353111
-35.450993
-35.561665
-35.812443
-35.675869
-35.557491
-35.057850
-35.105530
-35.473694
-35.405518
-35.578297
-35.410263
-35.510479
-35.393013
-35.313347
-35.580883
-35.687183
-35.595268
-7.197937
-35.932377
-34.983360
-35.192753
-35.625153
-35.059570
-35.267910
-35.286568
-35.636276
-36.072186
-35.599831
-35.984077
-35.501282
-35.910015
-35.549362
-35.428608
-35.504826
-35.670975
-35.960758
-35.452789
-36.084068
-35.368664
-35.973446
-35.619137
-35.591808
-35.313984
-35.528748
-35.798447
-35.662815
-35.737797
-35.830910
-35.279530
-36.042812
-35.543655
-7.019463
-35.321983
-8.853964
-35.582390
-35.350803
-35.577229
-35.524021
-35.877369
-36.040253
-35.733521
-35.810505
-35.535576
-35.125786
-35.929317
-35.352615
-36.008625
-35.581104
-35.436466
-36.168064
-36.005630
-35.832355
-35.576118
-35.412533
-35.189461
-35.418533
-35.343952
-35.066303
-35.735081
-35.215137
-35.545727
-7.598070
-35.903683
-6.944941
-34.960213
-8.677310
-8.864951
-8.101039
-8.187305
-7.733787
-8.906319
-8.228920
-9.472902
-10.353554
-9.995022
-9.811093
-9.228793
-7.817188
-7.730478
-9.413382
-8.364916
-8.752650
-9.228244
-9.108920
-9.858543
-8.664738
-8.391914
-10.485357
-8.512127
-8.692782
-9.770079
-8.980289
-8.832389
-8.612818
-10.526598
-8.864966
-9.568715
-9.827101
-9.010127
-8.327548
-8.534896
-9.139929
-8.519440
-9.509377
-8.739142
-8.654706
-8.751964
-9.134335
-8.473235
-8.459389
-7.806389
-10.051849
-7.846313
-9.469502
-7.988711
-10.731849
-10.082893
-10.341186
-10.045988
-9.364704
-7.824893
-9.528622
-9.382527
-8.223267
-10.191836
-9.245213
-10.475748
-9.967349
-8.382559
-35.532349
-36.038670
-3.365386
-4.862662
-6.090249
-8.820613
-7.405492
-8.369278
-8.736030
-7.305396
-7.796308
-7.091844
-7.467053
-8.696497
-8.406097
-8.881351
-7.671832
-8.729486
-10.924376
-11.615047
-11.370418
-9.584360
-8.123955
-8.482418
-6.467930
-7.644501
-11.076539
-9.017519
-10.797089
-15.781348
-14.638038
-13.562447
-7.076519
-5.939570
-5.218523
-7.123005
-7.483190
-7.295321
-8.285727
-7.718289
-6.788813
-7.566627
-9.418393
-8.855838
-9.158021
-9.702820
-9.703696
-6.220665
-7.319795
-31.906300
-31.557283
-12.825038
-14.633839
-35.460365
-35.764435
-35.492912
-35.456833
-35.675926
-35.672077
-35.706612
-35.301888
-35.648621
-35.601597
-36.145908
-1.215095
-3.433565
-2.439140
-5.939964
-4.214403
-8.268895
-7.232279
-5.118009
-4.989225
-6.852425
-5.402429
-5.898958
-1.510335
-7.033750
-5.437672
-1.492972
-3.858154
-3.153191
-8.505292
-6.324809
-4.059532
-6.070609
-4.412803
-8.379991
-3.383089
-2.829560
-6.914375
-3.698522
-5.972683
-3.930765
-4.219828
-3.583751
-9.179128
-6.859440
-5.766119
-4.218821
-5.614500
-2.657150
-6.913077
-5.438684
-1.053370
-3.480054
-1.311928
-4.848400
-6.120505
-4.651562
-7.132906
-4.795778
-4.334466
-8.561460
-6.753393
-7.227959
-7.837418
-4.371853
-1.281344
-6.893559
-0.828052
-8.172203
-5.238456
-7.338133
-6.728592
-7.444825
-4.076760
-3.076200
-2.410344
-6.317290
-7.335002
-6.052454
-5.883495
-2.243677
-5.879194
-7.392020
-2.951397
-7.300808
-5.364938
-2.103719
-5.479621
-4.451779
-6.285691
-5.135082
-7.651777
-8.936988
0.831159
-3.281282
-5.108560
-8.785997
-5.409829
-5.681597
-7.156072
-3.954279
-8.893770
-6.824687
-8.996521
-5.763490
-10.147157
-5.759012
-9.376921
-4.005150
-1.637629
-2.420834
-2.791506
-4.500707
-10.711477
-4.280846
-6.698687
-5.598776
-10.411866
-4.316895
-4.183178
-10.191249
-2.141405
-7.956483
-5.082000
-5.914896
-9.191935
-7.785132
-4.416716
-5.294697
-7.310281
-4.534580
-8.367752
-6.620839
-5.429940
-6.609725
-7.012506
-3.130782
-9.510406
-5.498456
-5.140152
-7.038364
-7.109716
-4.445446
-8.984675
-5.245362
-6.902779
-10.173329
-7.490870
-7.348306
-6.576938
-3.676180
-10.310551
-7.436739
-5.695056
-6.717389
-3.632626
-6.082961
-5.893381
-4.554013
-8.326850
-5.794492
-9.187781
-4.908072
-8.336699
-7.810128
-7.927689
-9.464173
-6.486440
-4.507894
-4.279299
-6.496518
-6.926429
-6.420954
-6.888470
-5.499300
-4.292663
-3.550199
-8.067780
-7.910752
-4.424178
-7.989332
-8.817145
-12.499285
-4.663810
-7.071249
-6.317651
-5.233291
-6.571986
-4.881262
-3.861085
-6.725942
-4.670203
-9.868710
-7.099401
-4.923753
-1.643717
-2.571415
-3.791506
-2.867427
-8.415126
-3.085581
-4.826472
-6.422529
-5.728148
-7.195882
-6.858882
-7.949051
-2.901533
-4.745192
-6.516027
-6.105003
-5.569342
-8.509294
-6.651587
-2.000186
-3.514438
-4.747415
-5.598828
-5.712598
-7.578448
-7.278958
-7.173558
-3.886914
-3.380722
-10.154557
-5.479882
-4.359559
-8.163311
-6.304244
-9.279772
-7.017928
-7.941533
-3.079424
-7.340369
-6.032834
-4.719583
-5.013613
-8.956578
-8.088800
-1.521560
-8.412704
-9.969781
-6.608944
-4.925875
-6.629806
-6.587224
-8.711877
-5.955850
-4.188187
-5.131241
-10.583221
-7.699226
-4.458415
-7.084161
-5.341047
-10.708248
-9.802032
-3.867015
-6.545530
-11.824059
-7.069635
-8.655807
-3.655900
-4.026549
-5.292048
-9.265222
-3.134348
-9.348424
-3.938807
-9.514466
-7.642140
-7.071313
-9.427125
-6.540250
-5.793882
-5.937154
-8.468405
-10.154402
-9.461736
-5.176088
-6.496722
-7.926562
-9.008051
-3.346891
-7.672608
-8.419571
-3.714460
-7.842911
-9.660887
-5.686168
-1.711949
-9.520315
-8.302055
-5.916134
-4.847116
-5.762977
-3.764602
-6.333268
-3.986305
-7.174433
-7.832829
-9.750484
-7.294503
-9.546923
-7.246304
-8.138153
-3.643575
-3.756950
-4.849127
-9.421818
-4.967781
-4.117062
-8.413618
-8.901291
-4.309520
-8.487241
-5.393480
-5.639429
-8.984042
-9.328913
-5.888020
-4.990380
-4.182841
-7.346829
-7.474215
-5.305411
-6.754543
-7.421468
-6.327353
-9.963100
-8.696893
-7.334968
-9.618593
-9.514918
-8.239594
-6.312841
-5.646465
-9.324090
-6.487550
-6.893072
-7.271306
-6.125872
-8.538956
-5.296548
-2.504464
-7.871498
-8.866940
-6.230590
-7.455274
-7.235728
-7.069167
-3.557157
-7.359673
-4.547268
-9.052221
-7.849812
-7.093626
-7.864427
-5.745539
-7.425723
-6.402879
-10.025537
-7.484959
-4.700134
-9.603903
-5.061612
-10.598279
-8.816201
-6.526549
-5.964834
-8.055796
-5.705589
-8.493978
-7.354516
-9.643233
-6.570632
-6.160426
-5.120022
-9.756923
-6.214253
-8.803459
-7.765295
-6.706360
-8.010218
-7.855661
-4.805796
-8.117079
-7.719789
-7.094072
-7.226284
-8.052164
-7.679389
-6.562641
-5.807478
-1.781924
-8.721923
-4.907625
-9.556089
-7.843835
-7.101631
-5.339494
-8.394818
-3.711818
-8.535083
-5.869490
-3.692994
-9.886594
-8.421775
-8.675114
-8.475314
-10.042248
-9.395426
-7.585901
-8.468963
-10.938261
-9.072078
-9.830803
-7.668365
-7.534243
-10.031227
-10.186827
-6.385079
-6.563594
-5.326751
-8.031801
-9.323026
-4.703128
-6.484801
-5.597229
-7.017892
-7.102489
-3.542093
-6.803025
-10.033022
-7.462788
-5.657678
-6.406903
-9.265732
-9.076473
-9.211312
-2.729198
-8.269291
-8.241146
-5.049013
-11.305300
-8.024878
-6.089963
-8.763223
-7.671960
-8.136022
-8.774775
-6.190177
-7.894757
-9.102489
-8.110862
-4.281560
-6.529235
-9.959577
-7.355645
-8.097307
-11.510508
-5.777803
-10.326868
-5.898957
-6.382206
-7.332763
-11.163074
-5.816273
-7.753797
-6.160178
-9.992970
-6.119302
-9.268712
-9.675172
-7.279221
-8.836103
-7.608310
-5.300192
-8.925985
-8.378670
-6.609911
-6.570734
-5.350639
-10.395061
-7.385122
-4.794817
-2.817423
-5.397338
-7.899123
-5.751087
-4.556415
-5.168257
-9.013595
-6.149647
-6.898740
-5.615974
-7.897609
-3.616049
-13.385071
-5.918972
-10.317179
-8.903797
-8.611645
-9.172863
-6.884577
-9.964284
-9.368224
-5.967296
-5.270829
-3.166800
-9.901920
-9.748923
-7.324081
-8.461823
-6.913958
-7.510167
-6.318784
-7.114204
-5.771533
-3.524462
-7.003648
-4.926517
-5.486703
-2.606948
-6.059780
-5.860854
-5.590372
-6.423880
-7.870106
-6.383981
-4.502943
-10.317467
-8.935417
-6.948910
-6.258012
-11.936448
-8.923470
-4.115691
-7.965761
-9.880724
-6.843368
-10.311604
-9.368418
-6.441093
-6.961973
-10.227067
-10.181446
-8.386926
-9.952317
-8.916968
-5.412265
-7.217642
-9.800415
-6.619660
-10.146334
-6.047250
-4.781368
-7.375225
-7.146144
-6.156493
-6.657656
-8.071388
-7.279713
-6.269912
-8.745964
-4.375868
-7.813338
-11.035469
-5.979002
-10.868538
-6.750946
-5.323461
-9.809739
-7.555129
-4.346590
-3.220673
-6.197528
-7.634748
-8.217364
-7.790811
-5.198497
-6.034717
-11.417519
-7.087645
-6.679832
-5.610041
-4.102379
-10.197001
-7.167578
-10.278789
-9.117676
-9.696457
-4.946853
-9.454337
-5.495513
-8.731802
-8.616922
-7.397003
-9.509347
-7.854283
-8.589512
-8.427766
-8.805898
-3.208625
-4.885077
-9.428732
-6.514863
-11.132540
-7.005942
-5.342715
-6.356046
-7.671576
-7.528262
-10.104972
-5.832554
-6.784806
-11.185385
-6.801609
-8.889820
-8.779457
-7.758611
-9.650522
-9.768644
-8.324648
-10.412504
-10.699800
-7.376182
-8.197657
-8.336536
-7.662107
-9.718760
-4.452618
-8.300286
-5.116876
-6.987691
-8.484943
-12.899769
-5.260130
-7.428725
-7.938456
-6.557165
-9.587868
-10.860431
-7.468102
-8.685260
-5.943373
-7.166041
-8.041308
-6.558486
-7.567400
-4.525676
-7.513252
-7.416245
-3.984228
-9.622111
-4.155826
-9.855878
-8.234982
-5.486422
-5.615457
-9.438935
-3.794949
-7.915016
-5.199318
-10.045918
-10.836759
-8.278860
-7.647696
-6.486426
-1.492468
-6.113506
-7.169388
-9.149773
-4.885537
-11.465086
-7.023892
-8.940736
-5.974704
-5.081027
-9.295129
-4.564832
-8.047766
-7.228326
-10.960016
-11.607349
-8.524115
-6.409653
-8.781595
-9.338802
-8.115851
-8.052051
-5.508428
-9.351271
-7.406610
-8.053784
-9.719573
-6.616746
-6.045844
-4.789065
-5.993220
-8.128108
-7.178505
-5.571585
-10.192534
-7.131864
-4.193495
-9.850124
-9.313079
-7.769833
-7.609746
-8.009320
-7.665770
-10.400456
-6.842942
-10.451569
-7.028062
-7.905034
-9.642780
-5.997239
-11.502913
-6.626313
-8.491466
-6.073189
-5.828382
-7.631691
-7.627556
-7.830173
-6.237025
-11.188278
-4.987831
-9.591189
-7.212597
-7.112318
-9.216955
-9.449026
-10.049586
-8.203004
-3.877403
-9.604622
-9.048606
-7.839215
-8.963305
-2.375940
-5.937469
-5.827884
-9.224751
-4.501121
-7.736432
-8.313574
-4.343006
-4.518416
-9.212223
-5.356849
-10.488346
-7.912688
-7.567353
-8.152746
-5.518321
-10.155556
-8.192457
-8.733177
-8.841376
-6.736677
-12.072610
-9.174337
-8.636159
-8.603142
-7.009763
-11.479834
-8.555624
-8.773808
-5.812929
-8.833248
-6.202316
-7.530384
-8.921947
-10.201800
-8.521268
-7.076353
-7.880723
-6.642576
-6.409201
-7.462944
-6.617520
-10.124804
-7.723698
-11.615836
-5.306350
-7.451299
-7.887868
-7.018810
-3.396754
-6.731411
-5.098304
-7.777683
-9.984253
-6.224666
-8.988638
-9.231426
-8.899949
-7.343463
-8.121100
-6.569227
-5.733796
-9.020646
-5.606001
-4.460793
-4.050295
-9.997440
-7.685921
-6.006791
-9.029957
-10.474656
-7.407845
-7.078365
-8.930541
-4.757723
-9.018818
-4.371272
-8.657516
-5.969180
-9.007561
-8.355374
-8.035471
-9.308188
-7.330215
-9.649682
-8.752426
-5.060348
-5.119445
-6.501067
-6.708160
-6.758923
-5.566280
-8.200907
-5.301488
-5.146849
-7.374884
-8.106753
-8.893206
-8.681104
-5.283492
-8.758698
-9.756264
-13.506924
-5.779763
-6.089344
-6.850479
-7.242863
-7.543205
-7.288058
-4.824414
-7.611249
-6.139337
-12.223532
-8.478258
-8.748140
-3.078997
-8.153688
-7.885884
-9.242381
-7.153311
-7.496671
-8.702385
-7.795168
-5.337659
-9.416308
-8.992717
-6.663486
-9.063573
-8.263908
-9.339262
-4.536146
-4.918454
-5.118612
-10.722672
-9.862046
-6.054061
-6.237591
-6.487476
-10.711764
-8.514813
-4.285779
-10.435803
-8.006384
-6.066859
-1.694981
-7.480224
-8.309657
-4.186598
-7.785283
-4.872598
-9.492380
-8.412795
-5.792907
-7.550882
-7.806365
-9.541862
-9.711413
-7.602247
-4.570238
-8.411503
-6.221282
-6.777332
-9.425476
-10.562931
-7.195278
-9.348459
-4.492689
-11.663591
-8.543297
-8.101187
-8.423620
-8.745445
-7.174504
-8.465559
-8.123083
-9.262681
-5.467166
-9.330090
-6.482530
-11.351287
-7.272438
-7.269196
-4.582980
-4.002974
-10.814492
-7.357175
-5.945570
-6.580728
-4.499812
-8.198505
-8.533243
-6.200652
-8.606168
-10.145583
-7.819028
-7.087506
-10.292558
-9.450386
-9.519773
-5.981165
-10.238377
-8.796671
-10.429143
-6.874228
-11.029639
-7.476576
-9.354398
-10.383717
-5.159378
-8.526424
-8.361197
-7.809590
-5.967448
-3.911767
-7.047271
-7.134926
-8.831110
-6.524196
-7.795322
-8.957071
-12.000360
-9.951440
-7.061234
-8.008375
-6.090737
-6.296531
-1.244773
-6.515167
-9.318500
-10.480311
-9.838836
-4.746126
-5.146619
-6.959400
-8.101693
-10.159966
-8.907510
-9.476418
-5.609822
-3.899494
-6.819812
-10.573933
-6.011557
-7.284680
-7.127185
-6.158222
-8.424861
-9.109589
-9.263127
-7.995004
-8.569102
-10.851702
-5.849598
-8.515653
-8.179528
-8.161736
-6.009344
-8.846622
-9.644087
-7.034850
-8.958205
-5.712885
-8.845405
-6.763168
-5.647646
-7.124627
-5.203266
-9.082059
-8.445217
-9.342903
-8.683984
-11.253541
-7.264851
-7.687551
-8.377848
-8.230479
-6.608716
-4.753228
-5.634570
-5.589571
-6.208908
-6.690415
-9.722517
-5.455679
-7.457463
-5.171245
-10.392764
-9.260746
-9.538807
-6.245323
-6.221757
-5.620046
-9.736613
-10.351277
-4.612413
-7.311331
-5.893822
-5.624986
-5.475590
-9.400928
-4.462784
-11.446815
-4.728151
-5.184022
-9.424680
-10.674971
-5.826718
-7.944543
-11.296282
-6.664254
-8.332579
-7.409484
-8.809877
-7.670513
-9.431299
-10.156516
-6.394442
-6.210122
-6.848202
-7.247652
-9.199152
-3.873909
-6.031362
-5.778122
-6.416463
-8.967262
-7.441026
-9.682480
-9.049918
-6.845871
-9.024231
-11.115015
-9.978905
-9.789349
-8.093282
-9.284513
-10.085309
-11.128108
-7.402371
-7.427410
-8.657370
-6.008981
-5.992661
-5.820402
-5.637998
-7.471441
-3.600241
-6.260676
-5.607157
-8.132446
-5.848133
-6.585967
-9.365687
-8.471794
-10.472265
-7.169004
-10.428871
-7.174785
-11.931309
-4.915709
-5.448204
-5.963913
-7.646857
-8.909242
-7.552986
-9.939844
-8.863556
-9.208018
-8.182494
-6.263227
-8.341582
-8.570587
-9.825562
-7.326819
-5.665599
-5.965100
-9.592162
-8.283471
-9.962086
-9.461972
-10.020110
-10.686898
-8.606524
-4.960420
-8.058527
-9.391335
-4.852674
-5.183625
-10.092499
-9.274974
-4.343703
-6.391521
-7.491140
-7.176594
-7.200834
-7.030376
-6.088788
-7.023403
-7.388337
-7.228432
-4.824552
-6.705485
-7.038758
-10.061298
-9.311938
-9.573176
-8.391371
-10.147200
-7.201547
-7.547928
-5.072735
-6.172889
-8.522367
-10.589911
-8.812268
-9.073896
-5.554066
-9.657346
-10.121385
-10.317045
-4.713220
-10.428748
-5.470256
-8.117788
-6.458498
-6.669842
-8.453704
-5.623867
-7.929489
-9.314165
-7.575084
-10.649280
-11.806623
-8.416399
-7.704128
-9.231039
-5.562339
-10.054920
-7.832082
-7.915345
-10.156350
-7.148405
-8.719865
-8.643002
-10.342767
-10.832211
-5.206198
-7.645693
-8.058929
-9.105474
-8.928654
-7.369788
-6.417177
-8.034110
-10.224049
-9.514025
-7.916835
-6.378913
-9.600498
-5.316713
-11.070861
-11.205955
-11.041444
-6.950881
-7.843497
-8.696827
-9.405694
-6.379187
-8.822454
-7.081947
-6.568035
-9.467586
-7.875281
-6.492683
-6.451993
-9.062760
-11.022696
-6.045465
-7.668694
-10.005722
-7.073927
-11.044722
-6.084118
-4.705897
-9.133945
-6.268353
-7.836224
-9.863783
-6.506450
-9.048223
-8.665789
-8.704882
-6.415936
-6.392157
-6.672446
-5.387028
-7.988396
-7.513980
-9.931021
-4.280222
-10.648293
-10.443419
-8.769727
-9.453415
-10.644311
-9.508732
-8.865551
-9.410588
-10.483440
-8.664367
-5.399625
-9.832771
-6.442420
-8.476719
-8.148892
-5.454656
-10.136546
-8.413139
-9.313126
-6.269300
-7.158877
-5.820847
-9.201528
-8.816023
-7.621379
-8.261297
-6.228281
-6.758078
-8.064075
-7.224572
-11.891207
-4.577918
-8.684140
-8.849347
-5.477878
-6.613812
-7.445795
-11.180065
-11.128137
-5.462358
-9.095105
-6.458054
-8.062997
-10.537041
-9.247235
-11.343929
-7.948611
-10.802461
-9.034726
-7.068938
-6.656780
-4.465222
-8.126045
-8.118456
-9.267104
-6.896961
-7.914438
-9.046618
-8.638064
-8.375420
-8.736421
-4.911396
-9.104322
-8.721488
-9.159650
-7.727252
-10.906973
-9.505371
-10.388920
-7.402409
-7.894769
-5.769708
-5.750132
-6.114855
-5.767421
-9.645107
-7.352128
-7.639070
-5.381433
-6.373014
-10.939164
-7.261695
-6.706952
-8.229689
-11.255309
-4.164467
-10.071171
-10.542524
-9.502985
-6.391779
-7.765040
-5.950360
-5.557593
-7.191853
-7.967837
-8.204391
-7.359586
-6.932420
-10.126098
-2.574999
-8.909922
-8.243153
-5.341661
-11.124130
-5.806171
-7.552301
-8.581854
-11.104652
-13.525889
-6.850160
-3.682102
-7.083578
-6.674463
-8.824793
-7.532530
-8.033913
-10.193540
-7.808218
-7.017900
-5.921040
-10.290857
-10.343512
-9.632104
-7.059821
-7.673164
-9.759191
-11.118211
-8.769218
-9.757977
-7.126604
-8.961885
-8.599516
-7.132668
-11.584519
-5.514393
-8.332321
-7.889123
-7.871290
-6.632775
-12.491722
-6.506881
-8.315552
-4.021412
-9.854477
-6.840261
-6.125678
-7.533336
-7.682553
-8.536135
-8.388550
-7.722706
-9.522026
-5.446791
-9.815745
-9.675913
-10.310400
-7.761870
-11.345633
-11.460207
-9.289830
-8.435579
-11.752629
-9.872662
-5.513672
-7.795993
-7.734864
-6.385811
-10.039557
-8.381164
-9.294048
-7.452570
-9.223254
-7.519944
-8.303820
-3.513414
-11.004457
-11.209765
-11.869154
-7.340556
-6.247437
-13.725698
-8.959573
-8.786227
-6.579862
-9.810431
-9.446548
-7.491309
-6.315664
-9.065104
-10.959261
-7.668057
-7.736473
-9.735635
-4.430053
-7.141268
-7.572883
-7.510045
-7.622397
-7.764935
-9.559401
-10.884889
-6.198316
-8.576849
-8.297376
-9.492432
-10.234620
-8.099388
-7.471984
-9.182930
-11.370869
-11.315191
-6.860487
-4.652212
-8.015804
-8.663851
-9.612063
-6.174456
-9.757516
-5.677919
-8.935859
-9.086764
-13.201176
-6.645911
-9.015289
-8.366081
-2.696369
-10.048706
-6.119421
-7.019904
-8.841328
-9.159371
-8.441837
-35.829742
-8.832516
-6.420192
-10.285195
-7.752728
-5.926759
-9.991385
-6.817029
-6.778800
-11.177664
-6.731922
-8.531376
-10.243129
-8.659626
-8.975934
-9.688968
-6.699479
-4.528443
-6.984344
-10.722622
-6.654250
-6.209580
-7.704554
-8.784174
-8.974081
-9.119699
-7.617414
-8.066740
-9.918335
-6.747626
-8.132218
-7.424401
-6.378995
-6.763302
-6.977903
-8.493210
-7.011976
-7.872269
-9.553691
-9.545383
-9.829454
-9.423635
-10.051737
-4.499861
-8.151442
-9.089300
-7.710208
-8.343416
-9.542704
-10.490853
-8.853058
-7.508034
-10.926408
-8.978068
-9.871599
-8.477098
-6.713641
-9.745029
-8.181952
-8.898646
-9.512272
-8.021346
-8.357794
-9.783714
-8.116257
-7.754426
-7.028377
-7.145949
-5.389182
-10.384912
-10.305602
-6.819806
-9.709922
-9.255364
-6.645604
-7.947259
-10.476595
-6.201573
-9.706812
-5.039102
-8.891239
-5.777287
-10.434951
-6.580759
-4.570041
-8.098410
-7.433422
-9.382376
-7.764781
-9.594402
-8.207508
-2.547168
-9.844262
-7.329789
-7.852038
-7.395749
-4.687061
-9.545516
-5.230049
-7.355621
-9.448647
-9.989520
-7.446702
-11.805928
-9.047029
-10.603477
-12.174826
-6.830188
-9.889384
-6.613101
-9.843429
-7.117321
-8.856707
-6.632174
-6.375339
-9.752212
-4.967288
-9.358554
-7.368169
-5.247223
-9.010795
-4.338461
-7.841002
-10.583132
-9.373946
-6.235694
-10.079489
-7.578243
-11.524350
-8.805442
-5.647489
-6.216475
-8.526026
-9.221984
-12.379997
-5.805579
-8.722643
-6.234614
-10.236307
-10.010653
-5.951149
-9.260608
-9.368736
-9.570829
-9.434561
-7.804410
-8.344473
-5.325569
-5.816735
-7.319419
-11.171545
-8.094993
-9.215082
-5.454724
-11.020527
-9.778935
-5.975533
-5.716547
-10.621367
-4.932991
-5.055969
-8.143089
-5.598125
-8.678530
-9.826944
-12.007329
-7.406811
-9.068560
-8.485336
-9.795103
-10.296207
-7.306713
-9.393662
-9.094015
-11.557405
-6.391695
-10.581108
-5.474277
-5.750813
-8.964497
-6.627981
-8.323145
-9.034070
-8.875919
-7.975895
-8.332693
-9.442653
-7.366099
-10.716163
-9.934835
-10.558342
-9.392490
-7.653262
-4.520637
-9.505665
-8.308129
-10.318157
-7.055895
-8.164043
-11.872068
-5.316311
-9.613529
-9.018794
-9.363565
-7.506012
-8.717517
-9.105252
-7.096147
-6.963208
-8.155688
-6.991030
-8.299399
-9.364795
-8.816259
-8.086479
-9.759135
-5.866246
-10.622967
-9.338356
-10.007107
-7.645185
-5.509898
-9.422852
-10.465284
-9.977617
-7.875960
-8.623642
-8.806369
-8.571505
-9.131312
-11.799119
-6.188086
-10.161333
-9.051249
-8.276423
-7.528656
-9.076112
-9.363444
-10.005980
-5.174732
-5.846838
-7.618345
-10.383495
-10.059488
-3.216861
-10.357985
-7.441276
-8.755277
-10.868904
-10.938286
-9.002157
-7.904730
-6.692213
-10.105047
-9.217539
-9.057310
-6.902381
-8.793786
-8.775365
-7.879039
-10.304875
-9.838339
-10.675967
-10.958096
-6.868834
-11.338178
-9.187826
-7.038829
-10.341851
-6.873123
-11.012926
-5.680456
-8.216595
-7.476247
-10.519036
-8.513321
-9.147593
-7.685207
-7.958428
-9.223846
-4.881849
-9.516306
-8.481455
-9.248836
-5.785655
-5.674322
-6.286047
-3.824504
-10.047911
-7.793760
-10.133090
-8.428144
-9.766367
-6.716323
-5.610247
-7.463124
-7.012280
-8.503660
-10.984718
-9.911942
-8.454517
-10.165622
-8.573510
-10.149529
-9.943813
-6.626789
-7.628872
-6.497422
-9.601622
-8.369685
-10.766068
-7.986877
-8.358143
-6.690352
-8.552104
-10.530014
-10.734955
-8.050194
-9.440940
-11.067792
-9.732556
-5.647754
-4.611449
-10.642258
-8.704796
-6.660155
-10.326915
-7.662063
-6.495630
-8.186602
-8.572963
-9.424965
-6.532348
-9.598906
-7.451512
-8.957957
-11.736275
-12.587117
-7.659717
-8.602097
-12.347377
-9.387060
-10.277635
-9.511235
-7.629229
-11.556437
-10.023460
-8.123026
-9.409127
-4.786094
-10.569862
-8.073146
-8.725590
-6.648623
-6.043506
-10.365484
-9.014079
-8.796790
-6.928858
-8.577064
-8.528393
-9.846023
-11.127083
-8.927217
-6.813451
-9.760354
-4.821887
-7.233177
-9.641916
-6.947653
-7.699754
-9.335062
-10.469265
-8.615335
-5.297285
-6.744889
-10.224560
-9.683796
-8.050862
-7.855612
-5.246626
-7.212414
-6.421342
-6.732409
-9.117226
-9.441194
-9.479870
-8.737605
-5.189723
-11.098498
-8.964250
-10.075937
-10.493506
-9.308242
-7.513175
-9.140004
-9.629869
-7.594059
-7.149822
-3.008296
-7.453178
-8.305489
-10.198930
-12.497485
-9.645622
-6.955991
-11.102700
-9.768804
-7.404413
-6.677365
-6.409536
-4.615378
-11.212618
-10.536114
-7.071240
-6.977938
-5.834786
-10.575304
-8.098644
-9.060947
-5.545245
-4.729486
-8.129196
-7.051859
-7.470675
-8.324825
-10.856266
-7.740386
-10.590875
-9.822230
-6.066613
-10.806521
-11.703588
-9.386403
-11.127672
-6.089341
-9.827053
-7.645914
-5.709146
-8.197755
-6.163358
-10.030767
-10.844701
-6.145694
-5.342637
-4.904471
-8.577030
-7.466319
-6.960392
-6.431449
-4.144006
-8.069520
-6.128269
-10.008691
-11.020929
-8.033016
-7.307419
-9.414406
-8.845792
-10.602205
-6.846749
-5.814636
-3.760239
-7.328434
-4.939878
-10.495068
-9.578317
-5.787484
-7.036420
-4.546537
-8.742574
-8.495462
-7.108238
-5.987763
-8.474854
-6.458069
-11.936440
-4.678630
-2.589964
-6.566295
-7.875947
-5.728636
-7.829677
-6.644825
-6.873607
-8.242665
-8.020226
-8.551244
-8.078514
-8.202942
-7.151657
-9.679435
-6.545136
-8.176033
-7.121446
-11.615336
-11.027292
-6.699409
-8.950676
-8.420564
-11.684208
-9.306986
-9.134710
-6.340840
-8.555007
-9.707600
-8.152071
-8.843246
-10.349332
-6.561882
-5.664107
-10.843716
-7.759999
-12.768790
-6.941516
-7.643872
-7.095965
-5.717061
-5.750206
-7.456335
-10.176472
-6.227801
-8.408220
-7.385908
-9.893008
-6.409940
-8.001837
-7.378305
-8.360098
-9.981190
-10.507186
-13.781780
-8.659060
-10.413517
-10.696503
-6.699314
-7.477200
-6.558693
-10.374990
-7.307197
-8.928380
-8.486162
-5.021181
-9.482794
-6.558720
-10.406975
-9.401952
-8.197026
-10.193357
-10.499966
-7.235026
-8.804798
-10.374982
-8.547456
-7.776745
-7.556540
-9.514392
-6.583555
-11.792404
-9.545206
-5.732191
-10.443594
-10.208607
-5.724730
-9.520278
-11.503545
-9.430889
-7.435561
-9.132340
-8.725965
-15.332599
-4.685244
-8.934072
-10.435644
-9.431677
-7.316137
-11.220769
-9.881822
-8.730104
-5.962658
-7.420986
-9.868508
-4.947745
-11.170067
-6.918744
-9.484599
-8.964634
-6.736632
-8.173789
-10.377633
-8.076799
-7.607244
-7.896008
-8.474251
-10.242454
-5.661247
-9.234097
-8.577773
-10.070569
-6.780059
-6.621644
-8.222772
-9.580511
-8.547359
-6.235896
-9.618220
-9.736470
-9.104591
-11.044209
-8.772776
-9.396925
-9.160828
-10.578520
-6.947161
-7.491009
-7.855920
-8.287848
-6.227032
-5.902834
-8.938122
-5.976796
-10.482419
-8.942770
-11.967905
-8.646238
-7.505521
-7.268799
-5.959465
-9.967728
-8.601011
-7.356084
-9.040849
-7.458213
-9.689790
-6.905113
-8.094156
-9.661977
-6.106247
-5.880517
-8.290311
-7.816816
-10.138706
-8.227872
-4.705218
-8.633698
-8.684725
-10.269779
-10.684104
-7.755300
-8.198709
-6.332028
-7.847311
-8.174796
-10.093987
-10.301716
-6.669546
-9.804417
-6.750785
-7.999474
-9.180855
-6.040568
-8.698796
-8.234571
-8.216880
-8.667429
-8.074630
-9.089706
-9.063970
-9.266918
-11.010328
-5.343048
-10.338180
-7.268535
-8.394967
-4.996455
-9.849028
-4.534995
-8.766493
-10.589206
-10.034467
-6.489028
-8.621313
-6.630461
-7.324784
-10.479549
-6.444431
-8.088229
-8.470321
-10.413702
-9.577221
-6.787931
-5.109830
-9.828200
-7.183109
-6.853827
-8.078992
-12.082812
-8.791780
-9.251303
-8.369129
-9.718737
-10.777720
-8.991927
-9.372933
-8.234126
-7.037180
-8.415531
-6.264642
-6.953590
-7.320754
-8.069780
-8.871534
-5.819042
-11.630720
-6.160359
-10.464370
-6.348311
-10.992940
-9.523602
-7.219572
-7.768871
-12.372313
-9.686954
-8.814461
-10.426177
-11.618358
-6.243876
-8.412277
-10.675531
-8.774157
-9.233553
-8.236835
-10.162230
-6.367368
-5.636674
-10.289424
-7.023088
-9.261862
-10.218102
-7.790301
-9.265409
-10.061668
-7.857433
-11.639431
-5.778205
-7.492539
-9.479830
-12.138491
-7.364726
-9.766613
-8.994721
-8.603110
-9.986670
-6.316878
-9.832699
-8.417906
-9.459438
-7.177759
-9.238889
-10.544346
-6.200150
-9.311590
-9.454661
-9.819083
-9.824052
-8.390251
-8.461536
-6.651160
-9.167722
-9.156868
-4.234036
-7.893293
-8.290352
-6.381876
-5.238530
-27.551605
-10.460784
-7.503219
-8.938856
-7.953934
-7.288520
-10.482157
-11.687393
-6.665020
-5.973618
-9.933137
-8.797394
-11.268302
-13.534538
-7.670982
-6.003537
-6.517832
-8.927730
-8.635108
-9.768871
-7.424574
-10.770468
-6.356750
-8.828936
-7.562591
-7.832666
-5.209892
-12.059566
-9.222116
-9.783132
-6.687269
-8.485524
-12.357635
-8.406172
-9.355011
-8.473499
-9.233665
-6.121458
-8.650277
-6.918788
-9.569502
-9.037333
-7.826169
-5.784960
-9.470348
-8.279072
-9.466733
-8.210359
-8.385178
-4.683631
-10.387224
-7.477551
-8.218664
-6.927883
-7.345382
-6.989051
-8.076074
-9.069677
-6.631051
-11.607801
-8.072379
-9.335713
-6.788932
-5.694832
-10.868685
-7.930789
-9.561895
-6.361734
-11.959244
-8.707040
-8.566601
-4.665418
-11.200567
-9.441009
-6.823205
-7.622522
-7.308922
-6.040327
-9.969399
-7.065280
-7.937834
-8.941184
-6.598633
-8.678578
-9.853674
-11.543440
-11.810997
-8.068891
-7.529655
-11.420720
-10.003828
-11.174883
-10.762470
-5.997551
-5.956851
-12.047255
-8.185853
-9.693851
-8.470607
-10.164031
-10.855198
-5.291553
-7.866811
-8.570537
-8.390223
-8.877869
-8.035227
-7.729448
-7.871825
-7.412807
-6.679525
-8.528581
-10.808409
-10.043550
-8.771463
-8.850392
-6.548737
-8.157522
-8.155456
-11.415080
-10.635631
-9.808485
-7.072075
-6.404972
-8.329223
-7.575828
-8.642217
-9.447570
-9.432984
-5.611493
-12.375294
-8.172300
-9.728289
-7.226264
-10.191668
-9.544754
-7.808567
-8.922746
-8.634028
-8.847474
-7.452075
-10.653089
-8.354229
-11.064690
-8.354453
-6.720888
-3.434306
-7.594068
-11.743614
-9.995409
-6.671826
-5.515599
-9.391912
-11.377787
-9.417612
-4.073556
-8.448578
-5.287719
-10.024858
-9.082090
-11.451289
-7.684823
-11.345005
-7.375705
-8.251571
-8.428514
-8.217281
-6.986991
-7.239172
-7.810644
-9.417223
-6.369099
-10.721409
-7.848935
-8.367211
-7.169580
-9.623964
-8.156511
-7.734131
-6.056783
-9.212117
-6.979149
-8.559035
-9.668690
-16.665350
-9.851406
-10.437939
-8.060747
-6.558812
-6.962135
-10.452730
-8.504393
-8.922962
-7.878823
-9.181638
-7.340299
-10.459698
-8.012236
-4.956986
-10.563265
-7.908170
-10.007710
-7.602918
-4.740514
-10.016339
-7.621140
-7.601604
-8.793309
-7.918231
-9.783047
-9.885799
-10.463234
-7.507679
-7.264385
-7.066908
-7.310936
-7.113368
-10.493344
-29.585634
-5.896819
-10.002291
-11.042574
-7.801354
-6.369801
-8.215204
-8.646502
-7.832398
-8.766447
-10.850863
-11.343258
-9.798296
-6.785702
-6.756508
-10.479491
-8.682093
-8.186827
-7.417916
-6.608642
-10.936728
-10.406071
-6.994974
-9.259824
-7.806948
-7.743546
-6.644676
-7.995273
-11.071294
-8.723763
-9.942759
-10.267513
-10.116947
-5.959531
-11.085475
-6.877510
-8.535742
-11.811739
-9.561741
-7.198191
-11.203616
-5.788215
-9.075749
-9.708708
-8.836717
-9.852047
-8.836720
-10.704791
-11.072980
-6.183542
-8.669134
-8.200379
-10.517852
-9.081108
-8.595709
-10.370769
-4.848203
-4.651416
-9.439346
-5.975277
-10.792779
-9.073704
-9.033719
-7.371438
-8.755517
-7.659035
-10.038350
-8.282024
-6.547385
-7.450094
-11.068261
-11.139187
-10.967831
-6.415662
-8.649357
-9.529054
-8.370407
-8.305273
-11.528264
-10.144535
-9.277137
-6.650439
-8.886747
-11.267995
-8.214136
-9.224008
-8.560423
-7.993548
-9.024933
-5.170695
-6.059237
-9.778670
-7.259746
-7.422738
-9.866660
-10.138822
-12.246331
-7.589984
-4.905353
-11.155275
-7.363337
-7.089046
-8.473701
-5.920267
-6.281272
-9.484726
-6.280694
-10.168486
-8.939035
-9.848366
-9.464233
-9.067852
-5.727453
-7.802976
-7.730273
-7.096992
-9.897993
-10.045441
-9.104258
-5.445835
-9.362100
-8.270399
-7.128897
-10.046513
-6.147842
-8.225951
-10.433956
-7.922047
-10.571019
-8.267102
-10.148498
-8.980167
-3.299920
-6.025505
-9.878396
-9.979009
-8.519501
-6.810390
-6.534114
-7.496329
-5.653990
-9.071781
-8.430267
-9.324032
-9.139091
-4.877274
-10.690773
-9.234178
-11.392500
-5.815002
-9.479239
-9.267451
-9.868357
-12.166793
-9.084414
-6.714509
-6.626466
-9.397158
-8.195003
-5.021630
-6.782114
-8.531376
-9.604171
-5.394409
-11.054434
-8.172708
-8.366980
-10.342022
-7.975934
-8.421517
-8.444908
-8.481839
-10.295685
-9.064679
-6.883018
-9.049268
-8.735892
-10.305592
-9.907988
-9.003600
-10.223144
-7.416887
-10.258222
-9.878091
-11.115264
-7.099900
-9.320876
-5.097095
-10.720331
-9.844912
-4.998909
-7.894176
-7.850815
-11.886368
-11.658107
-4.514962
-8.307217
-8.239626
-8.136999
-9.437646
-8.397758
-10.183383
-9.607809
-9.146648
-9.024380
-8.174934
-6.415041
-9.380843
-7.978491
-7.190818
-7.837719
-8.799721
-7.135755
-10.849402
-7.631094
-8.100665
-7.986363
-7.083777
-9.476013
-10.731447
-8.173738
-9.114427
-8.885716
-9.615895
-14.546827
-11.504877
-6.997405
-9.852092
-10.567839
-7.847832
-10.660243
-10.880679
-10.795336
-7.717381
-8.214184
-4.742009
-11.155366
-27.900665
-10.270963
-12.310648
-7.975060
-6.524430
-8.169386
-9.591155
-10.053153
-7.277429
-8.832500
-10.632524
-9.580203
-6.288506
-7.495556
-10.557641
-9.590637
-9.479625
-6.194534
-10.745634
-9.548396
-10.761490
-10.084663
-11.132090
-8.183739
-17.166792
-9.618711
-6.654925
-7.313173
-8.580816
-8.937669
-9.315097
-8.986540
-9.426535
-8.230520
-7.152898
-8.253770
-8.642472
-6.527167
-11.062831
-8.403521
-10.538545
-6.696133
-8.727285
-8.898773
-11.434479
-9.018570
-8.738508
-2.431478
-5.869996
-11.621135
-11.039562
-6.391141
-6.905411
-7.669328
-8.547369
-9.755120
-11.192727
-9.541961
-7.016786
-8.710449
-9.479952
-9.855664
-7.229851
-7.957892
-5.602751
-6.372808
-8.765921
-8.693449
-5.695189
-9.505464
-9.125660
-9.535047
-7.178177
-8.636613
-9.835513
-9.369482
-10.206513
-7.426778
-10.071658
-4.701977
-6.771223
-9.843368
-7.120568
-9.574115
-7.214736
-8.035308
-10.521677
-11.387702
-6.897634
-8.957089
-7.390809
-8.101128
-7.982641
-8.819683
-7.053907
-8.866193
-9.082588
-10.017069
-6.922967
-7.715259
-10.225969
-7.828403
-7.014195
-10.810268
-6.949192
-10.442180
-11.247774
-9.876356
-12.280507
-7.017856
-9.211554
-11.027491
-6.872304
-9.915259
-8.126872
-6.243649
-6.057860
-8.727266
-9.320148
-12.367955
-6.281136
-6.604629
-8.130339
-11.175801
-9.847483
-11.083514
-6.952429
-10.935680
-11.137908
-7.456553
-11.262592
-4.001162
-7.541361
-7.725820
-7.832589
-12.496737
-10.577688
-12.806863
-11.286351
-12.618178
-9.922106
-5.938154
-7.355687
-8.208489
-12.604256
-5.186343
-9.879828
-7.265897
-9.497650
-10.320755
-8.837345
-5.518176
-6.976441
-6.682846
-8.244529
-9.010167
-11.162889
-8.679619
-8.481493
-9.411537
-8.398802
-10.773082
-10.755751
-6.907796
-7.275917
-8.813010
-8.593606
-9.192248
-9.458134
-9.625504
-8.565187
-9.002409
-8.205832
-9.234873
-5.294416
-8.350434
-8.931831
-4.196588
-10.876776
-9.266541
-5.693531
-10.195768
-9.602322
-6.780105
-6.445966
-10.485397
-8.319077
-7.233824
-7.459786
-4.394908
-11.544000
-8.846508
-11.628954
-10.110958
-12.021216
-6.050838
-10.059617
-8.287908
-7.624225
-10.245701
-5.307118
-10.120741
-6.717353
-6.939372
-11.093379
-7.868622
-10.860242
-11.871812
-6.825717
-9.445149
-8.110119
-3.613024
-7.718538
-8.800582
-10.113298
-8.145169
-6.734229
-7.772527
-10.033525
-9.168466
-7.741563
-8.692525
-9.319469
-9.270119
-9.539901
-9.732718
-10.318906
-6.982538
-10.747312
-18.043699
-9.137845
-7.674318
-5.487456
-10.455914
-6.025872
-7.916212
-10.917311
-8.002810
-9.813644
-11.338129
-11.078898
-10.827111
-7.383870
-11.100112
-9.153193
-10.169297
-10.045142
-8.453675
-13.673323
-9.984207
-6.908588
-7.663208
-9.752006
-8.805410
-6.962276
-11.812407
-8.535855
-8.941272
-7.074466
-5.491386
-7.797685
-6.540470
-7.683480
-5.976780
-6.750429
-8.827110
-8.640965
-9.563389
-8.204699
-6.041149
-7.330186
-8.961821
-7.450448
-13.718833
-9.650928
-8.680713
-11.535429
-8.125056
-10.274131
-6.326344
-4.972942
-4.827153
-10.972102
-10.651861
-7.835164
-10.059504
-7.002241
-8.354801
-8.225866
-6.499619
-8.086356
-11.533014
-6.453500
-10.882206
-12.176277
-6.278473
-8.886557
-8.626623
-7.382589
-10.653258
-10.751930
-8.438104
-10.449525
-10.867221
-7.811305
-11.904961
-11.377562
-11.746735
-7.755220
-9.872259
-7.110341
-7.049015
-6.158012
-9.963688
-9.663171
-7.891991
-8.195055
-7.463703
-7.284963
-7.366305
-8.843750
-9.493158
-6.338464
-12.177290
-8.552572
-8.826812
-9.848585
-9.303431
-7.668480
-10.238530
-9.722194
-9.010479
-10.839019
-6.668646
-8.320340
-8.396501
-6.323181
-7.338784
-5.991497
-6.400449
-11.155494
-8.357306
-11.812696
-8.473531
-9.634748
-10.682951
-12.973521
-8.310225
-8.391898
-7.044457
-8.710179
-6.269337
-12.500427
-9.406704
-5.808083
-10.410572
-12.099060
-8.545048
-8.837229
-10.022316
-6.844471
-9.454679
-9.310806
-6.564294
-10.960953
-7.132926
-10.036053
-13.723379
-6.444050
-8.286923
-9.035357
-5.595628
-8.800038
-9.756250
-5.539329
-4.552895
-10.767103
-5.582959
-8.023211
-6.936649
-9.184478
-9.114177
-8.343942
-8.380692
-10.736687
-9.601630
-6.502719
-9.183277
-8.906883
-5.207159
-6.658136
-11.178842
-9.073906
-6.961964
-9.255918
-8.577422
-5.780316
-9.064653
-7.109518
-8.380055
-8.563827
-8.556747
-10.491764
-11.914233
-11.347512
-8.175821
-5.745296
-10.050014
-5.906945
-11.745010
-9.289767
-9.647524
-7.608763
-8.359947
-9.213765
-7.698219
-10.553249
-14.348001
-8.810111
-7.019219
-8.595128
-11.556583
-6.056694
-10.572936
-11.269591
-10.133423
-10.317680
-9.093332
-9.883905
-9.155543
-10.822771
-7.758076
-9.879086
-5.395411
-9.866044
-10.644409
-7.396953
-11.269717
-9.670568
-8.140875
-6.733437
-8.337651
-7.847146
-9.325498
-6.873630
-10.337597
-10.255589
-11.837985
-8.236447
-11.027158
-9.529048
-10.007493
-10.067566
-6.921674
-6.757041
-7.211629
-7.452878
-12.421430
-7.971260
-8.022641
-8.831624
-10.065071
-7.426861
-6.958688
-10.129025
-9.056306
-8.761149
-6.974103
-9.011314
-9.354279
-9.255875
-9.786716
-10.682007
-11.989522
-6.740602
-6.836603
-7.646979
-7.276251
-7.358181
-7.773318
-8.839282
-7.094750
-9.992987
-8.239362
-2.394326
-6.189713
-7.533921
-10.082865
-6.187317
-9.074739
-6.234957
-9.622557
-10.166375
-5.751853
-7.968750
-8.053975
-7.606183
-9.126915
-9.872034
-10.700109
-7.716589
-9.134507
-9.549565
-7.324395
-7.284420
-12.595055
-8.716331
-8.578553
-9.946139
-7.107172
-10.870483
-9.704663
-8.020510
-7.122678
-5.852560
-7.318553
-12.858416
-9.741702
-5.955687
-5.837912
-9.480516
-6.608144
-11.193312
-9.908568
-10.167027
-9.128347
-11.899319
-9.076290
-11.690501
-11.016843
-10.320427
-7.509202
-11.229105
-8.230552
-6.466671
-9.670107
-9.385179
-7.381364
-8.372889
-7.990496
-8.130570
-7.375721
-8.473316
-10.238692
-5.717937
-5.680380
-13.111791
-5.055114
-9.614890
-5.673310
-6.763023
-10.141973
-6.755217
-11.208286
-8.794330
-11.057549
-8.967040
-8.164438
-10.671621
-11.324555
-9.984611
-9.656999
-11.808920
-9.174806
-9.474601
-8.305214
-11.516048
-11.470302
-6.503295
-9.341195
-10.504664
-8.612989
-9.260464
-9.843029
-11.935229
-9.212572
-8.185056
-6.776978
-5.404716
-8.344387
-6.033597
-6.323032
-9.601984
-8.615155
-7.331820
-10.383365
-6.720713
-7.983624
-6.134713
-7.322569
-7.413570
-9.004145
-11.997871
-5.319317
-6.365407
-10.069164
-6.446844
-9.399551
-11.084939
-13.008541
-5.728087
-5.518202
-7.372189
-9.933961
-7.645240
-7.157927
-5.097407
-10.195873
-8.311682
-9.159681
-9.383015
-8.246579
-9.410903
-9.013521
-11.793656
-6.272833
-6.353176
-11.154963
-9.229133
-8.385720
-7.399919
-5.372469
-5.133519
-9.544702
-8.825500
-10.632662
-9.220960
-9.068619
-3.946812
-7.353020
-10.470980
-9.503401
-7.379089
-8.253808
-8.927796
-9.305688
-11.402330
-7.445038
-7.108655
-9.413524
-9.942597
-4.792376
-11.157599
-10.523076
-9.196341
-8.675436
-11.645887
-8.965844
-6.642045
-11.787958
-8.914110
-4.910215
-8.659037
-6.108763
-11.158058
-5.280571
-8.933531
-34.185863
-5.871177
-6.806328
-8.396810
-10.106926
-11.828677
-5.933072
-8.070774
-5.586904
-10.189555
-8.887524
-9.778637
-9.704303
-9.500245
-7.449258
-11.733519
-4.535391
-10.831613
-7.554207
-10.678254
-6.715762
-11.206909
-5.793552
-9.447236
-9.629429
-7.513661
-9.110575
-8.681996
-11.445814
-9.265032
-9.989144
-7.473921
-5.999344
-5.644911
-6.630455
-9.297276
-11.524448
-9.999313
-8.666530
-14.278997
-10.538267
-9.733982
-10.292763
-10.174584
-8.600451
-10.467917
-9.867235
-8.488602
-9.982290
-8.081804
-11.404980
-9.394716
-9.685710
-9.442661
-7.110092
-12.879768
-9.187192
-9.229116
-8.886214
-11.600060
-8.256349
-7.251594
-8.001838
-6.671892
-10.138633
-6.760632
-10.556515
-10.150062
-7.886870
-6.755153
-8.589222
-11.059877
-13.784776
-8.152052
-11.394781
-11.278340
-8.068596
-5.613927
-8.271234
-10.982615
-6.436891
-6.852962
-7.149660
-7.593726
-7.498277
-10.326099
-7.722957
-6.939149
-7.523565
-9.534495
-11.996776
-8.403378
-7.703494
-8.983058
-6.434340
-10.539123
-9.735498
-9.401874
-5.399945
-5.197144
-9.682332
-7.033519
-10.524781
-8.887659
-8.955431
-10.715234
-8.375182
-8.358681
-11.712000
-9.140939
-12.114031
-10.845598
-11.353452
-11.352492
-10.701851
-11.859212
-10.646987
-7.952632
-9.633709
-9.659584
-8.261786
-11.347697
-4.680005
-6.836828
-8.293957
-17.205223
-8.562321
-12.173411
-5.747946
-9.754073
-7.147564
-7.810502
-10.016577
-7.766145
-11.174594
-8.557384
-11.463020
-12.153669
-5.801794
-9.100445
-10.226311
-7.565514
-11.327175
-6.797462
-8.735758
-7.016624
-8.075892
-7.905609
-9.850529
-3.929538
-9.985405
-8.371320
-9.408205
-9.433758
-8.714946
-8.955350
-10.034695
-8.014561
-11.426231
-8.822715
-5.847034
-7.731187
-9.726603
-7.445534
-9.734742
-10.006332
-8.278182
-8.635087
-6.162737
-6.865825
-11.126056
-5.871360
-10.438912
-10.514587
-10.729726
-8.089314
-7.964480
-6.051823
-7.152580
-10.594164
-8.379982
-9.327544
-6.532337
-6.561004
-10.511259
-8.258300
-12.034493
-7.974448
-9.110431
-11.308512
-6.732156
-9.487984
-7.373411
-7.223515
-8.509100
-9.322289
-8.808047
-9.707035
-8.032292
-7.803467
-8.374109
-10.860773
-6.426309
-5.019253
-6.034754
-8.219035
-7.164104
-9.132805
-9.737348
-9.719215
-10.777777
-5.354894
-6.654032
-11.134979
-3.655134
-9.682353
-8.506967
-6.783570
-10.021777
-8.776180
-8.797425
-6.332919
-11.054312
-9.146106
-9.846714
-7.633766
-8.863462
-8.385057
-9.491446
-11.369451
-7.216801
-6.702470
-10.086612
-7.188309
-9.529047
-10.629114
-9.104498
-9.670506
-9.784098
-10.614756
-8.355797
-7.322495
-11.249008
-5.505704
-7.732932
-7.394033
-10.526580
-5.087718
-10.608526
-7.811116
-11.907672
-11.594997
-10.243608
-8.300382
-8.443221
-8.421275
-12.201604
-5.694020
-12.054254
-8.749980
-11.013651
-10.030503
-10.009748
-9.088428
-11.305828
-8.374047
-10.107763
-9.550229
-10.284230
-7.919941
-8.454818
-7.836274
-8.060275
-5.865590
-9.212607
-10.988983
-7.471549
-12.582967
-10.063236
-6.960340
-8.251475
-7.877877
-10.575692
-9.137757
-11.246915
-6.057295
-7.170189
-7.040994
-9.644617
-8.030584
-9.915682
-8.016006
-8.526523
-6.957993
-8.900925
-10.559027
-9.221300
-8.135098
-10.281222
-6.508245
-6.137988
-5.664250
-7.396060
-7.778388
-7.107810
-9.575204
-6.887775
-9.136339
-8.607315
-4.941496
-9.728770
-9.900990
-9.500887
-8.163755
-7.159260
-5.129777
-7.989819
-6.601750
-7.995044
-8.841352
-7.519434
-10.081099
-10.702423
-9.633698
-5.945822
-7.812679
-11.179880
-9.472576
-9.063502
-8.152731
-9.599673
-10.109506
-5.801983
-8.204560
-8.334805
-10.314695
-6.458363
-6.875181
-8.217824
-5.809038
-8.368861
-10.265654
-3.971226
-10.636434
-9.302919
-7.414844
-9.398656
-9.077150
-5.956565
-5.973335
-7.007787
-8.804828
-9.903918
-10.359968
-7.955905
-9.623928
-8.456561
-10.904108
-10.633812
-4.360039
-10.647746
-5.855544
-8.973317
-8.489987
-7.741687
-9.554442
-9.257221
-7.866726
-8.254169
-9.372389
-4.357354
-9.911697
-11.406032
-9.250202
-11.252132
-12.480943
-6.913904
-10.945555
-7.563440
-7.574795
-9.988272
-9.344248
-10.534135
-8.671010
-10.748257
-11.466063
-7.128970
-7.645527
-7.284243
-9.931436
-9.652142
-9.781798
-8.776447
-7.595531
-10.621372
-7.795937
-10.972810
-6.147044
-10.627843
-6.753281
-5.204822
-8.934813
-9.865476
-9.646898
-10.928828
-5.538182
-8.144378
-5.593996
-8.066681
-5.402034
-9.600055
-8.317581
-10.790328
-7.372257
-10.026458
-9.927184
-11.282242
-10.379539
-7.720028
-7.302607
-7.326507
-8.813687
-9.698672
-10.121000
-9.158122
-10.956442
-9.235350
-10.196241
-8.288975
-7.119676
-9.851887
-8.924328
-6.754419
-9.962508
-9.641983
-8.914396
-8.493763
-9.436119
-8.020359
-4.571815
-4.821458
-4.905299
-8.071459
-7.509298
-6.761545
-8.510845
-7.709026
-7.759437
-5.060310
-10.326557
-9.983997
-10.799967
-11.140982
-8.867750
-10.039080
-11.497332
-8.809752
-10.390164
-8.835293
-9.571975
-8.250705
-10.415203
0.537099
-3.823005
-10.062101
-4.499723
-9.232297
-11.445945
-10.542799
-6.853793
-9.405874
-8.445993
-6.993403
-7.712700
-7.668494
-8.667977
-6.673400
-5.308198
-5.377185
-6.886417
-12.482033
-10.747336
-10.247929
-12.078084
-10.548581
-9.356362
-9.160962
-10.793878
-9.703543
-9.669930
-5.825252
-10.981431
-7.723506
-10.922323
-9.376306
-7.111954
-9.597950
-8.872640
-10.834078
-6.287581
-7.145501
-8.414008
-11.492707
-7.128616
-5.910005
-7.716306
-12.049533
-7.260589
-9.267052
-9.702860
-9.459904
-7.318298
-8.497423
-9.846437
-9.714087
-8.180255
-10.786526
-10.675667
-8.249613
-10.118871
-9.670202
-8.547835
-12.253023
-6.825183
-9.100532
-7.965045
-10.414499
-9.134958
-20.162292
-8.473722
-10.549934
-9.001738
-8.831867
-8.145374
-7.616299
-6.728454
-5.629936
-10.039808
-6.924679
-11.102233
-11.717997
-9.729641
-7.871026
-8.070395
-7.564132
-9.331926
-9.021956
-9.612630
-7.026793
-7.267079
-6.013364
-10.364063
-12.288648
-6.504043
-6.790807
-7.954513
-8.070506
-11.146002
-4.219059
-8.263540
-7.001050
-7.412737
-10.196698
-7.867064
-9.031276
-5.022449
-7.252316
-7.498057
-10.659201
-9.438498
-8.813023
-11.489090
-6.720582
-12.199116
-9.241484
-7.835014
-8.843616
-9.531465
-11.367285
-7.760970
-9.972341
-8.100299
-7.015510
-10.224632
-6.439978
-9.029290
-9.221162
-8.085484
-10.504816
-8.616292
-10.071440
-9.302858
-8.925823
-9.711990
-11.102541
-8.198386
-9.766465
-9.005245
-8.248034
-8.320927
-9.891543
-8.796715
-9.719048
-9.569358
-11.119280
-9.127032
-10.474854
-10.420820
-6.725609
-8.481537
-8.535726
-9.316424
-6.173767
-11.389168
-6.767646
-8.073245
-6.976092
-8.875826
-9.585422
-7.580887
-9.663861
-7.301659
-9.590975
-8.132759
-11.501043
-9.088972
-6.302870
-9.114193
-8.637016
-7.796290
-8.855661
-10.708924
-6.555497
-7.373109
-7.368712
-9.061497
-8.818932
-9.567349
-10.265085
-9.130143
-6.552239
-9.282055
-4.455520
-11.924503
-9.814022
-12.582605
-6.807590
-10.594785
-10.118240
-7.223418
-8.527025
-7.149061
-5.058791
-9.569383
-7.955413
-7.484205
-6.468187
-8.796659
-10.886075
-6.143045
-8.155674
-8.859067
-11.245775
-7.710139
-7.569773
-11.696650
-11.704975
-12.214339
-8.574618
-7.485688
-8.025970
-10.043077
-7.599282
-6.287549
-8.327443
-8.393171
-7.096594
-9.119750
-9.451630
-10.618725
-7.611879
-9.954788
-8.740059
-7.052917
-7.714057
-8.303687
-8.716310
-11.025579
-5.609481
-11.462715
-8.638703
-8.791115
-7.832020
-8.794963
-7.957789
-7.522781
-9.862202
-10.519909
-7.792103
-9.118708
-6.329299
-5.075979
-7.617050
-12.544367
-8.823960
-24.388733
-8.148280
-5.741607
-11.856926
-8.508162
-9.211285
-9.718055
-7.597093
-7.364562
-11.082978
-8.825363
-5.007761
-9.639235
-7.524913
-9.486362
-9.353792
-10.835185
-7.901090
-11.815269
-8.590823
-7.014554
-9.358359
-9.123302
-9.259954
-11.777534
-7.972406
-8.914023
-11.629767
-7.956357
-9.151608
-6.463930
-10.593096
-7.472071
-9.673553
-6.196765
-7.510085
-8.807406
-10.739484
-9.846378
-10.423294
-8.923875
-8.442112
-9.235778
-11.050919
-5.831271
-9.789843
-8.714232
-10.234835
-7.491107
-9.990168
-7.591891
-8.686466
-9.716898
-9.382814
-8.104157
-9.472237
-6.436087
-7.594818
-7.395172
-12.041870
-8.808048
-8.255659
-6.426807
-6.446053
-10.419881
-10.177206
-10.302437
-7.115924
-9.043583
-8.068895
-10.606531
-11.947908
-8.510340
-7.724584
-5.165900
-8.731971
-8.996362
-11.878999
-6.129009
-8.024479
-10.132555
-7.103456
-13.191131
-5.866765
-9.465347
-13.167664
-13.055695
-12.157372
-8.965930
-8.468422
-9.804341
-7.742385
-6.593618
-9.900184
-6.884451
-9.018073
-6.585709
-8.173857
-10.905846
-10.970307
-8.543276
-7.728804
-7.231069
-28.231472
-10.768791
-9.042348
-9.731740
-8.901174
-8.315207
-6.417255
-24.053478
-8.753031
-8.819451
-9.095680
-10.868796
-9.591636
-9.077317
-6.362395
-6.692479
-5.358619
-6.406043
-9.761849
-8.280275
-8.006698
-6.775443
-6.121439
-7.623762
-6.283853
-4.513653
-9.720357
-8.115644
-10.405309
-9.250595
-8.762657
-7.881732
-9.600424
-9.232384
-7.518950
-9.315633
-8.930691
-6.882935
-8.472047
-7.184169
-8.135980
-9.739984
-9.962272
-9.666872
-5.818696
-11.008359
-10.336214
-6.996660
-9.805253
-6.732967
-7.160666
-8.410164
-7.636824
-13.753786
-8.706540
-10.148522
-11.158176
-10.141662
-10.150270
-9.183809
-7.976788
-9.848217
-9.292142
-9.328566
-11.443486
-8.136472
-10.063371
-10.785018
-7.393933
-12.393765
-5.771958
-8.692253
-10.809822
-8.877245
-11.123520
-8.544776
-9.103687
-9.679667
-10.527279
-5.483796
-6.550640
-11.861639
-9.474858
-10.104580
-9.657224
-8.844810
-9.011835
-10.350898
-5.117149
-7.615264
-10.967159
-9.792181
-10.217966
-10.016775
-11.006958
-9.987236
-12.894289
-4.886084
-8.498013
-10.310644
-8.973413
-12.251484
-10.466677
-10.542018
-9.668983
-11.070660
-8.698584
-7.942154
-8.027233
-9.069018
-9.585095
-11.591903
-9.869419
-10.588645
-11.120087
-8.852976
-7.143692
-8.170413
-11.575520
-8.790176
-9.207154
-9.424832
-10.062468
-7.894986
-10.383792
-7.008488
-9.671746
-10.164824
-6.761912
-9.699887
-10.031286
-6.338808
-8.467993
-10.580072
-7.380113
-10.127852
-11.447791
-8.803872
-7.111634
-11.221767
-9.644432
-8.717269
-6.406984
-10.773167
-7.907537
-10.636562
-12.430650
-9.952566
-10.864332
-8.512081
-6.881171
-4.798709
-7.770050
-6.448847
-11.071907
-8.176458
-11.096164
-9.317236
-7.585732
-7.926652
-7.233426
-9.395450
-5.732884
-7.460760
-10.284563
-5.087280
-10.682535
-6.813683
-8.819915
-9.618363
-10.883613
-8.881117
-14.033278
-7.375473
-8.622038
-11.756470
-9.311361
-9.384658
-11.405220
-8.969504
-9.940017
-6.692154
-7.680818
-7.323812
-4.922288
-8.963259
-6.446468
-8.074393
-8.043996
-9.591980
-8.575090
-12.694419
-8.422934
-8.104245
-6.897043
-11.651917
-8.360462
-11.333752
-8.865373
-9.491436
-10.655191
-10.907165
-8.008329
-11.075051
-8.490814
-8.928605
-9.588421
-11.674820
-7.253537
-9.736490
-8.698189
-9.910275
-10.497547
-9.094234
-11.478647
-6.106345
-8.573775
-9.788806
-8.618507
-9.340022
-12.355826
-6.767447
-9.114184
-7.868097
-7.385401
-8.838465
-11.529427
-8.756841
-7.939897
-8.978164
-10.612082
-11.751163
-9.117488
-9.106564
-8.604029
-10.799965
-11.822653
-6.528174
-11.063560
-6.589699
-10.668832
-9.623224
-9.634489
-9.557594
-9.858735
-11.558915
-11.984972
-7.404593
-8.811625
-6.999612
-9.992041
-11.375935
-8.732519
-9.162436
-8.755373
-9.621250
-11.594946
-10.629450
-10.818663
-6.233130
-11.957996
-6.875453
-8.851690
-15.638046
-9.071998
-9.804557
-8.410442
-8.708011
-8.569633
-9.140578
-11.775806
-8.500894
-5.966700
-7.938491
-9.280627
-9.097429
-9.629903
-11.248769
-11.064816
-10.769605
-6.908332
-11.599224
-8.595919
-10.028899
-9.025304
-10.448896
-6.773583
-7.543158
-8.305384
-7.834545
-8.589236
-8.746590
-9.700445
-8.877213
-9.360689
-10.724356
-9.427244
-7.818677
-8.171649
-4.514032
-7.446729
-8.597427
-8.531412
-7.404402
-8.757240
-7.860534
-9.875814
-10.333454
-7.146899
-7.952915
-5.285655
-11.719195
-5.254212
-9.870205
-9.598196
-12.826500
-9.268433
-10.683945
-8.293351
-10.291746
-10.452192
-10.373121
-5.751312
-12.109797
-11.692790
-10.156464
-7.656560
-8.374104
-9.232433
-7.236212
-7.155809
-10.733217
-9.297401
-10.480924
-12.463631
-10.719902
-11.280204
-7.621989
-8.137074
-10.691031
-6.535108
-11.594258
-6.777850
-8.481103
-9.610495
-8.220243
-10.290625
-8.883399
-9.379017
-8.593463
-7.445876
-6.655108
-6.116385
-8.801066
-12.121839
-10.004536
-7.532065
-7.548888
-8.132272
-12.314703
-8.805715
-6.784370
-7.715649
-7.972538
-6.488710
-9.665359
-9.310236
-7.470578
-9.222039
-8.524368
-7.820176
-9.905149
-11.338840
-7.458478
-8.128360
-8.164599
-6.771761
-7.617334
-8.324049
-16.642666
-9.605074
-10.033065
-7.027203
-11.444695
-9.231205
-7.466587
-8.946637
-12.344152
-9.564249
-8.336047
-9.643160
-8.356194
-9.830834
-8.069118
-10.193023
-6.381279
-3.869586
-4.480971
-11.280908
-4.643161
-9.714354
-7.974028
-9.488201
-10.464479
-8.685300
-12.929507
-11.876592
-5.625702
-6.779387
-8.164794
-12.570078
-10.545774
-9.564379
-9.713164
-9.534335
-7.005215
-11.698062
-6.102536
-10.250455
-9.208742
-13.783885
-8.432507
-11.547006
-8.391440
-4.461951
-10.265553
-12.694389
-7.539064
-11.856268
-8.412257
-7.861721
-9.303690
-9.985654
-10.416273
-10.967436
-8.342208
-8.679844
-9.843786
-10.564040
-7.436108
-7.161756
-14.163061
-8.318686
-12.141606
-10.328505
-8.661399
-9.106575
-10.539827
-11.079926
-10.257771
-9.741899
-7.755854
-8.072285
-8.877367
-4.422359
-9.825282
-6.744601
-9.579079
-7.096503
-8.354103
-6.882901
-9.211048
-5.166174
-11.017380
-8.534088
-9.013824
-7.533113
-9.389864
-14.446079
-11.223507
-10.481488
-8.964323
-10.371480
-10.080939
-8.768873
-5.946753
-10.536628
-12.643869
-6.304127
-12.392420
-12.048010
-7.608618
-8.276631
-7.626151
-11.341709
-8.304063
-10.694556
-7.386829
-12.164107
-8.609472
-6.087116
-6.466048
-9.577881
-8.839180
-10.050754
-10.329055
-11.332613
-7.854707
-7.262589
-8.427419
-7.510355
-8.112202
-8.783612
-8.734649
-9.628842
-8.873414
-7.694022
-8.557722
-9.406361
-6.811938
-34.914696
-8.478504
-6.937536
-4.082101
-11.141417
-9.892573
-9.595005
-7.604628
-6.907369
-10.736653
-8.724012
-10.035465
-12.867420
-8.125488
-9.902112
-10.680798
-7.467811
-9.593235
-7.891002
-8.199707
-8.554004
-8.458273
-8.007454
-9.303515
-7.264868
-7.708919
-9.556043
-9.380447
-9.054329
-11.116823
-6.847130
-7.266687
-10.039029
-5.322192
-7.613870
-9.957553
-8.274181
-8.749773
-10.666892
-6.992613
-9.355125
-7.372892
-8.629497
-9.964326
-10.137116
-7.487815
-12.052641
-8.909110
-8.481206
-7.133991
-10.990178
-8.691751
-6.392060
-10.012951
-11.825401
-9.430479
-12.170072
-9.179309
-9.416419
-10.158826
-8.851003
-8.593185
-12.348603
-9.430899
-11.601570
-8.639237
-10.442159
-10.185058
-7.101924
-11.240242
-9.225778
-10.947469
-10.201687
-10.081725
-8.336884
-8.311308
-7.529689
-5.600947
-10.353654
-13.035081
-10.218181
-12.424302
-4.274266
-9.645911
-7.169922
-11.943670
-8.578046
-9.713463
-8.088614
-11.443073
-6.513568
-8.444544
-7.617013
-8.428316
-9.138196
-10.083325
-7.242133
-9.062975
-8.115709
-12.253942
-9.689462
-8.562344
-8.024676
-9.529599
-8.679586
-7.679093
-9.029005
-9.735712
-11.665522
-11.865248
-8.159885
-7.615209
-9.657177
-5.392283
-9.108569
-10.734878
-9.770607
-8.513252
-8.037951
-10.681791
-11.106758
-12.059041
-10.666475
-9.935580
-9.346254
-8.635010
-7.279832
-8.476950
-7.140206
-9.913643
-10.776639
-8.501240
-7.380164
-8.520374
-8.508875
-8.676985
-5.605954
-6.343008
-6.470453
-6.871569
-8.849124
-6.770102
-9.541698
-8.037083
-4.799634
-8.009691
-10.982564
-7.408639
-8.208304
-6.955094
-8.540029
-8.917291
-12.490019
-7.736281
-10.648825
-6.626513
-10.043619
-8.944890
-9.255021
-7.678062
-9.572639
-11.584918
-9.317084
-11.058159
-8.707712
-10.119050
-7.105742
-10.614088
-12.448263
-9.086800
-8.382874
-10.882866
-11.862318
-10.610460
-6.919000
-8.846157
-11.438957
-8.934325
-7.887899
-9.232841
-5.704972
-7.616063
-7.043265
-9.047750
-7.035356
-8.756565
-6.926559
-7.613486
-10.681797
-8.345894
-11.586156
-9.261797
-9.544372
-6.881173
-8.654416
-8.424357
-7.266776
-7.873537
-6.710673
-11.628035
-7.700773
-10.527582
-9.076465
-10.179164
-8.670322
-9.267060
-5.847232
-9.773165
-10.947941
-9.214787
-10.522315
-11.486838
-7.541421
-9.136005
-10.936472
-8.651593
-8.913130
-5.263008
-11.685268
-10.074628
-8.016487
-8.013512
-10.480332
-13.045773
-6.378091
-7.167172
-8.453083
-9.718702
-9.818928
-6.887785
-8.017371
-9.176768
-7.346318
-9.319713
-10.709708
-9.114396
-8.738950
-9.374078
-7.154491
-9.822066
-9.852131
-11.062968
-8.958961
-11.207982
-8.080890
-7.210254
-10.589060
-5.247715
-6.308365
-7.523283
-6.815807
-9.839307
-9.589657
-6.212004
-8.718365
-9.779698
-7.308568
-8.813173
-10.627388
-7.976673
-9.797750
-11.580292
-8.758575
-10.305063
-7.281264
-11.797834
-8.969419
-9.277530
-11.269525
-11.308125
-5.766696
-7.137081
-9.243566
-7.813841
-8.309372
-10.261312
-9.007850
-8.380672
-8.785674
-8.356174
-9.288897
-10.338687
-11.317366
-11.071607
-9.762841
-10.159924
-6.198781
-9.829614
-8.218490
-9.795384
-11.989667
-10.335805
-9.667992
-7.735038
-9.029065
-8.916345
-10.353789
-6.129382
-8.387995
-9.187687
-19.755751
-9.089878
-9.509855
-9.333798
-9.304386
-11.287637
-10.218875
-7.023751
-7.976580
-11.402075
-7.101422
-8.321320
-8.522332
-10.278928
-7.443468
-9.869244
-11.549601
-9.429543
-10.103091
-7.107140
-11.523674
-9.588781
-9.605638
-7.075235
-8.402993
-11.491243
-9.950105
-7.516153
-10.034277
-11.469084
-8.070569
-7.430355
-8.221359
-9.097183
-7.889945
-8.938598
-7.191822
-11.547650
-9.537413
-10.227989
-9.944233
-7.045141
-3.219035
-7.034020
-9.639917
-9.376725
-10.122906
-11.849092
-9.785762
-4.299993
-7.579660
-6.686304
-8.795903
-9.820421
-10.989392
-10.513115
-10.460504
-8.289919
-9.665728
-3.505853
-8.071697
-10.824022
-7.833461
-9.622410
-7.590889
-7.295871
-8.183626
-7.819188
-9.961223
-8.954943
-9.763318
-8.622831
-7.519929
-10.338502
-14.040854
-10.373048
-9.342218
-11.863886
-12.090036
-8.570889
-8.804320
-11.949892
-9.008533
-10.206612
-7.396019
-8.290185
-11.122104
-7.933189
-11.854142
-9.555356
-9.703283
-8.829411
-6.642545
-9.236080
-7.568782
-7.551743
-7.708440
-8.067487
-12.629163
-9.870017
-7.121590
-8.813656
-7.559476
-8.030224
-9.880752
-7.969935
-8.293088
-11.006255
-10.282627
-10.786983
-9.733512
-9.682477
-6.060160
-8.184757
-13.193793
-8.947331
-6.577461
-9.799969
-8.386929
-9.393689
-11.353910
-12.523320
-5.983915
-4.681282
-12.224363
-8.517781
-9.222448
-10.494474
-9.896249
-8.360345
-12.116421
-9.768761
-7.623623
-8.116513
-9.728837
-7.781103
-10.661804
-10.013161
-6.839544
-6.385515
-7.614230
-12.051483
-11.419962
-7.398986
-7.949457
-9.621965
-9.666533
-10.658582
-5.948359
-12.839186
-10.736721
-9.218530
-10.177398
-12.225482
-12.579527
-8.687963
-22.689680
-6.005385
-7.554966
-10.075172
-6.799458
-7.286159
-9.579188
-9.606593
-9.342624
-7.103213
-7.456310
-8.550558
-8.145900
-7.012615
-10.201803
-10.374238
-8.293237
-9.604865
-7.391844
-10.369797
-9.437598
-11.237704
-12.110016
-9.508365
-7.917699
-9.166696
-11.447648
-10.235729
-11.123683
-12.899289
-7.435372
-8.687649
-6.628852
-7.211262
-8.847947
-11.233487
-7.963952
-7.116469
-11.254927
-6.381268
-10.501442
-11.082338
-7.698251
-8.146936
-11.507076
-9.105738
-7.338805
-9.088554
-10.349147
-11.722005
-7.237741
-7.840676
-8.240370
-9.113692
-8.074890
-7.902371
-9.604185
-9.760435
-7.706511
-7.873559
-6.207470
-7.674661
-6.371340
-8.336965
-7.453254
-12.222940
-6.302736
-7.906048
-8.303795
-7.189821
-6.544574
-9.765313
-12.049292
-7.623568
-9.602661
-6.411340
-10.603134
-12.193977
-6.420360
-9.736413
-5.759475
-5.326363
-8.409308
-7.945922
-11.445868
-9.763516
-3.975669
-9.147995
-8.942267
-10.642044
-9.389564
-5.901605
-10.521478
-10.379667
-9.932241
-9.764864
-6.552166
-8.628119
-9.217485
-12.009188
-10.345819
-7.891621
-10.417440
-8.031785
-12.112670
-7.414181
-10.068883
-11.268973
-7.699374
-9.415092
-8.844135
-10.283869
-6.022235
-11.039186
-9.567533
-9.863190
-9.332448
-8.666400
-8.079797
-7.162575
-6.988121
-9.429931
-8.108601
-11.931297
-8.163875
-10.389318
-10.936700
-8.338082
-10.409452
-7.751965
-7.004467
-8.595493
-9.461394
-9.831652
-8.229533
-4.673357
-9.827800
-11.110867
-8.519235
-7.645673
-8.850435
-9.508008
-7.253294
-8.301813
-7.830757
-9.940822
-6.274340
-9.917425
-9.987854
-7.341822
-7.985996
-9.815055
-10.240825
-9.055016
-8.526558
-10.400787
-8.251295
-10.463536
-9.055408
-8.973680
-5.805723
-9.510947
-9.709962
-8.697112
-5.091031
-6.213716
-11.341292
-10.311338
-9.522846
-9.764524
-9.477984
-9.831909
-11.443835
-9.161420
-13.431631
-9.431713
-8.040292
-7.431763
-9.809975
-8.468436
-7.857441
-6.477509
-9.147113
-9.045228
-11.166498
-9.768252
-6.055857
-8.685440
-10.862939
-7.532705
-7.624545
-7.461059
-10.710131
-9.304250
-7.847034
-8.856472
-7.280815
-8.498785
-9.984328
-10.787671
-8.793786
-6.768269
-5.110156
-8.779687
-7.871818
-11.250916
-9.526048
-9.651579
-8.205103
-5.650636
-8.890495
-9.146787
-9.765810
-10.916297
-6.539034
-8.066772
-8.391035
-11.070325
-8.935656
-7.360445
-9.762103
-7.418337
-5.915996
-7.813509
-14.738581
-9.051125
-8.573002
-10.767903
-10.516871
-11.577952
-9.018398
-11.415946
-6.580917
-11.101376
-11.175067
-8.738111
-10.076217
-10.906607
-6.659114
-4.731513
-10.176138
-7.694072
-6.671280
-9.921683
-11.011710
-6.626883
-7.949075
-9.551823
-9.881827
-7.458027
-7.811461
-10.321870
-7.718843
-11.505391
-8.945379
-7.218773
-11.161965
-12.834209
-7.922040
-6.115175
-9.111771
-9.034653
-8.217934
-6.830901
-7.717420
-11.291815
-9.200354
-6.024620
-11.272612
-10.698663
-10.266831
-12.443995
-4.050959
-7.944341
-7.122695
-10.542559
-10.638654
-8.090759
-10.842555
-11.139777
-7.804894
-9.839463
-6.787405
-8.156219
-8.561613
-15.255986
-10.002099
-7.695283
-12.022474
-7.192274
-7.892430
-8.590571
-11.352880
-5.853393
-9.899263
-13.917921
-5.556020
-8.830028
-6.967399
-10.512451
-10.611734
-7.128589
-9.132806
-10.168688
-7.351060
-8.025352
-12.002848
-10.222577
-6.403185
-11.879194
-10.063439
-6.381569
-12.540697
-10.266717
-9.103992
-8.151620
-8.269949
-11.353726
-11.254805
-6.374557
-4.670739
-11.133774
-10.376332
-7.451528
-10.891326
-9.656176
-13.361056
-14.635787
-7.993614
-11.174295
-10.330811
-5.888575
-8.699868
-7.141573
-7.701567
-11.002913
-9.753610
-8.737822
-9.936690
-9.107866
-10.762877
-9.407402
-8.445097
-7.393806
-10.210775
-9.668363
-10.206835
-10.098224
-10.651561
-12.674209
-7.629719
-6.998605
-9.361055
-8.173048
-10.241285
-10.748066
-8.205898
-8.561635
-8.793419
-8.546285
-11.134022
-5.627945
-7.971469
-10.448518
-11.331126
-9.358461
-10.136496
-6.013359
-9.366206
-10.351020
-9.683758
-9.249702
-12.605750
-7.884960
-11.472925
-8.489761
-8.726088
-8.244999
-10.603590
-8.804470
-10.951915
-7.614982
-9.242239
-7.801769
-4.090598
-7.062929
-8.576074
-9.648574
-7.501589
-9.318716
-8.594084
-9.303912
-9.086248
-10.208985
-11.666616
-7.047544
-9.756770
-9.094174
-8.778090
-8.358190
-10.567516
-9.017180
-7.397726
-10.816381
-7.663250
-8.140838
-11.098753
-9.786686
-9.847854
-10.450520
-7.977205
-9.264400
-7.352888
-9.488659
-8.125751
-7.908927
-10.544704
-11.670242
-8.514862
-8.453166
-7.937136
-10.880608
-7.498482
-7.484582
-9.870527
-7.046379
-5.054007
-9.374553
-12.985735
-9.703207
-11.253502
-5.366117
-7.935799
-8.377575
-7.909994
-8.367764
-8.693478
-11.373034
-10.316197
-7.643270
-5.787950
-9.133240
-9.675050
-7.579208
-9.336729
-6.825955
-7.028532
-6.019411
-10.263940
-12.524534
-10.726908
-7.882947
-8.224973
-10.744691
-8.636659
-8.439157
-8.273365
-8.709705
-9.027690
-10.598238
-9.381324
-9.542535
-9.938005
-7.921299
-8.307915
-6.668365
-10.353192
-6.237156
-6.723888
-8.966901
-8.148898
-7.980806
-7.921577
-8.065909
-8.641142
-12.924574
-10.304345
-10.925438
-11.284092
-10.258581
-10.223956
-7.181752
-8.809288
-6.450160
-9.788157
-7.186788
-8.680227
-11.271063
-9.861701
-11.153476
-10.227365
-10.086467
-7.813478
-6.643855
-7.912204
-10.481622
-9.259970
-8.758183
-6.681857
-9.352550
-7.604502
-7.679799
-9.788109
-6.192493
-11.112267
-9.469807
-10.824481
-7.468475
-7.274658
-6.546178
-10.228457
-8.843932
-7.578330
-8.457116
-8.135042
-12.647694
-9.903021
-9.141913
-8.638604
-7.786635
-9.687591
-11.205951
-8.136194
-7.855350
-10.903234
-7.802423
-8.348247
-7.677833
-5.294014
-9.574347
-11.138393
-7.476286
-7.316141
-7.547738
-8.898297
-9.226295
-7.471925
-6.565187
-11.579732
-10.361239
-8.435215
-10.580091
-10.087258
-7.855009
-7.799145
-11.594074
-9.062807
-9.132116
-11.749936
-10.453798
-7.162156
-10.236912
-7.859135
-9.769545
-10.318008
-12.025850
-11.120866
-9.694289
-7.819947
-8.659746
-9.767588
-6.905024
-9.709855
-10.439228
-9.724105
-7.788841
-7.561303
-10.153117
-11.415373
-6.682583
-9.830445
-11.458086
-10.955695
-9.466120
-9.945668
-13.040533
-10.627688
-8.563496
-9.247990
-9.903211
-9.796581
-9.010539
-9.141626
-8.662086
-9.157533
-10.204938
-10.398766
-8.519342
-5.028424
-10.394619
-8.665727
-9.375890
-6.265245
-10.620713
-8.981603
-8.800287
-9.633833
-13.244358
-10.085516
-13.696375
-8.878596
-10.058993
-8.784275
-9.847710
-9.091314
-9.824868
-8.739618
-6.409903
-7.589135
-7.399147
-8.963670
-8.993120
-10.380472
-11.149191
-8.124011
-8.422035
-7.424353
-10.145979
-9.925282
-7.821248
-10.525932
-8.999142
-8.559564
-11.590263
-9.603980
-9.165540
-11.150070
-9.756679
-5.277844
-11.766221
-8.309733
-4.843053
-11.559249
-9.326774
-10.921282
-12.422722
-8.527216
-9.771157
-7.561349
-8.830660
-7.956477
-4.766503
-7.603554
-10.070385
-7.406845
-9.087628
-8.900508
-10.398475
-10.190085
-9.142232
-9.873685
-9.702836
-9.026203
-8.744288
-9.930555
-4.898664
-7.260446
-5.752697
-8.545919
-7.091678
-8.664716
-13.256639
-8.382272
-7.547565
-10.413428
-8.502348
-8.868934
-9.618595
-9.311768
-8.133304
-10.522008
-7.350831
-12.023232
-9.991057
-11.350463
-11.092964
-7.239380
-8.743455
-6.823055
-10.964112
-8.411380
-10.204645
-10.672411
-9.790890
-10.663460
-9.150892
-11.149005
-8.270479
-7.354960
-8.306921
-7.956285
-9.151940
-10.918785
-8.088820
-9.892595
-7.305975
-9.071941
-8.358892
-8.387690
-6.432060
-7.099047
-5.682658
-9.175050
-10.150584
-10.076292
-6.726125
-9.670852
-10.611015
-6.186888
-8.782164
-9.528577
-8.791086
-7.696887
-8.063258
-8.539388
-6.380660
-11.104989
-10.083136
-9.974963
-7.901771
-10.326815
-9.446783
-10.757837
-8.756725
-7.925826
-9.460772
-10.544013
-7.819308
-5.905768
-7.832456
-10.109208
-7.623526
-8.713926
-8.605143
-8.073756
-10.311420
-10.205576
-8.310178
-8.521913
-5.311952
-8.644577
-11.190224
-10.245573
-7.651271
-8.269924
-9.685742
-7.561228
-10.607574
-9.360037
-10.396863
-11.637458
-9.183917
-8.299973
-8.417106
-6.654049
-10.612755
-9.496817
-7.532639
-8.575966
-6.816143
-8.277183
-7.604386
-10.084688
-8.706483
-7.302885
-8.132602
-8.931054
-9.997749
-10.832164
-10.185026
-6.451032
-10.217058
-8.307530
-10.105986
-10.718113
-7.907006
-9.380679
-7.761196
-10.271985
-10.494603
-9.015871
-10.410471
-11.666103
-8.901947
-6.993690
-9.794682
-10.152881
-11.174603
-8.112622
-12.387332
-10.993958
-10.288359
-6.563208
-10.481581
-10.211013
-8.802844
-8.363857
-8.658655
-8.828261
-10.699564
-11.664320
-10.926651
-16.570316
-10.010937
-8.162264
-7.120845
-7.713058
-7.675915
-9.441905
-7.585075
-11.225871
-9.202463
-7.828261
-8.901768
-6.744637
-11.939596
-10.426137
-6.681768
-12.058879
-9.911123
-16.826805
-8.970620
-6.344881
-8.292002
-10.955355
-9.866817
-5.165822
-8.183329
-6.103753
-7.417970
-7.507924
-8.755785
-9.789004
-12.384694
-9.019228
-8.592303
-5.506167
-11.401057
-9.355214
-8.034946
-11.208088
-9.027858
-8.494329
-9.771801
-8.475046
-8.890842
-9.707826
-8.676904
-8.910984
-6.222618
-10.870217
-8.668744
-6.218374
-6.658417
-9.506996
-5.705359
-12.282865
-7.669238
-6.242795
-9.214233
-7.916881
-7.074065
-10.572771
-5.832971
-9.794859
-9.506222
-5.380174
-11.006942
-9.707665
-11.913885
-11.342310
-7.064359
-7.939600
-9.927136
-8.833111
-9.599895
-9.065504
-8.380990
-9.826090
-9.552579
-10.609833
-9.344213
-10.003736
-9.613294
-9.233491
-9.263668
-7.429442
-8.402161
-11.555927
-5.910155
-12.111821
-5.235919
-10.843189
-9.405545
-7.112509
-7.506224
-9.471989
-9.586436
-7.614294
-10.241029
-10.266428
-9.333298
-11.702843
-9.599942
-5.787032
-10.406308
-7.872617
-7.518647
-7.751950
-6.287915
-9.389492
-7.376688
-10.866209
-19.779720
-11.002584
-5.948518
-10.093369
-8.720767
-6.494761
-8.605735
-6.817291
-8.467848
-9.947996
-14.050992
-6.278858
-6.480772
-10.495112
-9.788946
-10.785391
-9.613345
-8.429623
-12.394402
-8.328665
-9.480994
-10.559862
-9.411396
-9.113920
-9.206190
-10.357953
-13.336740
-9.260327
-9.818622
-8.411879
-9.220800
-9.231957
-5.759270
-10.914527
-6.731306
-6.069212
-10.028791
-8.609227
-8.229717
-9.819160
-9.031034
-10.814858
-9.440966
-7.357531
-11.130428
-7.839389
-6.135753
-9.125559
-8.829273
-7.442952
-9.345471
-8.863081
-7.808657
-10.108402
-11.506546
-8.811529
-11.684957
-10.316327
-9.254740
-10.356448
-9.141353
-11.242201
-9.756577
-10.794024
-8.108792
-9.802815
-7.759632
-10.419250
-8.642545
-7.949495
-11.414869
-10.643080
-8.622188
-8.755415
-11.126799
-10.357511
-10.856819
-10.717670
-7.115660
-11.453155
-7.978213
-7.967753
-10.150455
-12.660273
-6.647314
-8.800100
-10.888757
-10.187767
-8.885921
-11.660335
-8.419652
-7.896588
-7.968383
-9.112593
-11.560457
-8.636506
-6.597690
-8.870666
-9.314666
-7.138476
-7.416256
-8.379719
-7.334938
-12.155177
-12.590327
-6.239644
-7.692795
-9.999310
-7.675165
-10.261545
-8.158464
-9.578060
-6.707486
-12.664208
-10.545861
-13.108879
-8.776875
-9.400212
-10.240877
-8.858437
-10.033909
-9.952591
-7.606897
-8.602628
-8.014429
-7.624493
-8.376594
-7.443407
-10.604506
-6.119712
-9.793016
-10.157779
-5.475278
-7.507997
-12.709780
-10.466316
-10.529881
-9.157421
-8.064555
-9.568857
-9.015829
-7.065385
-9.501994
-9.198248
-9.392094
-6.730721
-9.015303
-8.822416
-6.227461
-9.787243
-8.232845
-9.221773
-6.561452
-10.287307
-8.473066
-10.212498
-9.079430
-10.210108
-6.780145
-11.555135
-8.960753
-7.918353
-6.504519
-11.947689
-14.111949
-9.752264
-4.329619
-11.355920
-9.871069
-8.498865
-7.971250
-7.844668
-9.899789
-8.267454
-9.613476
-7.085807
-12.320782
-7.158884
-10.394911
-9.442771
-11.929051
-8.884904
-8.270210
-7.123618
-8.372670
-8.131227
-6.894712
-7.870517
-9.905371
-12.435597
-7.770998
-8.636905
-9.706189
-6.998910
-6.234914
-13.992952
-9.248352
-10.175916
-11.147500
-12.479058
-7.699231
-8.067469
-8.948175
-9.146401
-11.321495
-7.279169
-7.177175
-9.637527
-10.360490
-7.834564
-9.464699
-10.577270
-8.846695
-8.588196
-10.040733
-9.702273
-10.405981
-8.076268
-11.108118
-7.592973
-8.348722
-9.296515
-8.631034
-12.358301
-9.421899
-7.604761
-9.877895
-9.595802
-8.740110
-10.069642
-8.017141
-10.120878
-10.892024
-8.920830
-8.436809
-9.672541
-7.714161
-8.781923
-12.753823
-10.550707
-11.173732
-9.986197
-9.840060
-13.383638
-9.579000
-8.844206
-8.798178
-7.768626
-9.271308
-11.599758
-9.832059
-7.191263
-10.168201
-9.797033
-8.689773
-7.623359
-9.619323
-8.759844
-11.663734
-6.395025
-8.089782
-7.012663
-7.427041
-10.321970
-7.364267
-8.214587
-9.918826
-7.939030
-7.386170
-9.947147
-9.830655
-8.870335
-7.793214
-8.319186
-6.852961
-10.333508
-9.648389
-9.258402
-8.956554
-16.353052
-9.846525
-8.361692
-8.256265
-10.971082
-12.215976
-7.075815
-13.601632
-11.985058
-11.460227
-10.422253
-10.099674
-7.850639
-12.157831
-7.866604
-10.729987
-8.331181
-9.809641
-10.236383
-10.934682
-10.445853
-11.644176
-4.847884
-8.962052
-6.595326
-10.098368
-8.530594
-10.403479
-14.503783
-11.253366
-10.105951
-11.247801
-12.698208
-10.107240
-8.056886
-8.516342
-8.526441
-10.252197
-11.120386
-6.356169
-7.967221
-7.836943
-5.542133
-4.459792
-12.222052
-3.425018
-11.378099
-7.850437
-6.805413
-9.438635
-8.296891
-6.723048
-11.821598
-8.108926
-8.947296
-5.526207
-12.167982
-9.405010
-8.489689
-9.311155
-10.805292
-8.260713
-12.518382
-10.017225
-11.841108
-9.361318
-10.046298
-19.594719
-9.439648
-7.761581
-8.477970
-8.157543
-5.703931
-6.067892
-9.266693
-10.561378
-7.949295
-6.535601
-10.458403
-9.687599
-7.051022
-8.572138
-8.942321
-11.432821
-9.919520
-9.196362
-8.690632
-10.363939
-9.179834
-9.138480
-8.596535
-9.405864
-13.504155
-12.466413
-11.019731
-9.087557
-11.145472
-11.828428
-7.690555
-5.192411
-8.423343
-8.832416
-9.196413
-9.661142
-11.375043
-7.801407
-10.887441
-7.102705
-8.078527
-10.401124
-6.865767
-8.592775
-10.008419
-10.061903
-9.718365
-6.412876
-10.645269
-8.651860
-12.073317
-7.553463
-9.748289
-11.450186
-10.505527
-10.322289
-10.285383
-10.722620
-8.187816
-9.211094
-10.736997
-11.559048
-8.498055
-7.700922
-9.864845
-9.556927
-6.718042
-11.647825
-7.612690
-7.696522
-8.464460
-7.010342
-9.110083
-9.009599
-9.672152
-14.575534
-8.264583
-9.512857
-8.411906
-9.873764
-19.035065
-8.031008
-10.827567
-7.665858
-8.848093
-6.724279
-8.110479
-11.228248
-9.217828
-7.771529
-12.011566
-10.357807
-19.526382
-8.409310
-9.298044
-9.603653
-9.567049
-8.972642
-10.154751
-7.154992
-9.590835
-9.581712
-7.264787
-9.320679
-8.679771
-7.883580
-8.665948
-7.407211
-11.125902
-9.791969
-9.480369
-9.297687
-9.730408
-5.027727
-7.467284
-9.978065
-10.142345
-7.365742
-6.437997
-11.360368
-7.386621
-7.850793
-9.120394
-11.012075
-8.760489
-7.036489
-9.748889
-8.860258
-9.348766
-5.776869
-12.117872
-8.216683
-10.700480
-9.135562
-11.464139
-7.855744
-8.534425
-6.882391
-11.338776
-12.153545
-9.072495
-7.248521
-10.232768
-9.950895
-10.455245
-9.563729
-7.352888
-9.042955
-11.834569
-7.467821
-8.446056
-7.668031
-10.648972
-10.321003
-9.621481
-10.180761
-9.880795
-8.759800
-9.793958
-8.507821
-10.107282
-8.681091
-6.499504
-6.995891
-10.755807
-6.078634
-11.483275
-7.968462
-6.336067
-9.438300
-12.988663
-10.453261
-7.688618
-10.723424
-6.695200
-10.100857
-9.963989
-7.315448
-10.514510
-9.765722
-10.914843
-7.107527
-13.710967
-11.024549
-9.057109
-8.774213
-8.584179
-10.258247
-7.429212
-10.587383
-7.770971
-8.115720
-9.988164
-12.310910
-8.312805
-10.168557
-7.280785
-8.519179
-6.937248
-13.009808
-6.922075
-8.173895
-10.440239
-7.856084
-8.454673
-8.457064
-8.885630
-8.829827
-7.617238
-7.957012
-7.746107
-7.566981
-7.054432
-10.413056
-8.076122
-10.756721
-10.627069
-9.716765
-9.811072
-8.073376
-9.691644
-8.982420
-10.011207
-11.066570
-11.072492
-9.009372
-6.555353
-5.769245
-12.009432
-5.506137
-13.161632
-9.394839
-10.038329
-8.177829
-9.795184
-10.734012
-9.022624
-10.877879
-11.931689
-7.631494
-10.314041
-9.854089
-10.146214
-10.697494
-10.642502
-9.303608
-6.857384
-11.790171
-6.466110
-9.347767
-7.165910
-8.079459
-12.167833
-9.930094
-9.070908
-8.946967
-6.759476
-8.522732
-10.389401
-12.776814
-10.978828
-7.623477
-9.452988
-9.451730
-7.497568
-9.443299
-6.621754
-7.142615
-8.078762
-10.217077
-8.945062
-9.534081
-8.721979
-10.755875
-9.625432
-10.676861
-8.430664
-10.462831
-8.965742
-5.154717
-9.048528
-10.977509
-10.735362
-6.545111
-6.601091
-12.554082
-10.213806
-7.546648
-11.389950
-9.864640
-8.217851
-9.320228
-8.995664
-7.682228
-12.211351
-8.672812
-10.190516
-8.805920
-10.489972
-11.366697
-10.654386
-8.894544
-13.647972
-25.398575
-9.011628
-7.717260
-6.468521
-10.122328
-10.579967
-11.021661
-11.027145
-6.247062
-12.391603
-5.855020
-8.639042
-10.368898
-7.559330
-3.687444
-11.340611
-7.574792
-11.874471
-10.308001
-9.615052
-10.104959
-7.315403
-10.352698
-7.429412
-10.047516
-10.611197
-8.058047
-10.351052
-5.721349
-5.296925
-12.445716
-6.958681
-11.486872
-10.775303
-7.528694
-7.722044
-10.657055
-11.779557
-9.717123
-8.864413
-13.223971
-8.368500
-8.862848
-12.163052
-10.713728
-6.313771
-12.186535
-8.341361
-10.887413
-7.764131
-8.948153
-6.539334
-9.048918
-9.505707
-7.094583
-9.283597
-10.107502
-8.520017
-7.734789
-11.424923
-10.072070
-10.756660
-10.324492
-10.231517
-9.124518
-5.970347
-8.934446
-9.126639
-13.122981
-8.743333
-7.535100
-7.804588
-11.610372
-10.005960
-9.887411
-10.040447
-8.703937
-5.234553
-8.011426
-8.227760
-9.589430
-9.408044
-7.522001
-9.642232
-6.320684
-9.315019
-9.413012
-9.492324
-6.040101
-11.024523
-9.132623
-12.559110
-11.801466
-10.099900
-9.597274
-10.032692
-8.948404
-9.705626
-9.014215
-7.164947
-10.695035
-7.844620
-8.856853
-10.976481
-9.385073
-11.429968
-9.894453
-9.135884
-10.217673
-8.950229
-7.680562
-8.120964
-9.323094
-8.861192
-9.022234
-6.977512
-9.016898
-5.765872
-7.371400
-27.862953
-7.750941
-9.458719
-12.189631
-10.503864
-10.125956
-8.921357
-7.165610
-8.896412
-9.781864
-7.991707
-8.275273
-10.421636
-6.257413
-10.220873
-9.676741
-10.189509
-8.423439
-7.886284
-9.071454
-8.833792
-9.188463
-6.958209
-10.864919
-9.991116
-9.000128
-7.470026
-10.667552
-7.073128
-9.416151
-10.051135
-8.285374
-10.725595
-7.299668
-9.945563
-7.591385
-9.643085
-7.799199
-5.733344
-9.078711
-10.414558
-6.965275
-10.128561
-7.883144
-9.703182
-10.098723
-6.982697
-8.771797
-10.026084
-9.441628
-11.065090
-9.180289
-8.239212
-8.146811
-9.565923
-12.061818
-6.147521
-7.620621
-8.017225
-10.578568
-9.468254
-9.953950
-9.949831
-9.000759
-8.753954
-8.222679
-7.044717
-5.027235
-12.483895
-9.256576
-13.353771
-7.632321
-8.691272
-7.537334
-9.292849
-9.200560
-8.800468
-10.451827
-7.857661
-21.405796
-8.803917
-9.162638
-10.195704
-12.217904
-9.858940
-7.501949
-12.852126
-6.543971
-7.713634
-9.151332
-11.083587
-8.058526
-11.890967
-9.555136
-35.531178
-10.483660
-6.633989
-11.580963
-8.875902
-7.843946
-6.211337
-9.289341
-9.255157
-9.726155
-9.917533
-9.898118
-8.121610
-5.969674
-7.153012
-9.826690
-8.555457
-8.415863
-7.368692
-8.910188
-6.119859
-8.696560
-12.666430
-7.745953
-9.023261
-6.020103
-10.250219
-8.641313
-8.143950
-11.318471
-7.297068
-7.846601
-7.196285
-8.763093
-12.027637
-9.589289
-10.720702
-9.153838
-9.096807
-8.321884
-10.572679
-8.885635
-8.257959
-9.978193
-9.629683
-8.395910
-10.227907
-9.189183
-10.425667
-9.324807
-11.721031
-5.218541
-9.059593
-8.058373
-7.930585
-10.318739
-10.915808
-10.547477
-10.304350
-7.129502
-9.377104
-6.291090
-9.631288
-5.755364
-9.999086
-8.984088
-10.426395
-9.410972
-10.511445
-8.352362
-8.368861
-10.462623
-11.193986
-8.091061
-7.541177
-9.168318
-9.627164
-7.843801
-10.142417
-8.510043
-10.384572
-8.591063
-9.608219
-10.520882
-10.266424
-9.602509
-9.407614
-9.183332
-9.769200
-8.649776
-9.925175
-9.648251
-11.192062
-8.188141
-7.689353
-8.629087
-8.911093
-10.342110
-13.033773
-10.861544
-8.284863
-10.667641
-11.945044
-8.829336
-12.443157
-12.630673
-9.403723
-7.655188
-9.254887
-10.056584
-6.642131
-7.022513
-11.161557
-10.429070
-10.383743
-16.003168
-7.049258
-9.341799
-5.447450
-8.089067
-8.403131
-9.661613
-9.979516
-9.279006
-8.636939
-11.920099
-8.220443
-10.602662
-9.818886
-12.278315
-8.613109
-13.023064
-9.587751
-5.548090
-6.592164
-9.169048
-9.554508
-9.658025
-8.279095
-6.682038
-10.829739
-13.684995
-11.639914
-8.681456
-9.157945
-8.184011
-6.734274
-8.975663
-5.572333
-10.783256
-6.738350
-9.808977
-9.808208
-9.128802
-10.640764
-9.874603
-8.273137
-6.476297
-7.047574
-9.844938
-9.283259
-8.243914
-9.742439
-9.288496
-8.109838
-8.300349
-10.702628
-9.764010
-9.366192
-9.547424
-9.843750
-9.817661
-10.464852
-8.147573
-9.238358
-8.444701
-9.770386
-6.743656
-4.649954
-7.817497
-10.566144
-12.396636
-9.416500
-9.375027
-11.463264
-9.168011
-11.075190
-9.724524
-7.818043
-11.748843
-8.312253
-9.784915
-10.141014
-6.531767
-8.034425
-6.049914
-7.959609
-9.711405
-10.458639
-8.339852
-6.849781
-6.628035
-11.607157
-11.051812
-9.119979
-8.356014
-10.849098
-9.978198
-7.808146
-9.259284
-11.358090
-10.806256
-10.113898
-8.320249
-11.155470
-10.449096
-10.614241
-8.015255
-9.473944
-12.003459
-10.388742
-10.519010
-10.860370
-8.772961
-7.770940
-11.411517
-8.811766
-9.509202
-11.998933
-11.990167
-10.239124
-9.217308
-9.443443
-9.970377
-11.020117
-8.975454
-10.665390
-9.639298
-8.740798
-8.262725
-9.801005
-11.064381
-15.054997
-7.092615
-5.645317
-7.941819
-8.560667
-7.971005
-8.038489
-10.971548
-8.152208
-9.496212
-11.726143
-10.368043
-9.300111
-13.160963
-12.280363
-6.689986
-11.919648
-9.399467
-8.991098
-4.954954
-8.854158
-9.152637
-11.710354
-11.439334
-12.604974
-9.152964
-10.459560
-7.620287
-10.379061
-7.865467
-10.603840
-11.090300
-7.262575
-11.190097
-5.552819
-10.123330
-7.368031
-8.149935
-8.647334
-9.807438
-11.426546
-8.025948
-11.053319
-9.058371
-8.619957
-8.803617
-7.265699
-9.042378
-11.140282
-10.347907
-12.078727
-8.018144
-10.547784
-9.076522
-11.352465
-9.139374
-8.318929
-10.399502
-11.582349
-7.558329
-7.882838
-10.991899
-11.177234
-7.111564
-8.226002
-8.322495
-7.504313
-9.374857
-10.609451
-9.880007
-11.799158
-9.284863
-5.803997
-7.724823
-8.855249
-7.409389
-11.478110
-12.600847
-8.097986
-7.890228
-8.646840
-11.251366
-10.183629
-10.573217
-8.853951
-10.173372
-11.798384
-11.315189
-8.309241
-8.279241
-9.450541
-12.118947
-8.624323
-7.793921
-8.565431
-9.561422
-8.092819
-8.093023
-7.788020
-9.650374
-7.491247
-9.466902
-9.748343
-10.515227
-9.597423
-10.471291
-8.180286
-10.875800
-10.104889
-8.282555
-9.163479
-11.626734
-11.569471
-24.321251
-15.585500
-8.872822
-8.507923
-8.222410
-5.445208
-9.544058
-7.001743
-10.098387
-9.326019
-8.194710
-11.191259
-8.592775
-7.649735
-10.246071
-6.518237
-9.557908
-8.040528
-11.123574
-9.939979
-7.098087
-5.638249
-9.472568
-9.776233
-11.593866
-6.071959
-9.384145
-7.718240
-11.678531
-14.582996
-7.088861
-11.713759
-8.273198
-9.258598
-11.350043
-8.608533
-8.988258
-7.604448
-10.556110
-9.564310
-11.769890
-10.306988
-9.379745
-9.853277
-7.636521
-9.187205
-7.997835
-9.085418
-7.561227
-11.207259
-9.096783
-12.198044
-10.365356
-7.797198
-11.098796
-9.346717
-9.420945
-9.963259
-10.692820
-6.929518
-8.596646
-7.465672
-7.794627
-9.788109
-11.490690
-11.933830
-9.958566
-9.231746
-8.815251
-8.639176
-7.765791
-7.424869
-8.685815
-10.014891
-10.292132
-8.109587
-9.846599
-8.234164
-6.240568
-8.964190
-10.615299
-9.922398
-9.288377
-11.465630
-7.121150
-10.125281
-10.672807
-10.571943
-9.046797
-8.729392
-9.390333
-9.763712
-8.165179
-10.054585
-10.723473
-7.173707
-9.880378
-9.152267
-9.973158
-10.555738
-8.773533
-6.682107
-10.579866
-8.509945
-8.186657
-8.089620
-6.906840
-11.313170
-8.210273
-8.471008
-11.611593
-9.105213
-10.051662
-7.173714
-7.923559
-7.463279
-8.040432
-32.531845
-10.006323
-8.693919
-8.646179
-9.079981
-9.791975
-10.570125
-9.550374
-10.104354
-9.929239
-11.620619
-7.813469
-9.238454
-8.879609
-8.333346
-9.247605
-7.257076
-7.361498
-5.979548
-9.141472
-13.053112
-8.854198
-8.829134
-11.706214
-5.990872
-10.611441
-11.707949
-9.913405
-7.613379
-8.300724
-9.942576
-9.724072
-8.804113
-8.836562
-8.211596
-10.112415
-6.683218
-10.151503
-9.392762
-9.908936
-9.038587
-11.979563
-9.052314
-6.726201
-10.396122
-11.581386
-8.162305
-9.025216
-8.805329
-10.578554
-9.363965
-8.311056
-7.373169
-7.626859
-15.778938
-10.873713
-9.953034
-8.154676
-11.585483
-11.718102
-9.220427
-8.939313
-11.712475
-7.149528
-8.901999
-12.094257
-10.302465
-5.559258
-8.791888
-10.702212
-9.908551
-9.336847
-11.953428
-9.028533
-9.313809
-8.646567
-11.398847
-7.932529
-9.227018
-11.418986
-9.777202
-8.361284
-7.242963
-9.753606
-10.072457
-9.010059
-10.708316
-11.341048
-9.799319
-16.359715
-8.578514
-10.990927
-4.147551
-9.339302
-7.809188
-6.553743
-11.718503
-9.124428
-10.619958
-10.563021
-10.388011
-11.138278
-7.715029
-7.446182
-10.179906
-7.127978
-11.315247
-9.024655
-9.162891
-11.834172
-8.319847
-5.168548
-10.068181
-9.182569
-8.189226
-8.527752
-7.214370
-10.206636
-7.691758
-11.110705
-5.714787
-9.427176
-10.495791
-6.855553
-7.641451
-10.706397
-8.849634
-10.773736
-10.761280
-10.443317
-12.638873
-13.125246
-10.305352
-12.262293
-11.026590
-10.783124
-8.779221
-7.832843
-8.302183
-13.039519
-10.897505
-7.303050
-10.543658
-7.162928
-5.929368
-10.132961
-6.370924
-9.804976
-9.647232
-7.880572
-8.169390
-8.426877
-12.720631
-10.777912
-4.970339
-8.568938
-8.228061
-7.831977
-12.282622
-9.279775
-11.685377
-6.593522
-8.348528
-11.743570
-9.997015
-9.045535
-7.080399
-11.413166
-7.657476
-7.761701
-9.973740
-7.392198
-8.985431
-11.000507
-9.814966
-9.276733
-7.242168
-9.977131
-7.674609
-8.975170
-10.638741
-10.224771
-9.049676
-7.120007
-7.423912
-11.036017
-9.170916
-7.617245
-8.617742
-9.158236
-7.565055
-11.745163
-7.901147
-8.593194
-9.804186
-8.269982
-9.250255
-12.509039
-9.302081
-7.919185
-8.187825
-10.959854
-9.780644
-9.660002
-9.556973
-10.138100
-8.277994
-8.819020
-9.811499
-11.592267
-8.790444
-7.203923
-10.155834
-8.360919
-10.057138
-6.455730
-8.028403
-8.378308
-8.009751
-8.639217
-9.201188
-10.003173
-7.646697
-9.950864
-10.728774
-11.636349
-10.123469
-10.800664
-8.216126
-13.099207
-6.835788
-9.254881
-8.776442
-13.737725
-9.788503
-9.178391
-9.274025
-7.228693
-12.145234
-9.802197
-8.191311
-9.496460
-10.761531
-11.858781
-6.312225
-9.572453
-9.533876
-6.511930
-2.357790
-8.756163
-10.115982
-12.924175
-6.760985
-8.369103
-8.487619
-8.178329
-12.364531
-9.728382
-6.068290
-6.268397
-6.893295
-9.036946
-5.076149
-10.919024
-10.325094
-10.610690
-9.011765
-10.883902
-8.224082
-11.221679
-8.676066
-9.896529
-10.725555
-10.019489
-7.896620
-12.749934
-13.259930
-10.738617
-6.431437
-8.256102
-8.780038
-10.220724
-10.244755
-8.855412
-25.312031
-12.581222
-11.709292
-8.830713
-9.476373
-10.755173
-8.263253
-9.272243
-6.921808
-9.487961
-11.190156
-9.391089
-10.327379
-8.271722
-10.228640
-8.772319
-8.853010
-8.146572
-8.377733
-9.267779
-7.641104
-9.495103
-8.482038
-11.461503
-12.217405
-7.897157
-7.336409
-11.561179
-10.517036
-8.224486
-7.413024
-13.640574
-9.298788
-7.560777
-9.435850
-10.351812
-8.141987
-10.947814
-9.022476
-10.691133
-8.916451
-11.509868
-9.103009
-11.271215
-8.532803
-31.872206
-9.673490
-8.517281
-8.695642
-8.232640
-6.436213
-7.256762
-8.141885
-7.761281
-10.777271
-7.251941
-10.445738
-8.847765
-9.435182
-10.753769
-15.102179
-8.258869
-6.399571
-9.122301
-10.777119
-6.506864
-10.785693
-7.403028
-10.354262
-9.381619
-7.618085
-6.409465
-10.554107
-8.881639
-9.581223
-8.661139
-8.398147
-7.580686
-10.719860
-7.946434
-12.028166
-7.828671
-8.488460
-10.927169
-12.837499
-12.310117
-9.913900
-10.562270
-11.447636
-12.491427
-8.864158
-7.076966
-8.939121
-9.050865
-8.805118
-11.719650
-9.288618
-8.346250
-11.167970
-10.286438
-9.081261
-9.119328
-10.896750
-8.888777
-7.603503
-7.833054
-12.078917
-8.555100
-8.182086
-7.695441
-10.403474
-9.151847
-6.588542
-11.100771
-9.527514
-7.327611
-8.921631
-8.765755
-10.870955
-11.006871
-8.185343
-10.484647
-9.225535
-9.755482
-8.724087
-10.169133
-5.427020
-8.496080
-9.029364
-12.089851
-9.648402
-5.624584
-10.103968
-6.838488
-9.701190
-9.212319
-11.656130
-8.896199
-9.339417
-9.101853
-13.245624
-6.431550
-6.828083
-10.282832
-7.629307
-9.155077
-9.235729
-7.729692
-7.775430
-8.990103
-14.251473
-6.612164
-2.233787
-4.758435
-4.840491
-4.041244
-3.927635
-4.083832
-3.215652
-5.173691
-5.075932
-5.411014
-4.167647
-3.163016
-3.948193
-5.311230
-2.866017
-4.253563
-4.219876
-5.077478
0.818938
0.119541
-3.665950
-4.540757
-6.869516
-5.021525
0.909882
-6.130600
-6.136966
-6.530067
-4.653551
-0.928766
-2.559723
-6.361732
-5.814649
-6.377151
-5.930635
-1.417936
-8.243717
-6.647393
-7.035397
-6.780404
-4.490664
-6.967968
-2.842115
-6.119061
-7.656777
-8.135257
-6.799411
-6.336047
-7.466369
-7.034106
-3.894784
-7.643884
-7.453052
-3.744285
-7.744055
-9.781913
-8.446159
-5.673180
-3.720854
-4.721567
-8.188017
-6.839169
-4.320631
-8.098336
-3.705230
-2.058906
-7.109236
-6.458759
-7.669943
-8.267262
-6.283681
-5.033535
-9.236837
-8.864638
-9.743202
-2.180668
-9.184664
-8.536036
-9.124856
-6.511584
-1.549857
-7.912847
-4.282858
-8.996936
-6.878886
-4.058864
-3.776540
-11.076792
-8.227894
-8.478914
-5.918994
-5.510006
-5.678018
-8.579128
-2.634045
-6.516568
-6.601559
-6.626536
-7.333076
-7.178693
-28.284033
-4.031978
-4.547939
-28.373175
-3.925472
-1.617681
-2.145131
-3.731018
-6.066858
-3.619738
-1.181413
-3.893843
-3.931661
-4.205279
-7.302902
-4.534331
-12.070567
-22.571239
-5.368857
-4.644606
-28.821573
-28.503302
-26.971947
-28.556067
-28.600264
-28.807968
-19.245718
-27.246393
-26.987005
-28.733753
-28.252190
-28.309465
-28.340879
-28.879362
-28.338091
-28.732689
-24.253981
-8.251980
-2.347206
-28.617079
-24.363216
-8.419240
-28.654804
-28.791941
-28.391457
-28.812790
-28.552511
-28.077778
-28.834202
-28.633446
-28.696369
-28.048227
-29.026415
-28.065180
-28.068113
-29.084827
-28.188490
-28.621195
-28.948145
-28.660255
-28.829611
-28.675154
-28.348837
-28.437134
-28.595036
-28.484833
-28.534639
-29.007095
-28.453430
-28.910240
-28.389795
-28.575069
-28.562454
-28.720234
-28.611708
-28.519974
-28.164576
-28.831995
-28.912123
-28.483467
-28.672953
-28.609058
-28.677250
-28.485134
-28.878361
-29.016144
-28.287458
-28.703869
-2.871657
-28.861397
-28.349287
-28.375082
-28.650808
-28.193995
-28.620872
-28.241430
-28.930630
-28.771914
-28.486345
-29.354918
-28.503252
-29.044899
-28.654089
-28.440434
-28.539318
-28.573122
-28.890404
-28.536007
-28.896338
-28.484034
-29.149277
-28.712469
-28.621475
-28.410744
-28.785482
-28.683773
-28.732277
-28.719051
-28.822348
-28.489012
-28.906094
-28.560280
-8.117553
-28.189489
-5.232730
-28.376657
-28.620947
-28.836487
-28.590652
-28.840385
-28.869097
-28.649445
-28.687696
-28.626438
-28.390526
-28.790205
-28.751318
-28.772043
-28.459888
-28.540039
-28.893444
-28.963928
-28.562805
-28.517302
-28.662872
-28.659447
-28.486086
-28.439781
-28.401751
-29.201797
-28.390240
-29.032665
-4.156764
-28.823889
-5.310554
-28.030781
-6.083982
-7.799906
-6.284747
-5.945097
-5.231119
-5.374137
-5.724779
-7.599793
-7.630637
-5.423741
-5.874135
-4.943634
-6.334523
-6.490308
-6.672278
-6.527104
-5.937573
-6.099735
-5.779662
-6.833581
-6.100575
-7.020953
-6.939928
-6.761192
-6.266382
-7.074524
-7.116087
-6.391863
-4.604950
-6.805125
-6.161993
-6.920750
-6.253805
-6.575735
-5.918072
-7.706748
-6.193175
-4.734620
-7.735595
-6.300592
-7.288171
-6.172563
-6.857726
-7.410169
-6.064411
-5.707304
-5.625686
-4.347323
-7.642764
-7.338292
-7.005856
-6.725077
-7.373806
-7.641804
-6.585550
-5.056737
-8.094395
-7.590857
-5.413824
-6.493369
-7.652814
-7.013252
-6.533760
-6.206550
-28.445450
-28.927547
-3.042105
-2.471069
-4.525644
-5.039521
-7.120306
-6.713459
-7.032191
-5.672537
-6.025535
-5.415246
-7.537515
-6.152958
-6.799818
-8.815220
-6.298942
-7.518941
-9.348909
-9.476812
-9.798781
-8.832203
-7.980662
-7.017714
-6.315150
-7.118001
-8.405836
-8.229852
-9.795344
-13.032455
-12.858971
-10.961232
-6.855926
-4.771452
-5.194130
-5.859819
-4.899246
-5.000236
-5.763046
-4.711488
-5.626146
-4.448854
-6.575044
-6.584828
-6.083783
-6.900164
-7.215019
-5.262942
-5.491189
-26.137592
-26.090530
-11.001162
-11.810000
-28.541883
-28.640175
-28.757292
-28.640846
-28.947170
-28.669149
-28.447018
-28.394529
-29.126925
-28.691040
-28.994764
0.286768
-1.724129
-5.088583
-2.166750
-3.028971
-1.871075
-2.657056
-3.975683
-2.740405
-4.176710
-2.365403
-4.987131
-1.687036
-2.046176
-1.576628
-2.140662
-3.307607
-1.753121
-2.447647
-6.702224
-3.854894
-4.156492
-5.628032
-6.277559
-3.274956
-5.169337
-0.854312
-6.046022
-3.633700
-3.514838
-4.461045
-4.790119
-4.765356
-3.806699
-1.815040
-4.966775
-1.469536
-3.493021
-4.719918
-3.250834
-2.642025
-4.553019
-2.872564
-3.121247
-1.722496
-2.572041
-5.954014
-3.132275
-1.158401
-1.472267
-4.148942
-5.563586
-3.676958
-2.632135
-4.285452
-4.301546
-4.233531
-2.728482
-5.728549
-5.900974
-1.282295
-4.501531
-2.949349
-4.539630
-2.026748
-3.679822
-2.581154
-3.551269
-4.250415
-2.136342
-5.822268
-5.252830
-2.717369
-5.632609
-1.782825
-2.575125
-5.896339
-2.066067
-4.118266
-4.629845
-7.106187
-5.136504
-2.288831
-5.814103
-3.317152
-4.107028
-2.503932
-4.282787
-5.003180
-3.881987
-4.681229
-1.394485
-2.508032
-3.742167
-5.261243
-0.350286
-8.393882
-6.846209
-4.176881
-3.812886
-3.674165
-4.021326
-4.648969
-5.234030
-2.514948
-4.779936
-5.750834
-1.268310
-5.141926
-6.766866
-1.764224
-6.918439
-3.178351
-5.817540
-3.972706
-6.362943
-4.239310
-1.662897
-4.658870
-6.438404
-5.971891
-1.441352
-4.566091
-4.269055
-5.111789
-3.125374
-2.757681
-4.316179
-2.254694
-1.737219
-4.337377
-5.199679
-3.993210
-4.814240
-5.336122
-4.856724
-4.226024
-5.476130
-3.912254
-1.144425
-4.733092
-5.193212
-1.910191
-2.393482
-4.851264
-2.097235
-2.814037
-5.188549
-5.987074
-4.525681
-6.234005
-5.107880
-3.657879
-2.238032
-5.062932
-4.423921
-1.935380
-4.715673
-3.372201
-4.792422
-1.618064
-1.951164
-2.291570
-3.753727
-3.781053
-2.160886
-5.261661
-3.245708
-3.954634
-8.083952
-4.404192
-8.788258
-8.012928
-2.181079
-6.342428
-5.574162
-3.354213
-6.392786
-2.890009
-3.312947
-3.083864
-6.703197
-1.239671
-5.039726
-0.335837
-1.118761
-4.316291
-3.327332
-5.049602
-4.500770
-2.954049
-5.901808
-3.260442
-1.496563
-3.781247
-6.037594
-3.632755
-4.290593
-4.258938
-6.043561
-4.962395
-9.084040
-4.652084
-4.738304
-5.559120
-5.835135
-6.943101
-5.714241
-4.986110
-2.824924
-6.099214
-4.694764
-3.251892
-5.996622
-5.044143
-4.220417
-5.152830
-4.244326
-3.859614
-3.686878
-4.723757
-0.704436
-2.949486
-3.523771
-3.174666
-5.910810
-4.093811
-3.796791
-4.499982
-6.206551
-4.220682
-3.100161
-4.132834
-3.878145
-2.551159
-6.196362
-5.910643
-5.794435
-7.181120
-5.795515
-3.842126
-2.259054
-3.629833
-3.753282
-5.422348
-6.066678
-5.944194
-3.913674
-5.871438
-5.562490
-3.999151
-5.625569
-5.079336
-5.520921
-1.988302
-5.902864
-2.640691
-4.486642
-2.724721
-3.511534
-4.684032
-5.910503
-4.636276
-5.695506
-2.821938
-4.927355
-7.264533
-4.943341
-4.979026
-7.089636
-6.196308
-6.749544
-4.800252
-5.963941
-5.933114
-3.612527
-5.220970
-6.389956
-4.564577
-3.940007
-4.191320
-3.610764
-5.297937
-5.252870
-2.489957
-3.132380
-7.628515
-3.800501
-4.851837
-4.923376
-4.081538
-1.867565
-6.484485
-7.790466
-1.643912
-3.911730
-3.447743
-3.885740
-4.593414
-4.890016
-3.291936
-3.434760
-4.217188
-4.073580
-5.188137
-3.853137
-6.492079
-3.275218
-3.228804
-6.544884
-6.005206
-4.123637
-5.504409
-6.423508
-4.723562
-4.206453
-4.419824
-6.202031
-7.021647
-5.323429
-3.141966
-7.422043
-5.529767
-2.027026
-1.320513
-3.797327
-5.214972
-4.585851
-4.388132
-7.755774
-7.214717
-5.765889
-3.605617
-2.084095
-5.019215
-5.707729
-5.207505
-5.219062
-2.379137
-3.203157
-5.279951
-0.224099
-3.010815
-4.070742
-5.310886
-5.584481
-3.093808
-2.815585
-5.316558
-6.009305
-3.285197
-5.009396
-3.857011
-3.527458
-7.053205
-5.032854
-4.820713
-4.957199
-7.082345
-2.635524
-5.829195
-5.746725
-3.970632
-8.208195
-1.777331
-5.250270
-4.576078
-6.703274
-3.436269
-4.162577
-5.033404
-5.842889
-8.534539
-2.466081
-2.624293
-6.240192
-5.960032
-8.189276
-5.499676
-5.639552
-7.289449
-3.713133
-7.143876
-2.567226
-4.584682
-4.985696
-4.703022
-5.581237
-2.454951
-4.596983
-2.797757
-2.799804
-4.611550
-3.105105
-4.521428
-8.604366
-6.176596
-7.414510
-5.442255
-5.391234
-5.902704
-4.862978
-3.628649
-5.371008
-5.354027
-4.830919
-3.602564
-5.431657
-4.216751
-6.071072
-7.069724
-7.942148
-3.148268
-2.468514
-7.008475
-7.202332
-3.310197
-5.797923
-7.117238
-6.242889
-2.829463
-4.181837
-7.478720
-3.150657
-4.385955
-7.209001
-6.482646
-4.390697
-7.223918
-3.449832
-3.852433
-6.552884
-6.145584
-6.701815
-6.637614
-6.488896
-3.849306
-3.182261
-4.101532
-6.030479
-3.373632
-8.218173
-4.335306
-3.252604
-5.394147
-3.902321
-6.035024
-4.538089
-4.769042
-2.717272
-5.003287
-5.896918
-4.299855
-6.317841
-3.856697
-6.679704
-5.866395
-8.226618
-5.979857
-5.238211
-3.586110
-7.741850
-4.651699
-4.629884
-3.986135
-4.882571
-5.006299
-6.271751
-6.049419
-6.556165
-4.179605
-4.854904
-6.874921
-2.415952
-3.688099
-5.765477
-3.956387
-5.564519
-3.876492
-5.618055
-4.504503
-4.853801
-4.716044
-6.554740
-7.011529
-4.264935
-4.459322
-11.972338
-4.371367
-6.399754
-4.891187
-8.110487
-4.497519
-5.004263
-4.772804
-2.930248
-6.092895
-3.830760
-5.169133
-6.596749
-8.267959
-4.282986
-4.275796
-6.320147
-4.712550
-7.216628
-6.105176
-2.619430
-5.357161
-2.930766
-4.005452
-5.853375
-4.222686
-7.069100
-4.338666
-6.164030
-6.885861
-4.439005
-6.239791
-4.928204
-9.094319
-7.858062
-0.776950
-3.548446
-5.140113
-7.949833
-6.490300
-4.671425
-5.193101
-8.879429
-3.754736
-4.209634
-7.933550
-5.605139
-4.693887
-5.823679
-5.306708
-5.206837
-7.060521
-5.839518
-4.392431
-5.392343
-4.060100
-6.091123
-7.147814
-3.924676
-5.108236
-5.543891
-4.681453
-7.152950
-6.598426
-5.604084
-6.362971
-4.242632
-6.005771
-4.945640
-5.290237
-4.282177
-7.714488
-3.466905
-6.440685
-4.051544
-4.647952
-2.124610
-5.458993
-5.266120
-5.012563
-3.718464
-6.062733
-6.199809
-5.417517
-6.752394
-5.911353
-5.828405
-3.191096
-3.970241
-4.693985
-7.988042
-6.183624
-6.103731
-8.088522
-5.549309
-4.246916
-2.227835
-5.700364
-2.882723
-4.605659
-6.393752
-5.951062
-6.222706
-6.410178
-4.789208
-6.277838
-2.106951
-8.761802
-4.363072
-5.347995
-4.239995
-3.159288
-4.192937
-6.577638
-5.829451
-4.354239
-4.699398
-6.458278
-7.476161
-3.815153
-6.867130
-6.428578
-7.506619
-6.524779
-6.666032
-5.677805
-6.875874
-4.830963
-4.397852
5.595262
-3.384691
-5.051676
-5.357838
-3.841927
-3.999811
-4.024365
-5.915626
-7.366765
-8.357476
-6.110899
-5.228373
-4.992923
-6.787169
-6.049213
-7.820015
-9.055694
-3.156117
-2.972251
-4.916551
-5.980966
-5.729015
-6.921822
-4.371548
-5.460845
-6.493329
-4.529216
-4.085124
-6.062948
-6.878706
-5.830505
-4.410607
-3.149369
-4.532782
-7.560366
-3.842836
-7.328154
-5.192948
-6.759622
-5.520612
-7.234637
-4.206560
-4.813855
-3.484957
-6.759824
-4.379554
-7.797039
-6.629794
-3.881557
-7.149554
-2.697113
-4.602618
-4.130330
-7.751292
-5.863035
-6.294924
-8.560551
-8.693544
-3.857639
-4.944295
-5.564161
-7.073484
-5.834115
-7.716935
-7.857102
-8.638535
-4.508848
-7.903605
-5.306485
-3.149737
-5.094777
-6.802880
-6.373491
-5.418579
-1.262942
-4.297098
-4.033228
-4.763103
-0.746602
-5.547427
-5.253876
-4.447131
-6.122816
-8.328198
-6.575415
-4.651278
-8.439883
-6.063033
-2.868337
-4.417120
-7.823032
-4.546840
-7.343290
-6.503327
-5.294271
-5.489672
-5.411256
-3.831097
-8.421499
-4.580116
-9.060581
-8.804504
-5.364121
-9.146485
-6.451401
-3.472750
-3.145929
-5.973297
-7.783772
-3.802441
-4.844334
-5.885463
-4.101711
-6.917109
-6.567605
-4.437704
-0.228975
-6.209181
-3.752973
-5.719559
-5.649603
-5.642649
-2.519871
-4.285479
-4.964639
-2.516941
-6.295838
-6.008642
-6.380311
-6.437794
-4.305661
-3.466534
-4.789304
-7.132447
-6.634214
-5.112119
-6.953981
-2.074236
-3.339908
-5.695987
-5.337385
-9.717787
-6.397809
-5.736047
-6.562759
-7.506804
-3.112180
-1.891540
-5.397476
-5.547611
-6.925563
-6.201501
-7.604091
-5.659751
-6.629454
-6.820350
-5.582592
-6.591795
-2.270006
-9.694203
-4.283769
-7.381259
-2.722518
-4.354260
-5.752072
-4.234134
-3.837176
-7.621744
-8.556098
-2.570982
-5.594738
-6.329586
-5.084282
-3.377125
-5.185606
-2.595313
-4.542435
-3.540089
-2.892631
-3.839986
-5.026612
-4.808962
-6.119964
-4.463319
-6.104362
-6.191169
-7.672392
-3.780259
-6.297514
-4.154096
-3.885118
-4.507903
-5.112240
-5.909541
-5.370255
-7.329497
-8.496524
-4.100684
-7.308224
-6.528032
-4.349375
-5.147910
-6.848733
-5.900198
-6.805704
-5.511711
-5.263117
-4.501639
-3.140652
-5.646852
-5.857211
-4.092844
-5.570247
-4.808296
-4.303322
-7.001116
-6.290526
-6.945388
-6.325354
-5.769300
-6.983476
-6.867980
-7.101189
-5.521285
-3.006119
-8.391577
-4.612946
-6.447127
-3.596460
-4.053995
-5.394939
-7.617524
-7.873939
-8.105699
-4.395314
-3.535602
-3.823234
-3.988125
-3.817887
-8.862507
-5.325154
-6.619486
-7.798533
-4.016734
-6.352041
-6.420280
-5.289390
-4.679040
-8.716372
-5.920599
-4.323282
-4.201702
-4.859428
-9.444507
-6.418296
-5.761038
-6.319761
-8.303585
-6.677159
-3.860054
-4.534745
-7.167823
-6.890553
-6.418207
-6.989969
-3.505760
-5.794481
-7.619534
-4.341393
-6.766094
-3.972900
-7.109339
-4.620416
-2.845349
-6.774853
-4.277682
-2.367009
-7.151381
-5.302259
-7.596535
-5.738389
-2.858387
-5.845984
-8.328006
-7.125686
-7.272369
-4.542200
-6.011041
-6.410773
-4.612665
-5.557831
-8.049326
-3.014754
-5.956545
-8.978233
-4.653376
-7.395284
-4.828185
-5.279885
-8.259982
-3.469424
-3.095179
-6.130900
-7.155860
-4.398457
-7.430124
-6.070131
-1.024265
-5.739204
-5.725863
-6.370738
-5.333710
-7.089724
-6.505101
-5.543180
-7.358073
-2.131871
-4.860321
-5.823222
-8.570795
-4.820918
-10.227118
-6.533439
-5.424127
-6.426579
-4.949803
-4.243745
-4.556417
-4.578719
-7.900442
-5.871169
-7.491492
-4.036269
-6.383645
-4.941213
-8.206364
-4.889005
-3.029702
-5.733111
-3.830017
-5.424086
-2.474077
-6.204242
-6.770038
-6.353014
-4.271564
-5.337478
-1.544309
-6.252805
-6.960679
-6.796433
-7.887549
-3.650546
-4.437459
-3.479186
-5.474131
-5.445709
-3.689208
-5.282008
-6.888283
-8.198957
-8.353408
-7.411108
-2.945983
-8.170805
-3.706279
-6.247836
-5.363461
-4.842918
-3.374666
-7.842809
-4.332163
-1.751364
-4.813452
-6.016958
-9.623305
-6.498795
-6.896213
-4.431613
-6.221835
-6.338666
-7.340625
-6.659223
-4.514421
-6.365371
-5.858501
-9.200322
-3.217220
-7.240129
-3.551305
-8.028455
-4.984933
-7.000532
-6.118574
-6.237727
-5.864432
-4.446923
-4.623168
-5.920897
-5.929485
-5.187857
-7.294286
-4.614120
-2.932932
-8.169037
-6.616223
-6.710954
-7.951903
-6.865075
-6.880688
-7.790771
-6.512333
-7.852250
-6.755980
-6.316027
-4.487894
-8.411409
-7.112589
-7.152730
-5.406100
-5.650887
-3.902278
-3.184940
-5.814606
-6.244315
-4.369178
-5.343295
-4.223411
-2.947994
-6.123295
-6.751773
-1.844566
-2.556869
-6.071862
-5.366569
-5.478078
-4.307987
-7.218770
-7.443657
-6.024517
-7.614360
-7.167292
-7.792223
-2.385411
-5.578455
-6.782353
-9.654651
-5.874731
-6.416868
-4.004546
-2.029195
-5.312240
-7.849615
-5.463920
-3.646204
-6.071806
-4.082469
-6.103264
-5.640499
-7.451696
-5.975380
-4.845231
-5.591204
-7.058280
-5.355658
-5.658499
-6.955405
-7.832397
-8.477279
-8.251160
-7.406279
-6.491930
-5.640886
-9.147673
-4.684570
-6.799793
-3.864431
-3.172221
-4.624132
-3.058528
-3.997920
-3.258088
-8.782361
-6.309811
-5.222030
-4.986085
-6.337001
-6.504884
-5.726342
-4.304790
-4.153086
-7.367198
-5.697402
-6.517076
-6.080061
-3.353290
-8.839427
-2.716824
-4.588874
-4.057514
-6.533499
-4.381465
-4.552626
-6.921676
-6.878541
-3.169091
-4.431606
-4.119988
-5.858536
-5.607458
-5.875113
-4.991302
-6.190749
-7.405282
-4.878477
-4.508971
-5.821658
-3.987776
-5.997523
-7.686902
-5.930157
-4.082649
-4.680524
-4.266983
-3.534798
-4.694215
-6.076901
-3.756703
-7.437790
-4.216152
-7.121049
-4.414632
-6.236831
-7.065576
-5.027540
-5.356417
-7.299479
-7.036388
-7.901166
-6.736884
-3.929895
-8.343407
-3.205233
-3.624553
-5.972783
-5.480656
-6.303360
-7.630728
-8.410168
-3.436415
-5.923151
-6.229552
-4.214313
-6.233850
-4.453392
-5.044523
-6.299777
-7.209249
-8.331584
-4.467887
-6.016045
-5.025559
-5.884018
-5.503876
-7.128730
-5.745556
-6.315092
-7.771982
-6.903169
-7.891472
-5.453657
-3.316740
-5.459881
-8.517212
-6.434401
-5.714525
-8.463355
-7.937702
-5.724915
-4.231780
-3.632168
-7.378430
-1.715708
-7.276492
-6.388857
-6.051635
-5.964081
-7.373703
-5.067689
-7.007042
-8.853042
-5.256074
-6.093876
-8.893180
-7.535367
-4.655770
-7.465888
-4.504252
-6.400048
-6.409333
-7.195648
-6.626965
-4.954481
-6.059675
-7.709161
-4.586694
-3.702460
-3.537621
-4.084476
-8.122919
-4.305600
-7.067652
-4.221703
-4.818814
-4.489674
-6.594808
-5.810102
-6.751742
-5.589416
-7.095574
-5.296118
-5.626777
-6.783990
-5.805170
-7.977922
-2.841558
-5.408428
-6.012958
-5.324126
-8.180565
-5.464036
-5.173494
-6.781981
-6.029428
-5.749751
-5.199015
-7.826380
-5.849398
-7.507965
-7.968312
-9.069967
-5.796731
-6.354484
-4.941290
-4.712817
-5.943059
-4.512016
-6.081970
-5.117657
-5.360278
-3.589546
-6.479457
-4.796047
-7.119838
-5.663023
-7.173715
-5.786448
-9.093067
-6.129317
-5.450159
-8.553296
-3.879723
-7.599226
-4.404304
-5.053695
-3.656133
-4.980968
-4.815356
-7.545492
-6.642485
-6.631177
-5.691962
-7.661131
-7.024966
-6.287922
-7.535739
-6.705419
-5.191877
-7.570295
-5.696590
-4.429893
-5.954947
-4.885291
-5.388166
-3.783055
-2.750773
-6.325779
-5.413697
-6.993906
-6.114729
-6.717506
-4.986417
-5.305467
-4.652457
-7.387234
-7.975991
-7.718837
-5.645127
-3.220623
-6.871209
-5.132998
-3.851252
-6.823124
-7.605341
-5.978235
-7.178976
-4.562735
-1.525522
-3.109084
-5.998512
-5.925899
-6.465491
-6.400590
-7.515892
-4.633438
-5.563880
-4.864014
-6.907077
-5.943236
-4.758727
-5.803499
-5.306234
-6.824489
-7.351800
-6.074365
-5.125793
-8.124496
-6.094237
-7.472644
-6.272749
-4.647453
-8.005069
-3.884436
-8.241699
-5.692219
-5.443825
-6.847684
-6.294605
-5.801816
-5.336020
-8.337884
-5.745053
-9.555643
-4.946852
-6.897934
-5.277750
-4.119191
-5.519144
-7.816257
-4.529465
-5.706839
-6.810146
-4.259899
-6.023152
-7.131812
-8.739340
-2.388247
-5.030381
-6.731770
-5.289976
-5.726121
-6.728621
-4.530369
-5.705057
-6.935498
-8.893718
-4.860474
-4.825032
-4.635593
-7.829772
-6.787716
-6.916234
-7.277124
-6.609578
-8.511253
-5.790416
-8.118822
-9.399832
-5.908125
-8.460188
-4.857733
-10.094931
-8.612509
-3.387582
-4.741599
-6.167808
-5.088494
-5.003870
-7.481176
-5.827717
-7.696922
-5.535127
-11.007210
-8.321473
-6.882411
-5.273083
-9.012950
-7.421040
-4.602665
-8.276493
-6.085352
-6.401521
-6.836905
-8.079281
-7.625954
-5.790745
-6.985687
-5.322688
-2.035687
-5.873357
-8.897223
-6.905864
-5.241610
-6.496807
-4.750112
-7.303566
-6.657116
-1.277172
-9.603941
-7.183746
-5.732368
-7.497611
-4.463015
-10.089727
-5.302758
-8.797988
-5.112043
-6.620993
-10.038761
-4.615871
-7.996929
-4.895328
-5.320329
-6.556504
-5.441139
-8.602178
-9.364481
-5.297972
-5.643715
-5.555514
-4.512266
-5.461020
-7.966910
-5.274322
-2.775751
-5.138474
-5.094649
-28.430811
-6.700574
-7.583567
-4.545112
-5.601138
-4.845681
-7.520987
-6.066420
-6.716002
-8.490979
-5.147838
-8.455881
-4.793379
-3.512966
-6.056432
-5.030967
-6.078306
-5.000071
-4.960416
-6.086756
-5.082461
-3.855587
-7.782673
-4.249938
-8.156677
-1.028501
-7.357683
-4.246479
-5.001218
-6.508234
-3.776867
-2.824761
-10.124340
-7.441637
-5.475356
-5.534135
-4.535246
-5.398228
-6.424315
-7.373581
-3.785612
-4.419044
-5.236376
-4.432453
-3.201936
-6.587615
-4.220894
-5.672405
-6.484755
-6.789564
-8.561292
-5.356622
-5.595972
-5.466599
-8.353818
-5.917585
-7.837710
-6.155455
-6.494347
-7.788224
-3.191398
-5.662992
-5.106959
-5.152654
-7.296599
-5.054180
-7.442880
-4.895510
-5.469038
-4.254659
-5.160019
-7.651827
-7.301574
-8.067209
-5.534693
-7.760099
-5.585534
-5.663795
-6.990629
-3.557237
-7.630912
-5.014943
-4.564782
-6.215749
-7.179335
-4.482283
-7.110391
-5.667580
-6.890611
-5.107179
-6.162024
-2.533061
-7.892148
-6.661269
-4.916305
-3.535072
-5.588945
-7.976225
-4.606702
-5.400468
-4.267509
-4.600829
-1.705850
-7.574320
-10.161459
-4.417739
-6.276071
-6.730417
-6.327567
-7.306245
-6.257535
-6.134192
-5.413483
-3.719619
-8.177533
-5.057945
-5.605969
-6.117375
-5.590137
-3.532755
-6.693684
-5.408116
-7.257767
-4.470994
-6.924361
-5.843648
-8.444030
-2.245189
-8.585645
-8.070644
-0.468239
-3.291626
-4.903620
-6.852715
-9.607469
-6.859101
-7.650565
-6.961003
-5.897672
-5.397002
-3.738096
-7.990647
-6.657204
-5.651707
-8.275034
-7.098888
-6.329148
-7.266832
-6.190793
-5.601096
-8.867497
-9.481439
-4.497420
-8.203387
-6.352878
-4.719008
-7.312373
-5.882567
-7.243486
-5.662684
-6.335810
-7.375329
-9.295544
-6.477849
-4.720380
-9.998315
-4.335696
-4.304965
-6.112913
-8.333016
-5.722567
-3.612045
-5.553547
-6.683334
-5.669822
-6.022956
-7.107628
-5.461783
-5.295309
-7.417377
-8.535924
-6.268442
-6.834898
-5.528055
-5.659820
-6.077541
-8.726017
-6.116697
-5.326710
-5.453815
-6.574323
-9.085113
-8.478350
-5.369250
-7.084908
-6.147934
-7.405950
-5.427100
-6.655045
-8.756388
-6.189980
-3.556040
-4.107110
-2.796120
-7.190227
-6.936692
-7.919936
-6.352417
-6.320736
-5.737649
-5.572819
-6.382146
-7.892429
-5.543786
-7.742392
-8.840637
-5.287723
-8.043235
-6.936225
-8.249079
-5.933300
-1.083093
-4.680284
-7.825150
-6.119535
-5.705100
-9.144377
-4.999504
-3.975979
-6.491815
-8.174631
-6.398616
-6.029388
-6.109910
-8.292232
-5.327571
-7.600108
-5.243606
-5.713434
-6.035845
-4.817898
-5.910440
-8.851277
-4.960203
-3.665457
-6.640018
-7.057995
-5.467403
-7.051152
-7.331349
-1.874159
-7.542894
-4.812388
-5.796895
-9.237724
-1.881567
-7.975752
-8.043732
-8.878411
-5.698666
-8.835729
-7.411490
-6.717040
-5.311485
-6.953023
-6.391592
-3.768650
-0.860601
-8.035490
-6.650966
-5.517313
-5.947197
-2.109989
-6.781264
-8.971291
-6.626928
-3.988129
-7.953243
-5.333401
-5.932606
-4.875058
-4.545367
-4.391232
-6.174687
-4.467875
-5.233877
-6.486911
-5.253136
-3.234000
-4.073251
-6.818724
-8.576527
-6.512953
-6.897336
-5.619073
-5.348956
-6.623463
-6.119452
-4.430212
-4.550355
-9.851150
-4.328865
-6.084520
-5.842049
-6.964327
-6.211760
-6.848730
-2.868919
-7.978582
-4.817260
-5.692943
-5.523767
-6.287308
-7.261379
-3.020714
-6.370659
-8.473768
-9.487514
-7.650741
-8.154840
-6.330991
-7.920287
-6.577791
-9.281760
-7.114405
-6.913835
-7.280306
-5.826367
-6.956516
-6.522563
-11.246967
-7.459320
-5.896518
-7.142650
-7.794448
-3.798779
-5.699524
-9.545437
-4.308108
-7.077725
-7.426624
-5.940743
-5.792388
-3.454708
-2.300298
-8.029148
-7.573221
-5.696794
-7.425831
-6.627614
-9.156413
-3.816433
-6.045763
-7.776258
-8.295090
-8.326079
-8.393073
-5.950679
-6.664453
-7.361699
-6.298163
-3.359435
-7.002320
-8.806760
-6.410452
-7.964715
-4.323375
-7.111430
-5.543358
-4.538228
-6.488276
-7.117500
-7.601784
-7.808713
-7.993330
-6.679317
-9.395283
-7.036579
-4.666991
-5.322977
-5.192848
-4.016905
-4.510319
-4.979231
-7.001992
-6.779812
-7.573067
-5.677885
-7.038506
-5.964535
-8.749425
-7.895506
-5.419111
-5.752802
-8.047263
-5.432740
-6.757737
-7.541138
-8.277443
-4.818761
-4.599129
-4.782717
-4.961704
-8.318531
-7.062367
-5.879278
-4.847187
-7.022691
-6.240336
-5.382916
-3.726778
-5.185921
-7.300470
-6.181092
-4.843494
-6.616223
-4.432883
-6.519103
-7.499114
-4.476229
-7.488407
-3.682491
-6.084785
-7.484459
-4.039186
-5.870039
-6.316139
-5.630196
-4.937806
-5.004380
-6.321499
-6.763495
-8.907445
-4.127843
-6.493060
-5.667462
-7.710162
-5.610359
-8.479988
-6.142676
-5.895261
-8.543162
-9.434149
-8.219108
-4.292032
-5.826399
-1.917546
-5.663145
-5.314013
-6.179284
-3.826412
-2.695857
-6.995533
-7.111150
-4.837005
-4.411526
-8.871330
-5.370947
-6.864452
-6.277460
-4.942561
-4.951721
-6.641569
-6.675821
-6.342343
-5.882938
-7.933793
-6.919824
-6.290100
-4.632593
-6.536224
-11.688233
-7.237158
-4.177011
-7.175663
-6.296837
-8.380883
-6.258330
-2.852588
-5.887516
-4.022497
-4.439538
-5.672155
-7.113537
-7.793493
-6.312882
-8.166393
-7.776480
-4.976170
-6.405740
-6.160799
-6.308090
-5.993811
-6.052002
-8.069774
-9.440821
-6.611526
-6.943578
-6.285997
-9.461458
-4.268358
-7.396639
-8.141143
-3.772302
-3.850955
-3.596761
-8.157498
-7.020242
-8.542311
-7.284537
-5.752521
-8.708459
-7.471684
-7.973236
-7.294687
-7.133344
-6.900314
-5.967354
-6.392984
-4.092290
-7.723368
-8.567674
-7.256329
-8.920177
-6.389825
-6.540622
-5.550694
-4.367883
-6.652787
-4.830904
-5.970926
-8.633274
-7.400540
-10.329300
-7.699534
-6.275472
-5.940770
-6.061234
-5.474337
-2.339663
-7.024326
-5.793264
-4.914583
-7.843564
-4.493081
-5.757456
-6.852154
-5.297916
-9.834257
-9.173722
-6.664734
-7.232043
-7.690294
-8.948953
-3.162784
-7.144459
-5.189054
-4.881135
-8.091453
-6.212948
-6.280236
-6.820157
-6.736401
-6.196913
-6.768797
-4.742133
-3.075757
-6.642094
-8.397617
-8.649966
-12.037262
-4.766530
-9.153873
-7.490270
-6.911973
-5.383762
-5.260828
-7.187836
-5.839159
-6.647899
-5.437549
-7.192333
-4.384546
-9.237456
-5.451079
-5.248015
-6.167186
-7.356293
-7.470400
-8.168850
-6.798014
-7.001746
-8.281413
-5.788323
-8.226679
-5.341256
-5.597691
-6.334567
-5.783654
-4.313563
-4.602154
-5.656494
-7.781169
-6.639318
-4.822248
-6.017163
-8.048023
-7.419411
-7.561160
-8.638482
-6.301148
-5.114611
-5.792948
-6.364955
-2.460845
-7.371990
-6.369654
-6.326663
-6.393879
-6.716877
-5.737388
-5.935984
-6.060956
-7.410021
-6.428042
-7.680423
-6.410657
-6.528162
-4.822539
-6.972573
-7.368505
-6.216141
-7.791761
-5.967862
-6.679509
-8.919050
-5.583337
-4.298764
-6.359785
-4.525446
-8.656277
-7.883060
-5.741061
-3.110025
-7.012486
-6.930560
-5.434056
-7.586560
-6.277844
-5.850280
-4.544121
-6.425197
-4.543339
-7.537006
-7.804286
-8.579426
-7.992709
-5.911448
-4.944968
-5.130806
-3.959169
-9.036999
-6.899201
-6.236980
-6.342479
-6.050511
-3.394865
-6.338860
-4.533658
-9.084087
-4.205004
-7.422041
-5.892433
-5.932705
-5.696470
-6.631169
-7.800759
-6.050401
-7.323453
-8.306738
-7.768477
-7.567596
-5.034593
-4.171571
-6.853113
-6.580630
-7.339596
-6.119343
-6.860435
-7.359062
-6.452116
-5.063171
-7.582108
-5.535314
-4.914905
-6.606920
-2.033800
-7.523456
-8.834110
-6.603813
-5.304005
-6.327343
-3.534042
-6.280753
-6.489933
-4.377343
-8.209843
-9.218055
-4.170466
-5.174763
-7.280109
-7.567760
-4.532030
-10.060955
-5.108498
-9.317575
-4.506750
-8.355162
-6.197249
-6.320703
-3.351972
-6.847954
-5.312771
-7.214750
-7.495289
-7.589961
-8.254086
-7.007597
-7.944382
-5.750202
-8.619991
-3.045253
-7.280424
-5.200796
-5.104944
-5.105611
-7.546080
-7.558137
-7.099240
-3.245683
-5.744188
-7.016967
-7.307001
-7.471037
-6.732103
-6.224686
-6.786324
-6.615695
-3.202574
-7.350611
-7.380598
-4.676547
-3.900653
-5.946238
-6.405000
-8.774546
-7.736255
-6.751277
-10.111055
-8.066218
-3.824257
-6.100978
-8.492985
-3.853480
-5.823068
-7.009945
-5.637120
-4.611085
-6.541657
-5.413824
-4.377698
-7.248766
-3.318372
-7.727266
-4.698186
-22.982517
-6.544198
-5.957668
-3.509693
-4.985931
-5.729090
-6.848438
-9.782770
-8.228350
-5.240832
-5.854819
-9.085566
-4.998247
-12.531543
-9.136893
-7.623351
-8.024565
-3.472568
-6.497492
-5.786916
-2.576683
-8.315746
-8.124813
-6.986599
-3.857755
-6.711767
-2.933025
-8.449741
-7.007416
-7.762004
-4.408928
-5.085894
-10.244013
-8.188791
-7.973825
-7.718710
-5.092887
-5.153457
-3.093344
-6.955643
-4.903358
-3.925734
-7.264592
-6.601507
-7.879124
-5.859753
-7.080729
-5.515286
-5.695380
-8.089849
-6.005476
-7.131531
-5.559054
-5.301807
-6.657267
-4.833620
-8.108213
-7.803026
-4.359493
-5.373767
-5.447437
-4.215500
-5.560436
-6.318892
-9.812284
-10.328434
-7.414238
-6.314549
-7.949844
-4.904156
-6.237308
-3.968042
-5.084490
-3.790412
-5.233428
-8.853642
-5.145076
-6.021795
-7.397323
-4.785311
-5.048186
-7.789413
-6.400090
-6.551493
-5.375646
-6.635411
-8.807634
-3.361013
-4.321140
-8.112766
-8.364139
-8.969619
-7.271462
-8.389594
-5.832798
-10.009617
-7.575486
-9.801872
-3.710190
-8.129528
-7.379036
-6.261689
-6.885594
-3.093912
-6.642581
-4.512773
-7.105350
-8.463521
-10.916228
-5.338481
-4.141046
-6.489167
-6.186050
-6.566849
-5.905613
-8.764121
-5.862772
-7.595193
-8.321931
-7.175335
-7.139042
-6.812399
-6.173479
-3.985152
-8.935331
-6.959019
-4.548801
-6.949732
-7.136182
-3.572120
-6.326945
-6.604867
-5.330771
-7.312309
-4.840943
-9.584484
-6.776341
-5.341245
-6.549356
-7.293358
-8.767182
-6.195159
-6.115626
-7.087926
-6.753831
-7.480724
-3.564367
-1.733590
-9.066843
-7.253670
-3.380081
-5.917603
-6.176262
-5.430726
-9.462649
-3.348564
-6.833492
-8.076254
-9.066437
-3.154273
-6.154988
-4.567998
-7.248719
-6.949639
-5.838003
-7.177016
-6.578263
-5.663275
-6.215887
-4.998267
-3.741955
-4.783220
-5.180662
-5.448486
-4.695046
-6.320942
-7.900436
-6.817836
-6.015248
-3.626737
-8.155780
-2.785501
-9.567344
-7.514539
-14.379861
-9.380339
-8.331734
-5.992957
-8.018822
-3.920824
-7.963078
-5.521159
-6.073228
-4.575596
-5.697282
-7.422256
-7.658403
-4.536571
-7.045153
-6.182926
-6.403688
-4.120656
-7.191442
-4.655686
-4.490547
-8.466906
-6.151760
-7.954313
-5.234574
-6.074008
-6.405818
-7.817964
-6.799891
-6.216413
-8.696904
-6.338070
-7.758239
-7.524028
-24.350965
-5.727621
-8.509941
-5.857427
-7.209468
-6.845745
-4.487906
-7.084250
-7.589209
-7.736236
-5.070292
-8.863316
-4.103839
-6.641818
-6.345410
-4.175005
-8.213722
-7.915956
-5.246403
-4.863493
-6.879139
-6.035278
-5.897560
-6.102770
-6.852269
-6.777699
-3.820390
-7.823870
-4.854567
-8.255811
-8.044487
-7.569329
-7.844835
-7.357070
-6.128800
-7.855574
-3.764229
-6.475571
-7.915517
-4.987372
-8.400938
-6.829974
-5.796480
-5.954691
-4.685921
-5.424653
-4.387815
-4.767729
-5.938983
-5.539326
-6.720736
-8.787480
-8.918884
-9.912274
-5.987419
-8.149931
-3.580950
-5.965649
-6.340071
-6.178135
-5.443825
-5.055730
-6.620653
-8.183874
-7.393746
-6.358597
-7.516701
-4.606781
-7.641342
-7.298189
-7.357565
-9.325518
-3.310671
-6.443269
-8.356402
-7.120726
-6.980341
-4.825030
-8.758313
-9.943061
-7.731324
-4.382272
-5.364552
-5.320626
-7.933053
-4.964921
-7.585880
-7.593221
-6.087533
-4.727859
-3.196568
-9.640775
-5.427730
-7.895564
-8.944379
-10.111672
-7.392489
-6.216024
-6.955286
-8.858287
-5.205265
-5.800233
-8.173930
-6.290478
-6.795857
-8.870327
-5.470120
-5.681432
-7.194118
-6.869820
-4.844051
-7.608529
-5.730294
-6.531890
-5.480642
-4.438832
-8.451382
-6.861744
-6.983857
-7.710298
-5.295471
-6.013741
-9.093339
-7.396599
-5.082746
-6.137877
-5.217408
-6.497388
-7.244803
-4.192497
-2.756980
-9.798090
-5.387602
-6.545890
-6.776727
-5.788860
-4.131256
-3.872994
-6.844413
-6.716983
-7.753127
-6.271384
-6.840650
-7.366505
-6.203562
-3.763942
-9.368923
-4.749313
-6.715548
-6.373936
-6.176277
-6.107110
-8.626842
-8.612981
-5.591555
-7.660195
-6.826743
-7.638655
-3.693900
-5.705452
-7.047827
-6.767572
-5.576338
-6.429992
-6.583808
-7.537703
-7.693057
-7.145611
-4.736209
-8.072278
-10.516171
-4.529965
-5.405871
-2.237699
-6.693350
-4.769361
-3.861617
-4.312628
-5.058388
-9.280180
-7.882533
-6.815053
-9.469630
-2.305417
-9.115356
-8.144526
-7.810875
-3.372225
-7.134467
-6.321944
-4.904445
-4.723330
-5.165459
-7.744325
-8.173881
-6.904427
-7.507750
-6.664057
-6.191791
-5.153448
-2.809297
-8.647443
-5.933380
-6.735593
-4.771595
-6.757463
-8.462296
-6.979899
-9.581236
-8.779433
-8.304256
-4.856108
-5.037114
-6.729127
-6.592331
-2.484465
-5.015055
-5.135273
-5.015065
-5.508965
-4.625553
-4.751796
-8.161789
-7.973110
-11.017612
-5.338358
-5.798615
-4.010098
-8.823102
-8.399903
-8.184033
-5.036527
-8.086843
-5.350990
-4.546223
-6.031534
-5.916517
-22.961573
-7.936541
-7.764414
-6.530088
-5.818078
-6.566772
-4.554288
-8.029953
-3.125098
-8.313879
-7.090251
-8.484901
-6.018046
-7.584906
-8.578865
-8.452851
-7.614317
-5.859409
-7.251093
-6.986261
-7.101191
-6.081960
-5.556138
-5.655201
-15.006832
-5.633615
-6.794899
-4.988423
-7.301673
-8.645951
-4.255269
-4.699637
-4.872939
-5.174685
-7.674936
-4.535423
-4.416504
-5.056101
-9.834834
-3.688385
-5.414912
-2.878341
-6.564499
-4.029711
-8.367667
-10.740555
-3.503484
-3.292910
-7.009351
-5.932994
-8.841724
-5.829034
-3.634442
-6.590282
-5.154974
-4.320953
-7.640492
-6.472694
-6.241115
-6.981819
-6.427052
-5.866975
-5.877051
-3.818657
-8.571861
-7.327562
-9.289846
-9.047031
-4.965482
-5.404438
-7.329588
-6.312629
-4.403453
-3.918790
-4.089443
-6.554211
-8.371059
-7.040080
-5.748847
-5.375877
-3.402167
-8.897969
-7.015287
-4.088992
-7.149790
-8.381748
-8.097878
-7.679859
-9.463670
-6.386919
-5.457363
-9.619431
-4.914985
-2.936752
-3.915574
-6.973110
-6.523538
-8.121409
-6.497722
-7.244444
-7.528326
-7.869926
-6.267345
-5.768816
-6.649088
-6.382616
-7.134073
-4.431801
-6.863873
-6.771124
-4.556045
-9.556885
-5.624988
-7.309533
-7.277661
-1.580086
-4.527394
-6.069911
-7.977143
-7.439502
-9.242516
-6.009681
-7.295126
-8.556230
-7.330223
-5.618269
-7.325076
-9.303131
-7.821146
-8.759419
-7.559166
-4.977441
-4.903153
-5.033257
-6.643708
-7.409116
-9.188006
-8.585324
-4.788151
-6.685281
-6.377767
-6.414525
-5.267863
-7.802305
-4.669189
-4.232558
-5.533509
-7.104466
-8.121941
-8.782253
-7.087465
-5.199925
-4.536136
-8.512961
-6.449396
-9.501861
-8.567534
-4.882557
-5.981570
-8.201852
-5.296406
-9.207568
-6.322973
-4.002781
-7.062501
-5.469141
-6.220030
-6.444572
-9.808933
-5.279708
-6.833183
-8.435685
-4.933574
-7.294127
-6.464984
-6.294992
-4.459388
-5.446281
-7.042325
-5.489414
-5.279193
-5.784714
-7.030661
-7.078777
-5.322777
-4.152467
-4.857707
-7.685464
-7.097287
-7.425875
-6.708952
-7.402601
-7.190197
-4.487656
-6.431848
-6.640398
-5.467834
-5.421825
-7.473856
-6.986923
-5.407874
-8.005961
-6.072493
-6.973877
-7.596579
-6.124862
-5.826009
-8.349722
-4.996060
-6.097854
-7.261571
-5.800635
-8.823853
-5.897310
-7.619297
-3.674765
-5.069547
-6.883879
-6.600483
-8.981851
-8.167331
-7.974139
-6.054069
-6.582234
-5.279168
-6.123580
-8.253356
-7.668565
-9.267259
-14.757689
-6.794244
-5.004673
-4.748216
-8.385927
-2.351928
-3.743330
-7.771310
-7.135236
-5.014388
-5.354691
-7.895055
-9.279054
-6.877944
-6.592650
-5.459219
-7.187505
-8.343385
-6.001381
-11.528982
-5.784481
-4.639974
-7.236919
-6.434677
-4.931204
-7.234689
-9.248742
-7.049633
-5.822354
-4.203767
-5.006086
-6.202339
-7.081005
-4.533287
-5.646389
-8.549858
-5.295701
-8.843902
-6.405949
-6.306215
-5.954033
-5.359073
-7.494426
-6.365892
-10.188099
-5.541252
-6.570498
-7.271434
-3.864166
-6.178913
-6.198853
-2.453814
-5.339282
-4.704872
-5.406245
-4.949050
-3.724750
-3.940784
-6.238080
-5.986482
-5.265446
-6.274504
-9.801039
-6.182069
-10.637877
-5.744705
-5.054891
-3.279269
-5.991509
-0.654990
-6.086285
-7.478065
-5.490159
-6.828053
-7.204776
-5.703279
-7.903467
-8.451645
-8.456829
-7.878219
-6.579828
-8.823302
-5.973327
-3.409800
-6.719047
-6.783519
-8.783951
-6.283009
-8.971535
-4.655007
-7.006094
-5.088270
-6.438530
-7.291723
-6.302747
-7.968039
-6.348624
-7.140794
-4.931552
-7.330014
-7.884370
-8.195758
-7.646646
-7.302056
-7.885044
-8.036675
-7.318983
-5.377441
-5.938107
-6.521207
-4.138652
-9.034825
-5.719984
-8.952223
-4.390827
-5.956390
-6.681930
-10.348706
-9.123145
-7.551365
-8.044662
-8.134798
-5.758209
-10.231376
-8.485213
-3.113450
-8.252869
-8.199436
-6.455429
-8.202641
-6.485905
-6.824614
-7.386528
-8.923217
-5.471944
-5.255156
-7.062185
-7.446220
-10.064001
-9.437414
-5.987724
-7.280679
-5.967034
-7.229963
-1.872288
-7.527168
-6.327907
-6.041808
-6.479285
-3.291162
-6.793398
-8.664108
-6.494702
-5.139250
-4.964866
-6.113096
-9.816748
-5.886577
-5.794571
-6.053343
-6.397021
-5.662872
-6.471845
-6.753115
-5.984723
-5.356246
-7.242262
-5.134313
-6.102745
-3.310030
-4.832510
-9.193810
-5.832690
-6.807779
-5.778129
-7.732134
-7.723091
-7.336901
-5.151991
-7.291211
-9.719211
-7.160542
-5.234413
-7.502690
-4.736564
-7.924702
-6.526426
-6.134454
-10.126973
-6.339311
-6.782388
-4.982827
-8.771399
-3.929816
-8.386946
-5.572206
-6.932408
-10.075952
-6.591674
-6.995833
-6.077128
-5.187353
-4.318811
-5.560412
-4.736639
-5.235163
-9.061977
-5.691331
-5.591438
-6.049496
-5.281017
-5.720470
-8.376695
-9.355774
-5.379569
-6.937941
-6.328530
-8.204143
-8.044650
-5.981627
-5.448701
-6.259823
-9.814272
-6.478100
-7.380033
-7.121977
-6.200070
-4.850934
-8.905934
-8.133625
-6.911812
-7.279316
-7.051046
-6.778439
-6.743079
-8.774343
-8.051123
-4.697856
-5.641972
-4.858322
-3.404103
-6.757765
-7.390556
-7.394503
-6.737957
-5.982289
-4.347346
-5.996325
-7.741560
-5.801694
-7.543352
-7.786135
-4.806627
-6.686784
-5.091155
-3.628031
-7.572932
-6.238286
-8.147486
-7.302968
-8.045712
-6.811802
-6.129380
-7.782188
-4.470222
-6.243449
-9.378328
-7.147588
-8.202649
-6.718505
-9.076926
-5.988909
-5.251324
-8.557396
-7.484494
-8.288810
-9.820027
-7.347483
-5.934050
-6.027265
-4.546126
-8.153428
-9.711862
-8.390855
-4.362772
-7.525074
-7.216101
-7.799256
-6.144795
-6.094069
-6.330995
-7.513971
-7.033479
-6.875839
-9.291542
-7.626349
-5.201658
-7.052548
-7.238512
-10.174047
-8.393717
-8.402335
-7.424095
-8.002728
-5.563705
-5.296108
-5.449334
-8.277073
-6.307431
-8.885298
-6.069240
-6.986016
-7.035231
-6.689525
-8.069653
-6.889207
-8.160489
-9.981100
-5.482837
-4.845847
-7.682556
-7.233092
-3.987583
-5.873238
-7.212606
-4.711394
-10.858634
-4.467885
-7.692094
-7.626724
-8.518855
-6.562818
-8.160914
-7.080156
-5.562959
-5.508692
-7.349093
-7.195378
-9.722430
-6.976111
-4.714168
-6.405917
-9.336155
-7.794591
-5.643164
-4.656786
-5.459705
-7.548125
-6.702723
-8.102926
-8.697543
-4.319671
-7.028867
-5.047470
-4.873700
-4.664696
-4.346156
-5.458051
-3.846992
-6.599447
-8.147947
-7.083293
-5.111969
-8.072932
-2.641143
-7.080727
-5.907656
-6.623354
-7.053016
-7.622208
-8.535315
-3.873297
-6.289937
-8.315189
-4.949185
-3.806017
-7.903491
-6.145767
-4.673220
-5.996544
-5.795203
-4.414526
-5.204194
-6.852339
-8.981666
-7.072229
-6.958818
-5.239459
-7.030618
-7.159217
-6.522783
-6.754405
-7.383056
-2.852875
-7.211338
-4.936440
-10.526344
-6.403814
-5.972386
-6.651137
-5.222985
-8.474798
-5.406386
-4.973585
-5.809150
-7.159272
-5.960940
-8.530300
-4.016588
-7.111398
-6.564161
-6.085076
-6.140764
-5.522719
-6.590698
-4.194124
-7.275218
-5.324319
-7.114028
-4.216064
-8.803076
-3.497540
-6.145338
-8.315437
-4.740283
-9.407743
-7.819127
-6.388622
-28.172344
-4.292644
-4.630394
-2.723999
-7.108727
-9.098914
-8.056721
-4.238122
-7.037095
-6.241874
-5.448443
-4.003678
-10.098444
-4.216972
-5.378507
-7.163411
-6.234143
-7.965013
-8.046049
-4.278097
-4.548117
-8.529293
-5.454937
-7.037020
-2.267474
-4.838319
-7.994247
-5.730781
-8.607957
-7.123028
-3.602760
-5.541092
-7.188422
-5.309218
-9.601937
-6.104836
-8.211992
-9.642593
-4.445508
-12.027024
-6.998231
-7.356969
-8.513271
-7.969970
-6.129490
-3.562377
-8.463444
-4.696349
-9.614264
-6.962320
-9.260730
-7.567986
-6.273054
-4.534423
-8.355689
-11.772903
-6.181170
-5.615463
-7.530756
-6.292605
-5.149095
-6.753348
-4.323791
-6.448958
-3.890338
-0.926400
-4.234180
-7.643527
-7.889000
-5.549438
-5.941796
-8.441955
-8.647141
-8.870778
-7.695614
-7.479728
-6.359849
-4.430270
-8.634755
-6.499258
-5.738541
-7.809484
-7.756458
-8.601563
-6.945893
-8.099761
-8.152868
-7.283708
-4.418735
-4.439309
-6.285964
-6.601383
-7.015730
-5.473571
-6.480268
-7.404787
-10.223750
-9.125279
-4.928648
-5.846089
-7.442286
-6.791164
-6.860066
-6.669310
-7.719284
-8.134299
-10.880408
-5.046648
-7.247860
-7.341207
-9.457114
-8.250997
-10.008294
-6.881459
-6.180596
-7.725501
-10.956579
-3.924655
-5.102354
-6.951766
-9.162167
-6.101302
-9.005158
-5.794724
-8.713576
-15.269359
-4.739228
-9.573103
-6.861733
-8.075069
-4.780140
-5.422796
-8.881526
-8.396078
-7.135516
-8.181229
-7.064081
-11.231518
-4.513584
-6.992064
-5.071556
-5.782511
-5.545880
-6.503571
-6.382736
-7.806551
-6.011903
-6.268697
-7.532290
-7.801702
-5.786634
-8.529194
-6.822293
-3.588274
-7.967248
-8.218627
-5.502521
-6.408458
-6.881135
-9.363663
-6.078858
-3.992903
-6.197420
-7.712481
-7.450854
-6.540920
-7.282763
-5.693306
-6.382381
-6.298941
-8.478921
-2.272828
-7.310403
-10.189499
-5.283483
-8.077332
-3.339969
-3.077649
-5.766610
-8.421093
-8.216331
-8.326464
-5.784849
-4.918223
-8.473494
-8.067554
-8.949302
-5.925274
-9.203033
-6.062222
-4.472011
-4.540835
-8.102257
-6.729469
-5.957284
-7.193059
-8.669836
-3.675267
-5.604870
-2.430079
-8.479173
-8.711553
-8.480888
-6.386039
-4.019865
-6.817492
-7.468175
-6.338612
-8.419326
-8.387012
-9.205050
-5.487890
-6.400288
-5.976923
-5.053533
-7.347623
-6.486704
-4.954815
-6.848373
-5.538622
-4.036806
-7.861319
-6.723968
-5.891818
-6.616883
-7.825401
-8.734779
-7.172423
-8.586040
-7.263180
-7.627921
-7.485290
-6.420293
-4.964549
-6.482568
-8.381288
-8.091427
-7.495746
-4.844604
-6.507732
-8.114023
-8.619987
-8.343759
-8.043543
-7.061905
-8.119820
-4.495780
-7.109418
-5.439521
-5.143382
-6.342834
-10.731748
-6.182906
-5.060467
-5.992809
-5.053773
-10.068771
-8.792862
-9.220461
-5.445955
-9.070779
-7.033074
-8.430643
-6.127110
-6.959488
-7.181766
-6.153021
-7.097986
-6.976728
-7.705806
-5.480392
-2.411253
-5.136552
-4.588161
-4.646598
-4.642397
-4.217714
-6.643550
-7.575070
-7.185355
-6.096599
-5.088896
-5.655806
-4.236612
-7.068333
-6.689801
-9.811788
-5.252448
-6.479060
-6.635934
-8.015259
-7.064527
-3.611591
-9.443941
-5.656630
-7.549702
-8.215331
-5.938445
-5.265536
-7.266537
-5.071764
-4.484068
-2.484909
-5.594440
-6.035944
-6.540961
-4.569274
-6.656922
-5.752493
-8.437922
-5.618471
-7.541068
-6.869254
-7.317245
-5.671042
-5.387406
-6.184745
-6.802126
-8.208415
-7.025972
-6.546136
-7.031066
-6.955146
-6.199934
-5.026430
-5.839110
-5.541650
-5.555564
-5.630783
-5.268696
-9.316635
-5.588381
-9.241396
-3.750803
-3.966351
-8.521022
-8.102360
-9.168468
-6.638888
-7.562911
-7.441092
-7.808499
-4.822199
-7.599672
-6.930532
-7.017200
-6.796707
-10.140768
-7.505562
-6.949363
-8.470545
-4.910007
-6.255888
-7.547877
-5.623693
-3.569560
-5.819097
-7.609083
-8.271976
-6.669100
-5.998332
-5.624482
-4.445426
-6.678735
-7.756006
-6.767922
-6.181165
-8.859783
-7.713278
-7.704172
-6.049063
-7.260805
-6.800650
-8.493502
-6.346155
-8.027209
-7.275795
-9.325540
-4.762109
-7.583932
-7.069987
-7.656186
-7.040036
-7.640288
-6.108936
-6.875019
-6.418114
-6.249687
-7.091246
-9.575306
-9.534263
-6.739427
-8.454165
-7.137935
-7.358867
-7.988565
-8.140503
-5.103223
-5.699960
-4.170764
-7.198304
-6.014995
-4.175591
-7.277071
-10.103304
-5.478850
-4.076236
-6.155251
-8.058780
-3.481859
-6.737957
-2.002163
-7.210568
-5.279945
-8.318935
-7.209371
-6.088855
-7.060147
-6.845654
-4.865358
-7.657542
-7.321454
-5.567162
-4.265265
-8.172124
-4.909219
-6.267407
-7.066619
-5.086624
-7.522663
-5.865462
-7.516555
-5.615472
-4.152596
-8.289617
-5.600517
-7.316331
-9.104118
-7.614569
-7.132105
-6.286867
-2.608795
-7.940065
-4.711913
-5.402797
-6.623757
-6.283963
-7.249279
-5.985504
-6.890531
-3.585265
-4.996927
-7.309886
-6.314717
-6.775887
-6.160359
-6.690337
-4.488567
-10.777576
-5.970704
-5.181051
-6.816517
-3.725462
-4.699602
-6.913876
-6.000460
-8.206812
-6.952831
-6.665006
-7.805100
-4.429808
-6.632986
-9.056104
-5.292037
-5.339840
-3.657051
-4.183939
-7.434062
-5.180462
-5.993690
-7.197072
-5.454696
-5.805288
-6.156907
-6.974561
-5.209447
-4.787623
-8.958550
-6.881345
-7.636461
-5.956437
-6.834151
-9.460939
-4.333734
-7.413935
-5.812144
-8.872962
-8.645454
-6.753414
-4.323271
-7.043205
-6.437388
-8.929010
-6.554064
-8.725734
-5.298376
-8.541917
-4.897405
-4.955880
-4.928656
-6.961337
-5.596313
-7.173350
-6.107907
-9.735876
-7.995236
-7.927951
-8.985167
-5.617081
-6.639699
-8.099136
-7.725690
-8.661083
-6.308030
-8.082972
-3.086035
-10.033943
-7.044108
-17.178885
-6.784596
-5.822491
-3.481730
-6.251080
-5.009319
-7.132588
-5.404664
-8.025562
-5.711225
-8.775904
-7.714170
-6.320311
-8.105854
-6.185585
-7.647503
-5.858227
-7.615831
-4.834895
-7.777239
-4.903747
-5.593923
-4.912594
-6.060959
-11.034065
-5.014076
-6.333440
-5.379144
-5.705255
-7.145481
-5.121563
-7.203851
-6.244781
-6.997555
-8.151052
-5.195218
-6.228929
-5.290538
-7.610992
-5.514867
-7.221132
-6.866875
-6.682363
-5.351633
-6.314810
-8.648431
-5.661682
-6.952215
-1.837554
-8.206468
-7.647759
-3.828208
-8.779922
-6.761619
-3.011716
-7.066757
-7.025860
-5.495267
-5.514410
-7.420932
-4.963807
-7.628517
-8.161118
-6.553683
-8.113997
-6.438823
-8.015949
-6.553085
-7.681418
-7.772338
-8.444147
-7.989430
-7.839892
-8.482018
-5.527229
-8.404730
-8.411465
-11.076956
-8.725693
-8.634713
-4.736426
-5.488040
-7.735757
-7.958227
-7.302946
-10.403461
-5.935424
-7.235678
-5.433227
-7.641952
-5.551945
-5.297925
-9.192999
-6.239761
-6.455845
-5.120509
-7.967930
-6.456987
-7.675033
-7.244301
-8.547674
-6.161654
-6.058773
-6.402973
-5.217630
-4.987571
-9.108714
-5.052150
-4.600768
-7.514569
-5.499186
-8.112377
-5.670338
-8.352798
-4.820999
-10.360153
-4.985412
-7.784766
-5.519200
-8.985005
-3.057601
-5.327791
-6.564105
-8.276566
-3.692073
-4.679955
-7.678318
-7.698702
-8.254018
-8.802593
-6.578727
-7.530501
-6.725146
-6.960824
-8.582046
-5.978721
-6.936706
-5.231870
-10.207854
-9.506167
-7.456018
-6.802669
-6.147900
-7.976023
-7.708000
-7.786194
-5.344597
-7.154872
-4.275423
-8.124368
-6.299701
-8.138094
-8.668956
-7.623680
-6.180418
-7.225668
-5.620530
-7.054080
-3.853369
-5.309075
-6.153530
-9.336708
-7.047324
-6.467577
-4.182440
-10.323588
-6.617040
-6.912138
-7.890610
-7.244115
-3.696091
-7.179568
-4.373126
-3.025158
-5.376913
-6.779638
-8.854654
-20.549723
-6.129412
-5.926449
-7.474548
-6.656639
-8.646835
-7.851820
-6.014754
-7.470345
-6.228684
-4.146688
-7.813996
-7.196856
-3.316191
-4.383638
-6.975770
-7.417106
-3.561872
-7.187055
-6.019673
-4.405750
-3.468200
-7.903623
-7.620576
-4.411069
-7.250054
-8.747379
-7.515985
-6.545518
-6.587418
-6.374047
-7.491611
-7.447504
-5.624563
-7.358564
-5.004140
-6.465500
-7.312309
-8.555034
-6.428680
-8.127667
-4.189715
-5.437420
-8.635371
-6.187267
-7.559374
-6.963076
-10.860047
-5.983940
-9.054312
-5.369564
-9.441380
-6.223239
-8.351934
-3.909822
-5.640096
-3.419758
-5.448808
-6.782345
-9.899632
-7.072506
-4.590779
-5.474499
-5.825360
-6.932949
-10.653730
-11.697372
-8.716307
-5.696211
-6.313983
-8.328073
-8.008827
-6.729694
-3.970250
-5.717209
-5.106365
-6.476888
-5.544333
-4.828547
-6.827304
-4.803483
-7.359716
-7.597826
-4.570990
-7.701107
-9.546303
-9.204362
-9.192825
-8.194277
-6.675614
-10.146703
-8.254554
-4.443671
-5.585007
-4.881295
-4.185647
-8.105661
-5.030110
-6.681041
-3.093986
-5.337739
-5.995836
-5.791288
-24.239325
-6.969522
-7.451186
-5.648005
-7.080275
-7.242595
-5.670483
-21.011183
-7.136098
-3.314799
-7.427785
-7.298631
-7.002765
-6.139735
-7.590247
-8.921641
-3.168861
-7.858734
-4.378054
-6.676100
-5.778218
-6.233876
-7.967716
-7.856628
-6.525521
-2.607299
-6.568719
-5.803049
-7.492397
-6.009242
-4.226736
-7.127397
-9.021640
-7.375063
-4.626664
-5.370115
-7.248644
-7.764964
-10.071626
-6.153404
-5.879501
-5.655026
-7.682936
-8.844407
-5.567791
-7.176439
-8.033505
-8.409863
-8.257497
-4.560472
-5.905849
-4.662354
-7.367645
-9.032225
-7.380647
-7.280722
-4.893426
-6.837096
-7.882977
-5.773606
-4.274775
-8.925529
-5.463328
-6.314696
-8.586204
-4.451549
-8.574074
-6.422449
-5.909419
-7.422007
-5.359553
-7.571573
-5.554649
-6.122996
-6.547814
-5.551621
-3.055540
-9.203628
-6.900093
-6.921497
-6.902241
-5.082589
-7.611716
-5.498004
-7.259361
-6.332765
-6.901514
-5.137237
-5.407846
-6.988780
-6.732738
-7.793720
-4.397344
-7.126043
-8.923002
-7.791901
-10.293359
-4.262133
-8.736743
-7.034768
-6.078534
-7.007663
-6.788211
-4.607722
-6.443839
-9.119240
-10.782810
-6.481330
-8.523211
-7.407780
-7.403826
-6.998524
-5.576870
-7.638668
-3.377177
-5.272749
-9.446483
-5.510144
-10.305372
-5.998289
-7.258454
-6.204178
-6.543740
-4.532782
-8.057560
-6.303947
-6.535448
-6.253636
-7.470303
-8.344339
-7.883331
-5.556680
-6.641591
-6.246090
-6.367915
-6.322153
-9.683133
-8.232109
-4.714047
-9.874490
-6.191601
-8.359447
-7.448859
-9.217632
-7.306623
-7.759152
-5.994648
-5.682073
-8.423071
-5.662186
-7.410845
-6.342399
-3.412083
-3.868500
-6.383957
-7.358051
-9.359962
-6.736023
-7.977844
-9.112120
-5.531206
-7.354789
-2.345954
-6.184489
-6.967096
-6.149364
-8.511321
-5.394861
-7.833870
-7.754663
-7.433047
-6.909184
-11.586903
-3.171452
-6.700085
-8.661617
-5.931792
-8.142943
-6.512515
-7.578187
-8.177970
-6.855720
-6.528885
-4.223407
-4.075164
-4.404322
-4.654768
-5.992480
-4.311670
-7.821801
-6.099438
-7.426028
-10.310828
-5.726980
-4.569721
-9.487803
-7.705547
-7.172073
-8.648749
-4.459301
-5.326498
-8.589393
-4.343400
-6.933155
-3.753760
-6.718390
-6.832955
-9.313526
-6.694045
-6.398153
-7.561117
-7.900670
-6.514048
-5.252934
-8.679871
-8.561322
-7.339813
-6.074110
-4.358213
-5.836839
-5.501334
-6.493048
-6.933308
-6.970336
-6.670048
-5.699307
-4.757648
-9.281115
-7.947777
-5.957937
-7.311068
-4.234355
-7.239487
-9.359192
-10.011620
-6.149026
-6.684688
-8.375075
-7.891817
-6.572438
-8.705462
-6.668264
-7.583475
-7.619815
-4.832818
-9.778351
-8.117569
-5.123017
-8.151068
-7.822116
-4.396146
-5.738438
-5.439582
-6.833506
-5.868743
-4.777606
-7.169567
-5.193647
-7.925941
-6.966600
-8.811310
-7.592845
-7.838222
-13.130090
-4.454552
-9.530925
-6.917932
-8.252655
-6.428953
-4.575198
-5.896733
-9.097557
-7.811044
-7.622072
-8.401180
-6.475157
-7.206034
-5.710330
-6.841934
-5.992374
-6.434472
-5.265685
-5.525087
-5.307192
-4.950643
-7.288435
-4.207988
-3.038209
-6.513665
-7.467493
-8.016667
-7.088963
-6.248374
-3.595528
-4.868414
-5.182353
-6.677225
-9.056307
-4.876176
-6.559407
-4.668671
-6.019141
-5.681535
-5.652969
-7.253102
-5.095757
-9.293990
-6.791634
-6.321425
-5.074979
-6.308828
-9.605986
-5.246454
-9.423633
-6.456386
-10.967519
-7.614035
-10.733212
-3.897181
-8.160020
-4.597582
-7.713861
-6.305638
-9.287024
-8.239260
-4.360315
-7.082171
-8.689345
-7.535140
-7.264583
-4.867103
-6.797105
-4.406630
-6.890499
-10.719503
-5.287612
-6.665954
-5.526930
-6.646541
-8.369856
-4.186088
-3.247465
-7.426569
-7.895097
-6.972303
-5.820399
-7.972244
-7.268875
-4.352148
-7.937206
-8.013760
-6.096154
-4.694228
-7.221324
-8.691091
-4.586392
-9.421782
-5.337900
-7.726089
-7.194225
-6.851738
-6.530733
-9.324363
-5.689098
-6.754973
-7.551772
-6.536371
-5.361279
-8.595014
-5.154611
-5.361061
-5.808002
-6.809956
-7.218013
-6.833301
-5.924639
-7.606566
-5.477578
-7.002767
-13.350366
-6.237366
-8.788762
-7.782622
-6.993276
-4.728737
-6.583934
-6.873067
-6.320657
-9.192583
-7.119104
-4.244560
-4.190540
-7.488294
-6.047176
-8.849798
-3.623700
-3.569269
-4.200426
-8.485255
-5.743581
-6.888355
-6.011712
-6.685524
-8.997364
-7.202047
-9.219090
-7.486896
-5.620776
-6.293941
-8.959777
-10.272900
-7.227843
-6.704592
-4.470288
-6.813519
-7.626772
-4.693664
-5.292150
-6.292345
-5.115960
-8.977773
-6.358867
-7.564925
-5.772635
-2.392990
-6.817598
-8.087647
-6.808544
-7.765161
-8.383380
-5.683778
-4.741984
-7.489400
-5.753680
-8.395438
-6.457938
-3.252962
-8.654296
-7.969957
-7.904992
-5.982382
-12.156613
-7.644547
-9.628895
-7.787251
-6.815574
-6.841374
-4.522589
-9.103916
-7.599061
-8.957825
-6.867549
-7.948494
-5.139930
-4.603135
-9.597914
-6.596015
-5.819840
-7.518763
-3.755054
-6.658929
-7.557607
-5.172825
-7.770897
-5.309414
-7.097007
-3.942642
-8.131548
-12.437009
-8.051796
-5.638668
-6.079491
-5.519691
-9.330733
-8.610308
-4.654312
-7.210549
-8.248755
-6.929438
-8.059975
-7.982505
-6.029573
-2.701344
-6.945333
-9.102449
-6.027187
-8.589173
-4.801759
-6.164672
-6.196677
-7.953837
-4.056438
-5.600543
-6.267626
-5.319490
-6.901055
-7.288273
-5.532995
-5.588511
-7.961586
-4.730308
-5.672882
-7.202207
-4.340356
-6.587112
-5.196915
-4.309065
-8.998762
-4.827387
-3.817756
-28.095156
-7.116996
-7.712351
-6.018516
-9.640165
-4.616276
-8.845263
-4.575740
-6.907598
-8.435603
-7.561916
-8.420682
-9.214119
-8.163157
-7.895780
-7.241059
-6.635441
-5.787156
-5.811831
-8.276223
-7.977909
-8.824376
-5.425571
-7.727666
-7.842217
-6.577419
-7.871501
-7.334841
-8.412533
-7.382290
-5.693240
-6.552135
-8.382821
-5.166211
-7.657599
-7.428459
-3.762764
-8.782611
-10.437963
-7.720007
-7.349792
-6.297950
-9.801693
-7.468999
-9.605279
-6.198514
-9.602986
-9.062855
-7.613837
-6.021287
-7.803982
-7.528737
-4.721251
-6.277052
-7.003706
-7.744062
-7.672915
-7.076037
-8.634936
-8.262695
-7.575844
-4.839734
-7.489676
-5.601086
-6.619941
-4.912627
-7.052119
-5.716868
-6.096573
-8.522923
-7.038532
-8.839309
-5.788017
-5.584977
-5.299801
-10.424390
-8.222087
-5.591688
-4.106822
-10.741491
-8.305252
-8.840456
-4.870603
-7.146410
-6.170477
-10.463376
-6.748408
-5.742249
-6.112006
-6.625531
-7.125870
-10.093721
-6.403772
-7.109175
-7.492502
-8.213926
-10.016718
-5.352389
-8.525945
-9.022751
-4.512036
-6.840137
-4.403709
-7.496195
-7.475025
-5.575778
-10.644075
-6.936172
-7.853711
-9.856007
-5.111502
-5.335487
-4.676618
-6.605936
-10.223421
-6.477816
-5.517218
-6.842649
-7.770438
-5.201554
-7.798953
-4.439119
-6.003368
-6.878181
-5.492625
-5.283057
-5.366656
-7.685896
-5.136737
-6.004946
-6.707863
-6.498197
-7.055650
-4.631513
-9.162369
-5.650871
-5.384258
-5.529372
-6.505222
-5.420262
-6.382406
-2.745362
-7.092684
-4.176920
-5.037481
-6.602597
-7.201679
-7.989266
-6.606948
-8.237566
-4.988084
-7.062569
-8.340896
-7.103378
-6.525450
-6.933030
-8.736702
-5.558465
-6.397819
-6.887423
-5.361722
-4.502669
-8.860905
-7.552424
-6.525303
-5.566688
-6.208324
-9.521948
-8.618790
-9.023932
-8.509897
-7.247566
-6.542564
-7.385552
-3.266626
-4.860746
-9.543962
-7.012489
-5.128291
-2.123901
-5.140478
-5.808668
-7.998553
-7.986452
-3.463073
-7.775217
-1.881086
-8.388386
-8.544961
-7.477717
-8.963852
-5.141728
-7.497925
-5.502416
-6.378196
-5.124177
-7.431897
-4.121726
-8.534868
-9.699761
-9.292700
-4.610915
-5.572608
-8.463931
-6.341641
-4.276932
-7.411678
-6.118857
-7.765182
-8.441837
-9.399118
-8.685461
-8.019656
-7.424409
-6.095449
-5.329240
-7.659728
-6.963901
-8.930704
-4.892241
-7.534007
-7.399123
-8.041733
-9.336098
-3.519246
-6.241034
-7.172840
-6.305104
-8.652234
-9.029339
-9.128824
-7.302978
-8.592687
-7.287607
-8.333478
-7.518844
-7.490017
-7.630473
-7.187465
-6.652347
-7.815661
-8.897353
-6.829365
-9.025268
-5.932439
-6.851162
-8.345330
-7.899354
-7.351706
-8.234201
-6.648153
-7.872615
-7.620340
-5.768164
-7.984870
-6.998805
-4.736128
-9.125097
-5.477648
-3.905009
-4.553015
-6.978199
-5.490352
-7.646290
-7.262179
-8.526669
-6.924689
-4.272234
-8.251679
-7.203730
-6.337184
-8.119852
-6.636939
-7.836071
-8.371006
-8.923091
-5.602145
-8.042441
-7.768736
-5.432240
-6.579510
-4.146087
-7.528821
-9.987704
-5.426878
-6.047371
-3.506137
-7.452532
-8.531122
-9.613977
-6.385397
-7.563890
-6.214232
-6.183678
-8.582569
-9.013607
-8.859556
-4.389004
-7.665873
-5.720998
-17.097441
-6.680357
-6.892983
-6.414490
-8.320351
-10.751030
-6.728414
-8.030125
-7.067266
-5.667273
-4.967318
-6.001677
-5.571131
-8.815491
-8.077693
-6.189263
-9.525708
-7.072347
-8.351586
-7.777529
-9.708986
-6.032070
-4.837502
-1.434634
-8.535251
-9.255336
-8.299250
-3.467489
-7.643892
-6.950688
-7.821008
-2.379631
-6.624686
-7.442930
-8.707167
-4.288281
-7.690825
-5.249094
-7.339247
-8.520955
-5.342439
-7.835032
-4.528510
-6.926754
-7.520361
-7.749468
-7.321056
-7.793437
-8.718498
-4.636657
-6.797575
-4.898306
-3.729587
-8.517183
-8.515921
-9.450132
-10.654617
-7.587200
-3.971369
-6.197361
-8.679510
-7.324232
-7.256197
-6.711763
-5.523170
-3.293699
-6.899976
-9.759557
-7.930146
-6.354816
-6.868323
-7.260015
-6.684037
-6.900851
-11.231012
-7.735839
-7.089739
-6.947272
-8.138969
-8.008888
-5.154274
-9.481892
-4.052697
-4.313788
-4.877620
-6.882895
-7.849900
-8.727758
-5.310114
-6.260830
-7.375567
-7.528092
-7.376950
-7.211389
-9.248189
-6.432393
-6.668207
-7.786123
-6.555564
-3.271283
-8.230913
-7.234090
-5.769797
-5.868642
-7.878676
-7.452035
-7.789832
-9.975739
-5.633300
-11.107602
-9.683999
-7.192843
-6.149249
-7.689809
-8.977959
-6.970121
-8.649579
-6.601614
-8.471163
-8.690108
-8.619747
-8.412903
-6.590993
-5.580500
-5.083853
-8.674194
-8.074326
-7.374866
-5.682203
-7.843003
-9.433613
-6.181370
-6.824664
-9.516007
-7.848695
-6.528853
-7.176430
-9.878662
-3.465206
-5.741878
-6.501510
-9.629260
-8.685363
-1.206365
-5.680349
-9.575332
-5.802666
-7.513065
-5.116575
-9.353521
-8.753834
-6.386119
-7.451842
-9.786568
-8.600708
-8.064731
-19.420492
-3.984880
-5.203196
-6.271689
-8.167715
-4.522056
-7.463268
-6.322882
-7.701995
-6.446809
-4.110460
-7.540915
-6.700735
-7.452843
-6.385374
-8.603914
-3.160553
-9.694568
-6.120270
-8.637621
-9.539289
-5.369494
-8.118505
-8.218124
-9.910644
-5.992162
-7.105399
-6.073582
-8.323677
-9.098349
-7.364380
-3.769181
-4.951123
-6.856750
-5.775369
-7.854853
-3.669457
-5.543213
-7.517151
-3.632864
-4.997578
-5.746493
-5.678447
-3.756179
-6.094982
-6.744352
-5.474535
-6.329168
-8.830900
-8.493504
-9.297866
-4.800475
-5.828468
-8.010884
-8.151545
-7.560973
-5.417373
-8.023793
-6.480520
-8.391226
-7.884450
-4.621900
-7.949639
-4.815763
-3.479766
-7.689338
-3.547466
-5.941025
-6.464088
-6.786699
-6.772125
-4.118940
-9.172791
-4.622087
-7.641074
-5.491338
-8.419824
-10.622658
-5.012619
-6.752242
-8.138631
-5.748900
-7.112381
-7.048719
-5.935361
-8.987330
-3.474212
-6.897041
-7.009287
-5.051983
-9.149677
-5.194932
-6.995055
-7.448033
-6.009684
-7.112845
-6.166100
-6.538879
-9.439695
-7.426286
-7.564094
-7.841501
-7.797280
-8.007096
-4.976257
-8.879317
-9.112180
-6.627307
-6.034110
-8.291395
-8.123598
-8.472701
-8.880221
-7.601869
-9.320705
-10.070590
-8.896892
-5.616543
-5.603506
-4.704016
-5.795868
-5.806765
-6.013864
-7.601085
-8.494270
-5.176759
-9.253312
-6.745155
-7.351652
-5.129734
-4.337780
-6.917234
-7.921731
-7.373276
-5.715897
-4.969288
-8.240351
-7.176481
-6.589021
-4.764188
-7.015455
-5.699696
-9.345742
-5.011061
-4.911248
-9.631773
-6.508358
-7.581305
-8.475066
-8.898714
-7.792387
-4.501453
-8.041941
-8.103403
-6.731292
-7.593455
-4.550498
-9.053085
-5.403813
-7.541096
-7.555442
-7.210940
-6.134094
-6.341974
-5.314684
-7.011666
-6.555592
-10.060414
-5.432489
-8.680305
-7.285734
-8.345107
-8.004334
-5.898192
-9.942497
-3.705301
-7.446256
-6.754683
-6.720094
-6.281441
-8.149163
-6.810741
-3.707913
-6.359761
-3.797553
-4.477487
-6.262508
-7.239740
-8.983028
-7.077365
-8.087083
-5.226235
-5.312019
-7.404421
-5.415334
-6.847945
-8.481852
-8.409899
-8.297061
-8.253906
-5.639485
-6.455528
-6.451707
-6.858218
-6.397333
-7.005597
-7.372278
-7.782671
-7.882567
-7.678731
-5.953282
-5.124807
-6.248872
-8.012864
-8.196565
-7.494410
-7.499117
-9.971270
-6.466167
-8.661106
-9.293473
-6.211819
-8.612854
-7.815156
-9.475069
-4.653165
-5.722749
-9.033267
-7.486910
-4.995219
-10.355099
-3.292590
-3.434362
-6.652405
-8.059569
-6.305974
-8.389285
-7.412783
-7.229083
-2.494660
-4.436896
-5.836540
-6.909524
-4.209339
-7.112762
-7.108598
-8.399555
-6.147376
-4.374538
-7.496245
-6.375772
-8.729134
-4.805717
-7.021517
-7.125808
-6.049308
-7.940168
-7.876513
-6.961567
-6.546713
-8.449335
-7.357155
-5.575367
-6.295121
-6.568835
-9.285028
-7.509229
-6.251554
-8.482621
-7.132664
-4.220629
-9.891395
-3.573590
-6.459852
-6.599813
-7.844860
-7.981991
-8.319999
-8.213813
-4.365448
-6.287661
-7.412223
-6.761980
-8.207464
-8.398352
-13.002813
-5.684193
-5.609508
-5.265485
-5.246297
-6.387630
-5.058762
-6.475144
-5.013221
-6.331537
-10.937988
-5.323224
-6.582595
-7.346550
-6.754378
-6.472149
-7.159276
-5.946658
-7.878633
-2.760264
-7.814929
-6.872003
-5.977249
-5.562855
-9.161416
-6.153183
-6.807700
-7.613645
-8.347378
-6.488327
-8.442976
-7.360624
-8.982677
-7.854704
-7.360747
-3.932803
-8.613025
-5.907411
-7.390812
-7.407274
-7.170358
-7.931974
-12.151115
-6.133960
-4.684107
-6.858107
-5.297973
-8.481623
-7.169415
-6.610002
-9.319947
-6.341948
-6.926530
-5.209115
-5.239284
-5.935514
-6.056962
-4.779909
-6.502309
-6.938988
-6.468449
-4.884239
-10.099604
-5.068964
-7.227241
-8.592957
-3.954705
-7.482838
-6.864907
-9.379654
-8.640454
-8.854980
-6.387013
-5.816333
-6.499432
-6.689335
-4.110348
-4.129900
-5.587673
-6.675729
-6.828658
-9.080187
-6.392892
-6.934045
-6.025420
-5.698621
-8.376059
-6.601609
-6.688421
-4.493068
-6.848794
-7.545442
-8.379594
-6.604273
-5.927272
-9.610001
-6.547032
-3.122041
-6.120343
-5.332585
-5.823039
-6.016986
-5.452348
-6.835649
-6.775077
-6.377961
-6.627491
-10.305364
-7.924711
-7.973490
-5.048811
-7.871921
-5.784220
-6.663803
-5.852677
-9.446607
-9.800447
-7.380370
-7.329154
-10.698135
-6.884693
-7.119374
-5.207282
-8.061801
-8.520967
-6.320637
-4.966804
-6.054953
-5.241619
-9.093679
-7.485597
-5.773100
-8.100904
-6.980765
-6.527385
-6.071342
-6.389081
-8.234312
-6.421056
-8.260898
-4.895400
-5.737623
-6.871984
-9.766891
-7.780751
-6.809694
-6.752705
-7.130883
-9.276897
-6.776362
-5.938148
-7.981460
-9.278955
-8.697177
-5.388425
-2.232699
-8.525716
-9.175247
-4.822519
-7.489164
-7.369248
-5.513123
-5.484920
-5.748724
-7.147477
-9.106633
-6.391234
-6.375362
-7.554057
-6.869186
-4.829362
-6.458110
-7.325219
-7.504154
-8.122892
-7.217454
-6.661326
-6.659998
-6.901342
-6.698043
-9.199337
-8.804288
-6.019521
-7.520630
-7.534345
-7.519583
-7.275069
-6.051411
-6.604647
-7.253664
-10.418442
-5.447303
-8.049427
-9.190032
-7.161371
-7.571845
-7.851084
-7.821874
-6.475073
-8.413038
-5.676558
-5.752991
-5.271328
-9.036291
-6.928747
-5.856924
-7.012306
-6.784663
-6.181964
-6.705918
-7.869044
-3.801622
-8.363059
-7.069716
-6.815496
-7.065544
-5.893667
-6.577032
-5.618856
-7.243471
-6.305573
-9.852422
-8.162342
-7.415837
-4.315615
-8.488363
-7.900112
-7.997872
-7.535165
-9.513215
-8.615944
-5.358867
-5.225390
-4.218213
-7.312654
-9.657282
-8.503631
-5.706144
-7.866504
-8.377561
-7.966093
-5.870384
-6.148054
-6.121505
-9.491179
-4.681850
-6.434036
-5.968754
-6.601769
-8.024630
-5.503520
-6.036434
-5.763859
-8.533658
-6.820690
-5.473399
-8.917705
-4.204869
-4.723449
-6.442477
-8.092059
-5.938677
-5.858156
-7.732153
-5.246561
-8.201884
-6.738489
-6.515085
-7.007551
-9.671276
-6.764607
-7.120003
-8.801769
-5.464796
-8.584887
-4.804920
-7.434176
-6.486744
-7.304048
-6.847559
-6.403946
-4.795677
-6.309900
-5.745581
-7.597208
-8.357757
-9.537759
-8.750057
-4.970025
-6.777367
-9.832591
-8.327087
-8.083552
-5.661128
-9.588942
-7.014549
-8.239192
-7.635047
-5.962017
-6.292804
-7.795169
-8.385292
-5.074203
-5.630725
-6.492062
-5.208512
-5.268516
-6.044045
-6.280605
-7.722398
-2.491933
-8.938261
-7.075403
-7.331985
-8.823114
-6.749976
-8.167006
-6.601653
-7.378460
-6.990453
-6.928262
-7.619508
-4.032599
-3.892249
-6.176794
-6.796082
-6.918967
-6.762021
-6.428397
-7.818679
-6.053772
-5.671927
-8.978633
-7.395654
-7.349638
-10.689998
-8.674058
-6.615762
-9.095169
-5.707840
-8.015452
-8.347965
-4.197689
-3.329762
-6.652927
-5.858022
-4.888814
-9.749899
-7.827472
-5.637053
-7.221642
-8.272651
-7.901797
-7.830545
-8.823381
-6.197807
-6.927824
-6.566010
-4.722266
-5.327208
-7.172217
-3.204410
-7.213851
-3.450849
-6.390204
-8.183298
-9.177524
-5.052860
-6.053956
-9.841399
-6.173337
-7.006099
-6.607215
-8.120131
-8.500308
-9.251964
-11.568766
-5.404436
-6.803169
-7.192741
-5.946137
-6.082509
-7.805247
-8.625701
-7.614279
-5.290911
-6.292274
-7.745155
-6.794784
-9.322222
-7.458271
-4.735897
-9.309058
-7.812869
-9.277734
-4.890949
-8.778608
-7.861517
-8.711483
-10.459171
-7.182220
-7.637364
-6.417190
-7.697792
-6.094244
-7.551051
-8.766919
-6.448439
-7.040659
-8.953984
-5.160035
-4.550071
-6.727960
-5.358500
-4.867589
-6.724133
-6.294320
-6.154661
-8.060177
-6.070847
-7.321420
-6.030798
-8.300513
-7.374743
-8.165338
-6.502279
-6.327685
-9.214228
-4.952469
-5.560157
-4.869795
-6.525030
-7.533631
-8.762153
-6.814257
-3.968274
-5.033279
-7.544072
-5.032932
-6.323911
-7.796893
-7.001112
-7.211221
-5.365078
-6.714415
-6.917855
-6.258325
-5.863747
-8.565117
-6.783679
-7.542544
-5.316136
-6.454618
-6.295692
-5.472321
-8.237343
-7.429532
-7.320135
-6.162053
-7.929896
-5.428302
-4.730633
-7.244380
-7.434947
-8.958874
-6.520648
-7.409648
-7.366520
-5.271811
-7.635069
-8.990867
-8.066845
-7.414702
-4.453792
-7.182570
-5.109284
-8.207878
-8.053381
-7.817469
-6.878278
-6.861938
-8.654969
-5.589643
-5.765179
-6.647776
-3.442175
-7.496086
-8.104282
-7.041535
-9.021293
-6.809572
-6.229117
-8.907416
-7.561028
-9.029631
-8.346161
-7.329116
-5.695628
-4.763727
-7.725840
-8.456362
-6.026074
-9.789882
-6.233392
-9.583339
-10.896059
-5.326868
-4.194162
-6.572136
-5.840407
-6.686461
-7.425787
-7.055943
-8.370928
-8.374359
-8.730260
-6.798110
-13.966430
-7.236728
-4.976896
-5.776389
-5.974662
-6.121436
-5.756543
-5.631576
-7.216827
-6.465814
-5.887514
-7.506977
-6.581447
-9.581360
-5.236421
-7.821190
-9.053974
-7.285332
-14.986372
-5.037733
-7.331059
-5.866218
-9.071098
-5.247540
-5.021246
-9.685760
-4.936216
-5.307126
-4.482027
-7.998687
-5.185854
-8.123999
-6.103397
-6.912588
-8.026054
-9.677402
-4.271228
-7.905056
-7.421546
-5.963943
-5.985979
-8.534465
-6.272867
-7.196375
-6.283823
-5.531269
-3.434047
-8.342192
-4.745878
-7.816104
-2.781056
-5.696733
-6.919334
-4.302717
-7.796735
-6.327309
-6.895101
-5.835801
-8.727014
-6.585040
-4.243605
-6.739652
-5.768150
-6.737670
-6.547007
-5.273165
-4.956935
-7.946992
-6.967993
-5.979966
-6.764816
-6.759336
-9.596224
-5.032277
-5.472701
-8.326725
-7.918150
-8.622550
-7.864790
-9.752039
-6.264133
-7.947382
-8.727702
-8.275287
-5.835822
-6.667828
-6.662259
-4.310356
-5.339409
-6.056976
-8.115296
-8.429487
-6.390421
-5.845819
-6.427063
-5.837222
-5.604112
-8.785513
-7.938638
-7.876343
-6.134869
-6.506179
-6.570696
-7.953912
-9.094495
-4.451350
-6.207057
-6.037395
-5.580393
-8.352649
-7.385242
-17.632198
-7.068455
-5.645260
-6.691535
-7.886582
-8.041171
-3.912702
-5.402800
-6.166445
-6.922711
-10.383298
-9.145246
-8.662842
-7.897641
-7.402387
-6.952977
-6.927873
-4.542140
-6.502654
-8.664621
-9.374691
-7.827619
-7.213553
-6.197554
-6.135198
-8.189716
-12.178234
-6.519512
-8.928164
-7.351087
-8.697937
-8.508243
-6.067782
-4.711642
-8.336757
-7.673453
-7.828872
-7.175031
-7.137213
-6.845927
-6.655053
-9.324188
-5.950788
-6.070347
-6.240461
-7.162631
-7.055813
-5.610985
-6.427401
-7.049819
-6.034650
-6.692158
-4.751021
-5.982961
-8.493557
-7.476404
-5.896739
-7.241308
-6.430180
-7.326530
-5.982985
-8.911625
-7.876643
-6.265026
-6.076833
-5.946472
-8.687276
-8.892529
-8.396296
-5.627144
-7.884890
-9.171710
-5.704406
-6.947341
-9.137733
-7.210928
-6.536856
-8.471404
-7.144303
-7.333357
-9.509447
-6.652017
-9.292416
-6.410685
-7.278761
-5.318131
-6.899815
-7.391139
-7.800109
-6.557103
-4.926729
-7.554155
-6.915597
-6.522470
-7.498417
-7.824300
-4.277575
-4.140867
-5.519925
-5.014824
-6.051765
-6.890558
-6.100595
-8.199073
-7.871912
-5.553752
-6.365080
-8.579579
-5.907631
-8.041457
-6.890782
-4.567738
-4.036588
-10.899031
-8.002358
-6.997224
-7.161899
-7.754799
-1.766560
-9.010077
-4.048498
-4.486723
-6.780104
-8.027352
-8.931629
-4.120868
-6.830866
-8.714076
-10.478331
-8.124275
-7.967506
-5.296122
-5.236678
-7.588068
-10.193366
-9.866375
-10.074008
-7.830680
-5.833004
-7.502794
-7.485790
-3.880191
-8.538836
-7.567310
-7.811372
-6.373239
-7.971618
-6.925639
-9.438409
-8.556612
-8.085564
-6.921800
-6.340100
-9.373615
-8.215595
-3.917258
-5.356835
-7.729622
-4.640064
-7.598269
-5.687791
-5.387964
-6.081359
-5.924512
-11.362986
-8.245424
-5.492705
-5.992014
-7.883624
-7.003424
-7.470245
-7.348539
-6.873325
-8.655463
-5.031914
-6.829525
-8.890255
-9.617250
-6.266056
-8.292354
-7.907088
-7.792095
-8.626372
-7.191151
-7.497592
-6.023158
-7.803668
-6.074285
-7.217902
-6.291971
-6.377906
-7.343143
-5.673438
-7.391412
-4.164900
-12.086088
-6.587993
-8.128356
-6.146593
-10.745573
-7.413959
-6.293756
-6.582988
-7.039509
-7.625818
-7.489096
-7.304800
-6.510605
-6.812358
-6.352204
-5.408264
-6.181683
-6.065496
-5.264474
-7.772232
-6.342330
-8.241154
-5.110478
-7.773094
-7.251022
-5.208700
-6.173915
-7.221517
-11.257366
-8.278686
-4.938937
-8.042986
-5.068026
-7.716210
-10.160289
-7.774843
-6.536870
-8.225742
-7.779718
-8.472027
-8.830046
-5.905815
-8.605935
-7.408837
-7.095936
-8.060390
-7.636130
-4.803907
-6.849613
-5.264358
-6.101555
-5.453664
-6.537053
-5.145176
-8.205131
-8.221825
-8.229751
-8.675018
-7.352257
-7.978869
-3.934606
-3.808889
-8.490344
-8.594702
-5.592583
-7.003933
-5.850189
-7.857196
-8.477244
-6.902041
-4.472672
-3.763870
-6.602435
-4.314229
-8.082806
-7.548578
-6.861760
-7.422688
-7.862133
-6.298854
-9.272330
-6.531591
-8.289452
-7.223927
-13.452201
-10.341605
-9.560581
-6.177450
-8.255747
-6.293505
-6.536888
-8.595911
-9.831164
-8.628486
-4.292081
-8.640001
-5.923609
-4.502246
-4.151195
-9.022449
-6.115266
-6.363300
-9.649055
-7.769260
-8.479487
-7.703846
-5.543567
-7.865677
-5.961049
-7.321089
-6.908005
-8.464225
-10.095015
-6.426884
-7.658240
-6.459592
-9.054287
-2.064110
-7.300702
-4.116992
-8.217649
-7.541901
-8.486923
-8.356904
-3.286259
-7.897409
-4.488322
-7.355126
-3.729852
-5.486713
-6.653624
-6.295809
-8.237720
-8.317802
-8.477805
-7.645886
-8.129947
-6.414669
-4.783679
-3.086736
-5.633577
-7.340371
-6.437892
-8.299642
-6.570109
-9.256385
-7.738647
-7.876431
-9.792722
-7.487466
-3.840245
-17.253471
-6.543085
-8.558735
-5.132762
-6.282338
-5.652304
-3.946975
-8.479365
-8.262823
-5.661083
-5.909876
-6.471643
-3.965930
-3.825830
-4.404221
-8.444397
-8.630960
-7.032460
-8.914955
-6.045251
-6.087625
-6.498038
-6.655207
-7.424579
-8.086569
-6.295487
-8.342947
-8.894772
-5.821012
-5.519833
-8.150990
-4.401348
-6.270968
-7.053045
-7.752126
-5.662281
-6.872344
-7.493587
-5.732460
-6.852316
-4.615767
-6.315366
-5.268761
-6.813637
-7.847859
-6.287407
-9.114618
-6.137957
-5.424005
-9.135017
-5.993563
-6.773422
-6.639079
-8.038936
-6.139799
-8.484820
-6.308256
-9.225863
-5.816971
-8.096457
-7.193851
-5.599717
-8.212406
-7.321391
-4.840894
-5.905102
-5.954191
-6.175950
-7.945217
-6.821396
-6.305101
-7.167998
-6.710744
-8.095996
-8.431760
-6.638708
-9.121898
-6.575616
-5.761296
-6.802973
-6.014139
-16.658487
-4.741624
-4.789321
-9.345861
-6.811501
-5.149094
-8.507079
-9.883113
-7.278057
-8.650764
-8.098486
-8.474072
-16.432026
-8.675400
-7.969180
-7.676557
-8.572572
-8.674345
-6.259778
-6.906974
-8.438181
-5.696521
-6.676437
-8.313189
-6.418875
-7.124682
-4.925736
-6.794805
-5.423373
-6.150842
-7.159019
-8.023858
-9.020357
-2.676630
-6.126212
-4.634371
-3.019120
-5.301611
-7.331453
-7.534096
-3.659207
-6.754754
-8.228660
-8.045052
-6.603960
-7.068613
-8.086209
-7.787941
-8.031159
-5.089398
-8.380950
-5.544515
-6.904306
-6.039192
-6.560549
-8.057066
-8.305676
-7.154271
-5.679944
-9.035852
-7.696431
-6.038086
-4.089751
-6.883839
-8.235960
-8.421384
-5.254913
-7.373732
-7.244121
-4.097733
-5.475786
-5.443127
-4.944837
-7.193720
-6.845885
-10.069963
-8.836232
-9.283951
-6.036477
-6.843629
-9.008254
-6.856363
-3.178747
-6.097384
-7.036307
-6.981157
-9.100046
-6.715608
-6.463724
-5.852612
-9.552066
-9.005526
-8.692344
-11.846108
-5.584030
-8.972988
-9.191273
-4.890065
-4.334440
-4.977565
-8.467537
-5.581319
-10.668792
-7.473464
-5.318991
-6.523872
-6.160503
-10.135523
-7.438215
-8.300569
-7.158610
-6.680786
-7.503607
-8.277887
-7.710317
-3.813005
-6.650939
-7.026083
-5.343669
-9.145972
-7.909584
-4.395451
-8.401388
-7.006024
-5.574037
-6.642858
-5.059041
-6.158372
-5.813874
-8.730064
-6.581868
-4.467762
-6.663609
-5.848909
-5.095778
-7.447504
-3.541095
-6.891104
-9.213002
-6.681760
-6.876873
-5.697433
-6.490950
-6.660544
-8.744284
-3.456092
-8.016899
-4.806974
-9.905462
-2.508727
-11.663087
-5.749352
-5.548630
-8.617448
-4.659693
-6.744563
-6.892492
-8.035769
-8.506096
-7.637671
-6.958195
-6.419841
-9.405120
-8.732705
-6.761262
-8.374070
-6.532278
-5.251516
-5.646617
-5.789534
-6.686845
-4.624739
-8.205683
-6.882154
-5.174789
-7.397163
-5.853473
-6.232578
-8.179679
-5.831271
-7.305776
-7.656384
-5.325498
-8.158319
-5.398091
-6.578372
-5.411345
-6.016897
-5.038583
-4.998299
-6.626560
-8.346046
-6.521802
-8.250356
-7.731675
-7.183440
-5.489091
-5.548407
-7.432658
-5.710210
-8.370090
-6.883740
-7.418219
-7.313102
-5.653840
-6.259713
-8.091645
-6.060971
-8.551106
-7.491333
-5.490784
-4.305816
-8.331608
-4.308930
-8.668478
-7.359347
-2.691690
-6.509456
-7.901829
-7.552063
-3.934641
-8.225233
-12.238878
-21.466677
-5.114542
-4.784680
-6.677002
-3.675419
-7.040458
-5.486634
-6.526179
-6.237028
-9.203142
-4.813204
-8.193920
-7.614328
-6.246474
-4.540300
-10.385611
-7.100510
-7.145432
-9.250995
-7.005293
-5.696761
-6.187091
-7.653313
-5.996237
-10.162021
-6.855070
-7.491030
-7.463496
-5.804329
-5.061373
-10.438113
-6.370121
-9.499903
-7.200928
-6.493515
-6.278594
-7.175989
-10.161304
-7.453489
-8.966095
-11.433003
-8.104291
-7.878026
-9.186261
-7.247034
-5.915183
-11.487135
-6.803085
-7.339083
-10.592146
-8.069098
-4.419707
-7.519281
-5.337053
-3.802127
-6.301192
-6.563640
-4.052306
-2.628895
-5.196754
-6.998695
-7.720319
-7.897564
-8.740092
-8.754992
-6.095853
-8.129342
-6.952183
-9.196039
-4.647708
-8.041435
-5.457817
-9.423818
-6.881786
-6.641935
-8.306753
-6.360970
-4.144638
-7.069510
-7.162708
-10.194070
-5.966378
-6.992517
-6.939664
-6.836967
-6.619738
-6.065580
-7.400014
-6.092682
-11.470654
-7.845314
-6.526868
-8.021066
-6.365469
-6.204082
-8.618696
-5.183730
-5.977700
-6.498402
-4.596671
-8.481745
-6.625038
-6.429938
-7.314766
-7.183889
-7.215580
-7.109296
-7.928069
-8.341775
-7.240564
-5.784867
-9.296745
-7.990900
-2.820926
-9.971889
-8.344600
-4.319345
-4.826211
-7.901507
-23.049799
-7.443785
-7.210225
-6.585168
-9.207710
-7.610564
-6.497681
-6.580634
-7.775129
-9.015464
-7.600548
-7.269325
-6.103529
-5.818204
-6.971467
-5.523355
-2.230599
-7.653142
-7.624823
-6.852912
-8.232349
-6.489838
-5.397680
-7.857533
-6.639427
-7.043404
-5.295873
-5.765592
-3.638865
-5.723569
-8.870625
-4.868049
-8.167862
-6.811674
-4.994187
-6.961126
-4.210976
-6.753227
-5.153137
-8.678257
-7.644383
-6.075425
-8.036436
-6.085339
-5.165635
-9.038064
-8.276385
-3.210294
-7.170223
-9.450385
-9.052016
-7.716710
-7.946501
-6.855416
-7.076103
-9.602818
-7.981050
-7.662044
-9.249168
-8.137296
-6.908977
-6.849421
-9.821657
-7.143304
-6.704619
-9.275072
-7.438679
-5.015514
-6.410211
-9.834721
-9.394531
-9.095040
-6.192724
-9.220440
-8.587440
-5.912332
-5.569909
-8.755019
-7.141410
-18.285999
-5.455699
-5.879874
-5.577315
-8.908946
-6.548034
-6.661489
-9.514172
-6.437205
-5.179766
-4.463425
-5.819405
-8.558129
-6.723042
-7.598126
-28.547235
-4.768000
-9.465512
-8.901610
-7.975115
-6.236569
-3.844120
-7.063380
-8.744634
-7.047758
-5.129171
-6.273046
-5.034209
-7.067989
-6.662277
-7.047462
-4.103068
-6.383379
-6.804840
-7.641924
-5.558328
-8.656135
-7.575126
-6.242688
-5.590016
-6.034499
-7.942022
-5.862650
-5.915946
-6.551646
-4.635728
-6.023939
-7.022672
-4.071415
-4.406370
-4.915894
-9.604945
-8.225718
-6.375073
-8.116746
-8.904133
-8.979253
-7.069057
-8.770339
-5.457787
-6.989784
-9.743791
-5.728973
-7.889800
-7.172456
-8.151347
-3.689303
-7.542644
-4.273093
-3.185880
-6.237809
-7.036133
-4.859685
-3.177392
-6.572190
-6.075874
-4.868225
-4.419794
-5.626667
-6.790097
-7.007742
-4.518408
-6.862991
-6.261431
-8.659436
-7.699386
-9.655729
-7.995340
-7.261232
-5.707366
-4.653651
-4.849877
-8.246166
-9.418529
-8.396495
-8.971949
-5.473665
-9.330263
-8.317410
-8.024626
-7.981430
-5.345658
-6.919104
-7.971448
-7.489078
-6.733445
-7.513237
-6.082675
-5.749224
-9.430197
-5.918320
-3.780849
-7.111722
-11.866213
-7.324036
-5.634747
-4.387653
-7.274506
-6.540331
-9.990716
-10.602984
-5.278767
-6.515400
-6.307724
-7.844018
-8.429243
-5.713369
-8.236672
-10.058814
-6.272231
-13.116890
-5.069352
-4.709100
-5.731224
-5.375465
-6.886066
-9.583912
-7.957479
-4.573539
-6.036216
-6.886251
-6.298569
-6.768901
-7.509064
-9.749589
-5.579506
-10.371706
-5.498231
-7.703456
-7.048177
-9.496232
-7.899387
-5.895792
-5.752226
-8.264260
-6.347011
-8.814096
-9.645514
-5.662946
-6.634019
-6.217074
-7.538214
-7.385721
-6.587300
-8.558007
-6.058637
-9.274402
-8.233016
-4.891986
-6.037306
-8.508981
-4.563562
-7.900244
-6.544865
-8.255418
-6.965616
-6.980827
-7.401059
-5.900367
-7.240405
-8.594890
-7.599703
-9.241908
-9.185805
-5.646615
-7.114793
-7.398957
-10.002029
-7.345951
-7.379300
-5.877588
-8.414176
-8.323339
-5.436354
-8.439073
-6.650012
-8.272192
-7.813828
-7.016960
-4.549488
-7.550995
-5.235569
-6.610767
-6.477660
-7.965764
-6.432728
-8.466845
-5.857647
-7.753587
-5.749064
-6.625623
-6.880889
-6.101819
-6.725216
-5.048247
-3.993318
-6.417905
-8.818210
-8.830429
-6.912072
-6.894628
-9.472549
-6.926705
-5.402872
-7.027215
-8.614795
-8.238064
-6.953051
-9.668809
-9.218500
-6.675665
-8.191548
-8.715171
-6.001833
-8.426634
-5.799066
-7.058015
-6.665915
-6.088724
-7.825607
-8.591001
-6.849531
-5.515553
-6.056805
-10.577509
-6.659428
-4.586292
-8.502943
-4.416770
-7.521158
-5.876997
-6.704003
-6.032504
-8.114657
-10.862959
-6.914624
-5.995652
-12.113325
-4.033093
-6.678802
-8.926003
-7.919336
-8.098898
-8.195168
-5.194161
-6.272569
-5.684811
-5.978426
-7.614349
-6.270392
-8.977202
-9.084677
-3.892362
-7.284255
-8.081535
-6.188730
-5.738916
-8.228495
-7.337892
-8.068832
-7.870664
-10.079933
-8.864851
-7.521459
-2.602368
-8.576627
-9.275341
-9.569076
-6.980692
-5.604138
-5.695349
-5.872981
-8.905433
-8.721119
-6.082804
-6.987123
-5.212788
-8.898411
-5.654295
-4.998418
-8.685407
-5.525332
-9.878387
-3.212651
-5.371783
-8.159284
-6.632983
-8.315694
-3.247859
-6.591230
-7.402849
-8.809319
-7.217461
-9.162006
-5.535197
-6.702655
-6.085313
-5.731959
-7.330406
-5.132413
-5.843882
-6.537333
-7.834628
-3.870699
-8.281545
-10.171000
-7.767103
-8.635957
-7.441152
-6.864555
-8.935004
-6.978462
-3.711466
-6.882861
-7.849004
-6.854929
-5.814854
-6.493988
-7.010322
-4.483382
-9.242018
-6.794348
-9.542434
-7.232226
-7.451289
-5.526500
-7.432383
-7.013405
-9.362762
-5.771056
-7.149796
-10.853255
-6.104247
-7.941411
-8.278784
-4.690519
-7.452093
-7.538784
-4.332836
-8.262567
-9.739691
-7.044682
-6.513710
-8.255129
-7.935935
-8.513941
-8.620387
-6.389488
-6.832154
-7.088214
-21.925760
-12.177278
-9.023885
-5.523070
-6.287919
-4.647289
-4.692040
-7.269270
-10.624975
-7.480155
-8.549342
-9.315442
-5.749857
-4.227778
-7.113589
-6.389872
-3.675225
-5.247618
-7.639493
-10.153515
-4.613739
-4.878983
-6.714735
-8.984512
-8.778316
-4.837258
-7.522544
-7.068768
-8.270826
-12.520431
-8.511182
-8.606768
-6.758776
-5.974315
-7.263379
-5.088847
-4.018591
-8.247171
-9.758789
-6.651516
-7.822715
-6.373971
-7.088524
-8.721587
-5.245740
-7.364206
-9.433073
-7.261104
-6.720192
-5.823225
-5.684519
-7.139427
-7.264525
-7.361943
-5.380939
-6.586514
-9.358710
-6.607044
-8.985950
-5.784218
-3.196034
-6.236284
-6.224859
-7.750505
-8.245552
-8.543549
-6.889233
-8.248112
-7.284453
-8.767140
-5.536067
-5.751423
-8.179467
-6.017022
-5.159428
-8.582850
-8.034077
-6.782380
-6.963099
-6.762059
-7.140129
-7.759816
-8.341024
-5.236042
-6.943214
-7.995825
-8.622685
-5.215472
-6.694660
-6.712007
-5.604186
-8.047122
-4.547172
-7.551288
-8.167042
-7.079625
-9.527783
-5.659167
-7.661967
-5.626812
-6.321689
-5.975355
-8.189783
-4.157364
-6.474706
-5.593192
-6.071664
-9.209111
-7.967725
-5.046289
-7.333050
-5.875252
-8.564392
-7.685849
-8.125257
-6.698723
-6.703797
-27.045736
-6.596796
-8.212129
-8.788589
-7.914773
-6.857130
-8.453872
-7.757822
-5.036826
-8.073970
-9.505184
-6.720521
-7.015806
-5.814316
-6.361403
-8.054672
-6.788944
-4.323999
-4.534081
-4.749096
-8.774867
-6.370972
-5.912539
-8.533919
-7.406343
-10.742580
-6.358436
-6.053709
-6.178770
-6.522506
-9.783330
-6.618540
-6.437223
-6.651113
-6.074818
-4.834730
-9.867075
-6.761754
-6.560290
-8.327730
-6.985167
-9.109191
-7.754880
-4.010698
-6.857163
-6.028578
-7.353899
-8.304848
-7.117297
-7.122192
-7.274928
-6.845780
-7.427739
-9.333488
-13.242899
-7.896160
-8.175339
-7.728703
-6.770347
-9.522750
-8.173118
-10.222906
-7.615963
-5.686686
-9.405472
-8.947112
-9.243668
-6.381086
-9.063419
-9.078605
-9.573721
-8.951990
-7.970684
-7.817286
-6.241887
-6.080808
-6.058440
-6.908484
-7.550007
-9.130450
-7.295421
-7.577677
-6.002144
-8.242571
-6.729203
-7.261410
-9.960541
-11.359385
-8.585362
-13.828145
-5.514032
-8.556262
-5.823507
-6.649168
-9.045274
-5.213425
-8.369467
-8.807858
-7.748717
-6.052903
-6.850169
-9.141804
-8.960586
-5.840003
-7.342080
-4.627299
-11.376103
-9.602540
-8.212318
-9.190103
-6.114223
-4.885758
-7.428333
-6.521357
-3.535113
-6.784416
-6.877188
-7.452593
-6.263517
-9.756414
-5.891492
-5.917091
-5.966026
-5.178640
-6.595233
-7.627620
-7.706474
-8.138057
-6.385829
-8.730868
-7.894848
-8.908636
-6.630300
-6.677204
-7.028322
-6.162699
-9.875414
-7.985197
-5.304183
-9.013127
-5.818033
-7.186589
-8.076497
-4.893016
-4.288884
-5.969604
-5.713050
-5.308893
-8.152551
-5.298588
-8.458454
-6.424746
-7.280176
-8.128404
-6.695000
-5.146111
-2.718504
-5.464602
-9.615419
-8.824153
-9.780869
-6.451829
-6.168100
-5.945622
-6.723603
-10.853041
-6.290466
-8.201094
-5.502997
-5.835076
-8.616187
-4.297447
-6.935592
-8.561501
-8.439788
-8.461987
-6.484338
-9.175016
-4.908785
-7.306146
-7.923910
-7.732177
-6.293880
-8.495618
-6.739481
-9.663205
-7.339821
-5.832794
-5.466139
-7.095250
-9.355993
-8.399721
-8.076071
-6.911495
-8.528102
-4.683741
-8.879046
-7.423823
-8.090628
-5.802114
-4.975344
-7.152834
-8.175593
-6.385911
-10.695205
-6.977789
-10.209933
-6.503453
-4.819767
-6.695390
-7.860226
-6.170527
-7.413287
-7.358397
-7.231967
-5.250400
-6.765569
-7.809751
-8.605728
-3.819900
-3.820606
-7.372687
-5.040088
-5.341270
-8.056977
-7.544426
-9.444052
-4.897026
-6.922849
-9.464605
-5.606890
-7.223510
-6.071199
-11.597563
-6.343376
-9.800362
-6.703085
-9.213549
-8.600952
-6.688045
-6.199479
-5.682499
-8.318695
-8.325898
-7.349946
-8.279596
-7.100396
-6.665208
-3.240814
-6.275131
-6.775683
-6.652639
-3.743948
-4.037689
-5.556762
-5.541642
-7.884610
-8.736656
-6.775405
-4.766412
-7.112339
-5.530159
-6.487691
-8.793591
-6.619770
-5.797568
-4.577385
-8.151217
-7.596159
-9.358025
-8.558286
-7.594201
-7.901253
-4.418207
-7.855469
-10.631875
-6.341364
-8.655828
-5.041410
-7.716015
-8.221746
-7.741360
-8.315722
-8.590278
-21.047338
-5.929229
-7.288156
-7.815970
-7.458482
-8.086781
-7.636485
-6.978019
-3.534619
-5.072596
-9.233445
-7.419586
-3.241725
-8.851885
-8.382990
-8.708649
-8.062074
-4.717984
-6.729155
-8.241857
-5.177038
-3.628503
-7.327295
-8.994357
-8.527581
-6.353079
-5.459682
-8.221332
-4.748574
-2.093101
-6.858615
-9.051058
-7.930506
-5.818373
-7.394335
-7.863160
-5.204577
-7.946242
-9.002342
-8.255390
-6.718250
-10.009994
-7.797358
-6.967468
-8.870467
-25.929976
-7.756913
-8.884886
-8.719546
-7.779275
-7.818347
-5.638746
-6.009813
-7.278648
-7.382917
-5.934530
-8.156473
-8.160473
-7.281371
-8.455567
-11.488362
-4.706283
-4.961306
-7.840817
-5.396131
-7.420660
-9.558913
-6.596060
-6.888737
-6.366751
-5.114142
-5.380508
-8.151117
-5.569676
-8.010348
-5.091698
-7.836326
-5.760827
-7.859550
-8.502981
-11.315610
-9.594992
-9.408649
-7.473274
-5.557901
-8.340418
-5.624577
-8.348457
-9.057434
-9.321705
-8.255371
-6.000088
-7.193849
-4.120362
-6.695521
-7.046824
-10.361611
-8.412614
-7.878613
-9.885274
-5.374711
-5.282761
-7.611770
-7.662792
-3.741592
-5.183640
-7.440444
-7.996856
-8.339659
-9.016026
-7.423124
-7.948825
-9.775132
-6.960088
-5.437778
-5.716803
-8.572819
-8.859213
-7.675846
-10.775244
-5.904140
-7.877860
-6.675065
-6.907125
-8.930633
-8.145085
-6.310451
-5.064786
-5.241780
-6.277855
-5.791304
-6.246331
-8.183533
-5.854042
-6.059412
-8.929957
-8.054471
-8.585326
-5.012149
-5.901342
-10.015872
-6.598340
-4.906662
-6.446133
-6.273353
-10.246248
-7.033329
-3.723561
-3.032645
-9.509001
-11.977033
-6.029600
-2.993637
-2.766280
-2.082469
-2.505485
-1.033466
-0.923410
-3.884853
-2.680540
-0.966615
-3.721070
0.600068
-0.159750
-1.406368
-1.007524
-3.933261
-2.831666
-1.321467
-2.194789
0.092404
-0.250434
-1.685512
-0.663397
-3.124592
-1.644492
1.652724
-3.128605
-2.635257
-3.499642
-1.493084
-1.374761
-3.256105
-3.638998
-1.848907
-2.010032
-2.783670
-2.988642
-7.245513
-2.722931
-2.864847
-1.638574
-2.476348
-1.165945
-2.659384
-1.459143
-3.089599
-3.292309
-4.847839
-5.528421
-2.222789
-2.343225
-2.665036
-3.438521
-2.596366
-2.204765
-1.010557
-3.858240
-4.514210
-1.678371
-1.811292
-4.225859
-1.774283
-1.637510
-0.543512
-1.757891
-1.372280
-1.697572
-2.234434
-2.648388
-5.382260
-3.658981
-3.582522
-2.590457
-2.660821
-4.500557
-3.087854
-0.940356
-5.263899
-4.065739
-4.403072
-3.060463
-0.159056
-1.448029
-4.725700
-6.805559
-4.898490
-3.104399
-2.923522
-5.812782
-5.075551
-3.341326
-5.127849
-3.277077
-3.982596
-4.084070
-1.420990
-3.650869
-4.083657
-4.717480
-5.828771
-5.338878
0.060951
-3.320314
-4.151364
0.554553
-0.856183
-5.630956
-2.399352
-3.606633
-2.029778
-3.078082
-2.669668
-2.499341
-1.491252
-2.544319
1.181040
-5.606902
6.740711
2.991646
-3.285759
-2.651362
-0.469968
-0.065753
-0.138662
-0.206197
1.214894
0.531120
6.667110
0.431800
-0.383599
0.508057
-0.127500
-0.063195
-0.284116
0.328326
0.505257
-0.200819
-0.496635
4.922947
-4.840384
-0.301292
1.287611
5.771722
1.000914
-0.152510
-0.214551
0.520990
0.294562
-0.113973
-0.083524
1.379550
0.215378
0.089176
0.089279
0.356690
1.172364
0.170817
0.346935
-0.413447
-0.971982
-0.141862
0.295898
0.527765
0.519889
1.330760
-0.289382
-0.072335
0.220728
-0.763982
-0.326475
-0.104007
0.028997
0.576224
-0.109991
0.335840
0.924548
0.101144
-0.032623
0.455204
0.177502
-0.261388
-0.201014
0.500922
0.146505
-0.225048
0.231358
-0.185401
-0.477717
0.105258
-3.882280
-0.318092
0.399107
0.140325
-0.453166
-0.367873
0.349852
1.006164
0.378298
0.727900
-0.102766
-0.834013
0.447447
0.337028
-0.408459
-0.233657
-0.091465
-0.269804
0.970590
0.085053
0.025485
0.511620
-0.541919
-0.001160
0.491769
0.846735
-0.117702
0.471988
-0.531978
-0.563344
-0.643760
0.068750
-0.465420
0.192723
-7.097231
0.654870
-2.406637
-0.371238
0.989476
0.100015
-0.263523
-0.160172
-0.793318
0.619881
-0.170067
0.534713
-0.231714
-0.821013
-0.230743
-0.958362
0.210588
0.849260
0.022411
-0.243792
1.257615
0.058478
-0.034124
0.069676
-0.275539
-0.357364
-0.160119
0.769694
-0.048642
0.015446
-6.996053
-0.100448
-3.112429
0.343817
-3.408092
-0.762469
-3.230519
0.297904
0.694140
-2.103928
-1.158908
1.001699
-1.260499
-1.876200
-1.731975
-1.668879
-0.576048
-1.803660
-2.198501
1.093394
2.044470
1.593563
2.731539
0.076547
1.722193
-1.487598
-2.947808
-1.112827
-0.934718
2.109152
-1.702218
-1.439395
0.192195
0.372055
-2.011939
0.066383
-1.989237
-1.278341
-1.640760
-0.992935
-2.517612
-0.602043
-0.662873
-1.240421
-0.271627
0.676859
0.014524
-0.320886
1.766352
0.863198
0.915412
2.686229
1.688120
2.345637
-0.150281
0.193024
1.086471
2.077780
-2.369014
1.878613
1.782719
0.024223
0.741840
1.002780
-0.715352
0.414780
-0.955761
-0.521731
-0.508677
-0.144881
-9.747845
-4.168478
-6.052268
-8.254345
-1.208451
-4.320800
-0.640540
-1.875544
-4.127818
-4.473656
-1.831718
-0.498819
-7.064118
-4.619889
-4.397926
-3.090642
-2.248672
-0.267955
0.288289
-1.200066
-4.771806
-2.765345
-2.032691
-4.168152
-3.010380
-2.660410
1.476290
2.866734
3.915900
0.260064
-4.926217
-3.768928
-2.408372
-5.863914
-6.999524
-5.533589
-4.330283
-4.810759
-4.520082
-4.867756
-4.060393
-3.467783
-4.703115
-3.200336
-2.958663
-8.344494
-8.245778
1.370780
1.063627
1.451830
5.012254
-0.807536
0.027573
-0.615114
0.224382
0.348731
0.632765
0.900722
-0.729476
-0.485166
-0.104856
0.370569
-1.073932
1.258482
-9.704870
-1.046742
3.277154
-1.624018
-7.541427
-1.756868
0.007603
-1.653008
-3.083265
-4.124500
-8.927815
-2.972285
-3.090331
-10.880210
-2.192067
2.472730
-3.847332
-6.594489
0.039123
-3.085960
-13.467130
1.803799
-9.880577
-4.376808
-1.137378
-12.994745
-5.128087
-13.361362
-9.695192
-11.413097
-1.281248
-2.040692
-3.904741
-10.321629
-2.689333
-12.351988
-3.756228
-3.809534
-6.245028
-12.389660
-3.483430
2.122705
-2.537683
-6.701787
-1.843111
-4.340847
-3.755043
-5.724446
5.187078
-5.871737
-5.857242
-8.989598
-5.263755
-3.656075
-6.524951
-3.556966
-15.023642
2.920140
-9.170857
0.035517
-1.686750
-8.599998
-5.740767
-2.885152
-3.929153
-2.747808
2.870756
-5.183708
-4.037907
-1.240710
-10.053405
-1.256678
-1.321005
-6.734344
-8.545030
-1.363015
-0.979606
0.333630
-14.830082
-2.966968
-9.764699
-5.315058
-3.459545
-8.435062
-2.031199
-4.496502
-3.382528
-2.040262
-0.828672
-4.412152
-2.870362
-1.726858
-5.388580
-5.431934
-4.855287
-12.423409
-4.074767
-6.470027
-5.742896
-7.935666
-7.975204
-13.232520
-5.259123
-1.480783
-1.750934
-2.636046
-6.871217
-8.895514
-3.265020
-5.214063
-2.112418
-5.332983
-6.953891
-2.075069
-12.274285
-1.125607
-3.963514
-4.261323
-1.811182
-4.948914
-7.653327
-2.075539
-4.273656
-6.726517
-5.356799
-1.397885
-2.979539
-2.338562
-1.862817
-10.858866
-5.826281
-4.287118
-1.173487
-2.456893
-8.903857
-2.689967
2.434866
-7.148152
3.285190
-7.276235
1.433035
-7.919493
0.465967
-3.943249
-5.669429
-5.246351
-4.621860
3.630567
-0.181642
-8.453025
0.810888
-7.009820
-7.446520
-3.173045
-6.640377
-7.621157
-10.042551
-2.167231
-6.754687
-6.566487
-1.923491
-11.346093
-11.167690
-2.331114
-6.232730
-10.360301
-12.456600
-10.278945
-2.474535
7.101573
-14.447579
-0.552216
-4.124437
-6.363849
-1.248226
-2.203661
2.659833
-5.741830
-7.254288
0.831914
-3.601550
-7.574020
-4.289057
-7.004504
-5.906547
-3.793407
-5.462637
-8.964612
-2.900700
1.284885
0.835323
-0.253806
-7.282715
-3.051720
-2.870360
-6.358677
2.094416
0.233214
2.798717
-10.784051
-2.065681
-5.696477
-4.882530
-7.486011
-13.567135
-8.007105
-0.990677
-7.195961
1.505133
-7.809812
-4.909327
2.288741
0.328670
-6.323264
-5.830927
-1.040165
-3.843030
-4.863139
-2.914830
-0.380444
-7.657198
-1.126495
-15.112636
-6.448771
1.334346
-5.549143
-3.184217
-4.384192
-3.061658
-1.919609
-11.183723
-3.970505
3.223126
-8.088456
-10.923466
-7.752964
-7.532580
-7.052457
-3.394450
2.653467
-3.339631
-4.643909
-5.061623
-0.593773
-3.081892
-4.489048
-0.602066
-3.204021
-2.961066
-9.695868
-12.553012
-6.445666
-4.449695
-12.101298
-2.937194
-7.808847
-4.419551
-1.999384
-5.471483
-8.057032
-0.467226
-0.721417
0.640583
-2.331511
-2.490762
0.236535
0.701631
1.725950
0.159797
-3.290721
-6.892597
-0.331829
2.539470
-10.857890
-1.840867
-2.259288
-2.185938
-8.052948
-6.154749
-0.626688
0.749985
-4.503002
-4.841214
-3.209948
-5.969105
-8.487901
-5.280562
-1.695162
-6.058434
2.819659
-10.751372
-11.208528
-3.088450
-7.917265
-15.614061
0.936285
-3.082922
-3.093249
-5.959282
-0.801764
-4.712796
-2.578744
-4.009035
-6.345186
-6.270417
1.383224
-4.814965
-7.704001
-11.950656
-7.730006
-7.216241
-0.503421
-6.472010
-6.083707
-3.311663
-1.757182
-6.174788
1.813421
-3.922629
1.636826
-5.829439
-6.803155
-4.552368
-1.950048
-4.571287
-5.545729
-1.953805
2.737759
-1.039770
-1.107498
-5.429211
-7.237840
-3.106380
-4.808280
-12.229560
-6.443194
-2.665019
0.007119
-6.764026
-2.397482
-3.726474
-1.943084
0.024387
0.849589
-6.020733
-2.355395
-3.686680
-11.053274
-4.313538
-1.068869
-7.790063
-5.011847
-10.954974
-5.921380
-1.898741
-8.383054
-11.990567
-0.905120
-3.376431
0.227962
0.503406
1.377854
-5.373274
2.944773
-3.016177
-3.099963
-3.577278
-1.762663
-4.628028
-1.737753
-1.350409
-10.090378
-13.434249
-6.978117
-3.985917
-1.925974
-4.773811
3.178178
-9.871105
-6.296966
-10.206380
-4.480011
-9.584339
-9.116981
-8.356567
-4.203067
-2.316703
-8.322543
0.184427
-4.731847
-1.861062
3.355205
-11.864449
-7.673804
-2.094123
-8.394366
-3.282388
-4.519603
2.133729
-0.960548
-3.207451
-2.868290
-7.112458
-3.719174
-2.242355
-3.911314
-4.350421
-3.918640
-1.727364
-7.412225
-4.856584
2.162985
2.595237
-10.523029
-2.319039
-5.232396
-7.802489
1.939673
-4.591944
-7.533230
-0.377613
-2.470646
-6.449591
-5.970973
-0.404100
-5.540764
-2.038678
-5.959920
-2.921435
-4.680078
2.729835
-0.975208
-0.753407
-1.361670
-4.547865
0.552829
-4.400591
-4.340419
-12.338448
-12.451974
-2.221812
-1.999136
-4.658914
-5.206898
-6.969739
0.316659
-3.142925
-5.569651
-6.922513
-2.933843
-5.121195
-1.054668
-10.323033
-2.407736
-7.131880
-12.179021
-4.880112
4.334667
-0.845072
-0.279236
4.381450
-1.866749
-1.099234
1.029900
2.373677
-2.092520
1.207521
-11.131827
0.376456
-11.281251
1.691703
-5.351846
-4.867890
-8.265929
-1.927827
-2.001463
-1.255309
-4.902069
-2.687923
0.902871
-6.556808
-9.922418
-1.278354
-0.231423
-3.739303
5.246830
-3.658519
-1.346846
-1.912981
3.091658
-8.989096
-4.188768
-9.602666
-0.546466
-12.862041
0.818256
-4.610858
1.534204
-6.305978
-1.709329
-3.089249
-8.902578
-6.365643
-12.111629
-2.414407
-1.927126
-7.822601
-1.149516
-8.428903
-5.858470
-2.413598
-11.230145
-5.947145
-9.890887
-9.734743
-6.492097
-7.842661
-1.144162
-9.349875
-0.464726
-3.201696
-0.576221
-2.869037
-5.455399
-14.325964
-1.697071
-6.697641
-5.771511
-1.450074
-6.797319
-10.703834
-1.653691
-7.056970
-4.815047
-3.087599
-1.845605
-9.628407
-6.070486
2.477214
0.222982
-2.533188
-2.503772
-11.756550
-6.052026
-4.875257
-3.007221
-0.299459
-4.628209
-12.972510
-1.584318
-6.688467
-8.374032
-8.842031
-6.013746
-5.438262
-4.976969
-3.172589
-4.272161
-10.587824
-2.929123
-6.165881
-0.585667
-8.152681
0.935153
-8.271962
3.476064
-1.603522
-7.988316
-9.318085
-6.208560
-2.276618
-13.169945
1.979002
-4.058024
-3.682738
0.227125
-3.354517
-2.897715
-0.784328
-5.071912
-1.673028
-6.268658
1.863404
-9.807510
-2.411848
-4.214419
1.078040
-7.181427
1.685302
-4.876585
-12.945630
0.407032
-4.254778
-0.741856
-5.127421
-4.091254
-6.417258
1.256858
-8.139856
-5.286029
-7.455215
-8.959800
1.602210
-2.931164
-9.519477
-9.811415
1.121972
-1.895260
-5.849716
0.386502
-3.197414
-0.113605
-0.631436
-11.816624
-2.798328
-6.549823
-3.852440
1.253304
-8.934924
-3.772652
-8.761605
-12.819425
-13.024169
-3.191896
-4.928306
-3.278318
-0.352543
-11.052691
0.813419
-5.705204
-1.084673
-3.125346
-0.404777
1.848224
-5.595956
-1.436582
0.754226
-3.664703
-5.745447
-9.366894
-5.643074
-0.259784
-8.385006
-0.815401
-8.915737
-8.571835
-3.236173
-2.647871
-3.772726
2.725037
-12.540726
-8.274724
-1.985172
-3.043095
-11.302925
-2.508156
-2.424059
-11.898198
-3.136503
-6.354936
-11.334579
-9.756104
-7.851300
-0.564750
-1.931181
-1.745163
1.142102
-9.632837
-6.664727
-3.728455
-4.506844
-7.909723
-6.277882
-5.382518
-3.274801
-0.532916
-12.837801
-6.930764
-9.771266
-7.085234
1.712259
-9.792454
-0.900818
-2.555983
-12.482965
-12.433798
-5.272432
-0.944552
-1.912403
-6.032697
1.818895
-8.009924
-4.234558
-1.072460
-5.415680
-5.360097
-2.552041
-10.343513
-5.967368
0.712521
-5.203126
-5.828954
-4.687351
-2.732462
-2.162809
-7.336679
-1.506496
-6.156245
-5.229722
-12.030327
-4.611773
-6.772554
-9.751742
0.221300
-7.893876
-2.207695
-11.650982
-4.365628
-3.672960
-13.744541
-4.453155
-6.170760
-9.918706
-2.635623
-0.945699
-5.388640
-9.869452
-7.252883
3.517149
-4.475229
-2.199803
-14.571012
-0.432278
-9.010854
-5.053089
3.029591
-6.647181
-9.320492
-3.570188
-0.060042
-2.352547
-11.174470
-11.421991
-1.194078
-0.770594
-6.705352
-6.892274
-1.881823
-5.444755
-0.240438
-6.737776
-5.009917
-3.700235
5.003649
-1.692152
-4.285669
0.345041
-3.594837
-8.032013
-5.181545
-4.949031
2.788162
-6.759554
3.729234
-7.513918
-4.383205
-2.483664
-10.529535
-8.845893
-6.298612
-1.931148
-6.706166
-3.277128
-7.762698
-7.959803
-2.072588
-4.687562
-4.007479
-8.747499
-5.036244
-9.990966
-11.307493
1.954959
-7.503491
4.317598
-2.511668
0.860142
-4.439592
-2.923812
2.604480
-11.340539
-5.446655
-2.235241
-9.609215
-3.607141
-8.449112
-1.098928
-6.601181
-5.451897
-2.038904
-13.984489
-10.466589
-7.421490
-8.822687
-1.702548
-1.402537
-6.898701
2.147557
-6.979099
-0.683296
2.023882
0.752512
-9.959434
-7.926338
-3.180942
-5.187124
-11.837170
-3.767488
-9.296557
-6.622493
-4.469053
-2.266713
-12.578173
2.772863
4.280413
1.905286
-1.623011
-6.020159
2.064427
-5.148977
-1.079379
-1.213589
-8.359238
-13.738054
-3.061732
-3.186738
-12.553846
-9.000696
-7.733865
-3.323160
-10.717994
-3.981562
-4.056751
-3.421152
-10.825110
-4.690522
-3.337134
-4.319272
0.701093
0.989844
-1.740049
-7.512067
-5.290802
-2.149695
-1.749093
-11.493073
-4.942780
-3.298476
-1.800081
-9.867434
-2.832392
-3.580324
-5.285587
-3.478640
-5.764268
-0.313000
-8.783848
-0.677576
-6.856913
-7.841842
-4.256728
-8.458928
-13.174628
-5.533948
-0.402768
-1.709294
-2.217074
-17.224344
-3.537736
-3.133481
-3.223477
-8.628407
-2.797185
-11.828300
0.234637
-4.203388
2.709872
-1.848036
-11.500817
-9.500295
1.835378
-0.610562
-6.920007
-8.036712
0.647402
-6.539695
-2.168582
-0.849259
-3.847714
-2.686957
-5.776792
-5.860828
-1.420670
-1.827017
-6.808156
-14.073417
-3.706365
-8.678287
-7.266186
-7.475571
-5.430937
-6.346596
-2.586734
-3.822095
1.547731
-0.310421
-11.059718
-8.978831
-2.005838
-6.387973
-12.055269
0.074930
-8.492332
-7.037401
-5.572960
-0.303958
1.119632
-2.141940
-11.681524
-0.577775
-4.546914
-1.386815
-6.546968
-4.224821
-8.562675
-13.556583
-1.678419
-10.506554
0.299054
-2.439983
1.044245
-7.317897
-2.839686
-10.526717
-5.441972
0.936980
-13.041926
-6.341527
-4.197288
-4.834903
-1.700436
-4.173216
-0.331513
-2.214785
-5.621011
-3.854334
-2.966402
0.803358
-5.011940
-0.412207
-4.345616
-3.715674
-1.060240
-13.168554
-3.515637
-0.416111
-3.556117
-9.431498
-8.199511
-3.673272
0.743332
3.964965
-4.425663
-11.300428
-11.043197
-12.030035
-0.451201
-2.243831
-1.633836
-5.084541
-0.190204
-10.221408
-6.268960
-0.401353
-11.412903
-1.518327
-4.565508
-0.711766
-1.970356
0.411427
-5.178509
-8.433826
-0.718142
-10.666559
-8.466917
-10.018191
-4.925459
-5.761730
1.666248
-8.838589
1.894028
0.706654
-1.330797
-3.453343
-7.858831
-6.839053
-5.512706
-9.489899
-7.565090
-9.488829
-10.622894
-0.900672
-11.364854
3.965126
-7.670645
-9.011369
-5.671315
-9.571740
-5.430177
-11.976314
-9.551820
2.461050
4.371899
-0.275801
-14.409635
-5.398359
-2.870828
-9.324657
-3.991422
-9.540757
-4.317472
-7.909884
-6.085423
-3.533864
-3.179979
2.858139
-2.476648
-0.558325
-5.215758
2.110439
-9.807554
-7.368901
-4.052082
-6.128385
3.303131
-1.260247
1.741939
-4.438203
-6.849500
-5.657198
-8.677811
-11.880901
-2.900038
-12.669029
-2.200021
-4.716500
-3.017829
0.134191
-8.924411
-8.270279
1.063193
0.330626
1.266886
-5.045792
-8.842239
-5.285318
-6.370690
-6.820116
-3.833155
-9.340384
-6.260678
-11.102251
-12.491915
-8.235568
-6.312278
-2.663920
1.482570
-12.535048
0.492820
-4.250761
-7.434659
-11.199118
-1.102712
-4.205531
-3.672644
-0.452318
-4.680873
5.175356
-11.680228
-8.704902
1.186995
-4.623703
1.390079
-1.832949
-5.249799
-2.895083
-0.812317
1.816288
-5.886798
-5.418508
-1.434565
2.015953
-11.280067
-3.546216
-7.606488
1.022538
-0.105148
-1.555617
1.444502
-0.208102
-4.480235
-4.658904
-1.954585
-9.157969
-0.211242
-11.868293
-7.737588
-1.112562
-3.702069
-4.393958
0.052284
-6.720015
2.759362
2.742160
-0.306582
-10.863777
-8.008993
-9.361528
-11.287752
-6.059910
-8.387454
-10.162010
-2.931490
-11.379867
-3.710129
-2.809042
-9.262794
-1.347604
-7.603391
-8.136341
-11.929950
-2.375179
-7.205824
-4.142143
2.351106
-6.518675
-3.656224
-3.765749
-3.294869
-10.776795
0.927465
-2.028713
-9.280682
-8.204967
-8.440366
-6.776888
-5.593120
-1.832373
-1.423715
-5.058869
-6.685214
2.072623
-5.406273
2.247478
-5.756522
-11.497565
-6.938449
-9.717659
-3.690991
-0.940112
0.311416
-8.833995
-4.104535
-9.237349
-0.865769
-3.414353
-7.927823
-7.243622
-4.451209
-5.418953
-11.686226
-10.052708
-6.859731
-2.152076
-7.123603
-2.986883
1.245866
-11.581066
-11.554833
-4.559726
3.438248
0.360529
-5.893699
-2.290885
1.045238
-6.517649
-4.025703
-7.708279
-2.554284
-7.844197
-1.013071
-9.020982
-7.846459
-7.931973
-5.828238
-6.841595
-11.252531
-4.761022
-0.477460
-0.719533
-5.352182
-5.477359
-10.182579
-10.729027
-9.947943
-5.866524
-1.554260
-3.821590
-5.894629
-5.345527
3.754234
-5.841938
-2.871141
-11.071260
-12.066917
-6.746768
-2.948842
-6.023470
-9.376980
-4.405656
-8.471224
-4.526974
-6.682716
0.467447
-3.823481
-6.362569
-1.704240
-3.615560
-5.208021
-2.015063
-4.049123
-12.146030
1.670722
-4.722794
-8.940995
-8.891329
-1.200648
-4.030785
-8.513372
-10.377533
-8.138331
-2.629798
-13.604260
-11.927443
-10.074590
-13.036171
-13.178123
-3.177725
-5.431719
1.609068
-3.498879
-3.558583
-5.198903
-6.511787
-1.165207
-8.033193
-4.895043
-4.361273
-7.878479
1.484588
-5.346058
-11.499265
-2.924668
-0.272862
-1.121246
-0.957950
-5.808770
-1.281157
2.612776
-9.499364
-11.060469
-6.876005
-3.131873
-1.961407
-3.352012
3.049887
1.906174
0.959129
-2.587199
-1.143564
-7.826661
-2.490284
-8.052929
-4.282272
-3.337678
-4.380755
-7.133016
0.879976
-6.262053
0.272917
-6.069711
-9.457110
-7.365300
-9.363853
-5.582675
-1.071527
-10.067403
-10.986744
-5.767930
-6.804543
-8.972168
-7.886976
-2.630782
-7.363543
-8.173721
-6.304411
-1.005515
-0.960454
-13.774752
-5.723705
-4.359362
-4.981229
-7.544671
-3.633644
-5.190624
-5.737385
-4.886890
-4.414673
-1.571111
-2.778363
1.334489
-4.392099
-6.546887
-4.157754
-8.984605
-6.173905
1.558401
0.186243
5.191758
-12.584177
-13.660026
-8.669915
-10.788735
0.304941
-3.878000
-2.772902
-4.615973
-5.063254
-3.252478
-7.044151
-4.565563
-3.873913
-10.993286
-4.940713
-1.738014
-6.473596
1.259644
-5.028859
-8.285966
5.951339
-3.222049
-3.855164
-4.616525
-5.157130
-3.202669
-10.908442
0.350159
-2.820354
-2.570646
-13.669309
-8.425720
0.131351
-0.401415
-5.452371
-8.389197
-7.620508
-0.832284
-6.929526
-8.999259
-8.976934
-2.925768
-5.805949
-4.438453
3.781016
-2.329862
-11.513284
-5.245602
-6.558622
-8.010782
-4.057635
1.819050
-3.402891
-6.527746
-8.361239
3.694364
-13.126476
1.480816
-1.281072
-6.913116
-14.442725
-4.677570
-6.133617
-10.096049
-2.738816
-4.273584
-4.247097
5.404027
-10.047190
-0.354145
-1.589268
-7.248555
-7.955570
-6.492497
-1.348383
-1.196456
-6.797274
-10.095589
-1.091015
-8.388309
-5.774546
-14.960890
-2.606480
-8.751387
-10.680154
-11.854201
-6.066031
-1.068966
-9.550847
-4.689301
2.041049
-3.594122
-7.608492
-7.841645
2.546951
0.349558
-3.525097
-6.674780
-10.760145
-1.511489
-0.076933
-3.170547
-3.010599
-11.639888
4.446587
0.413604
-2.783028
-6.816865
-10.008875
-7.933809
-5.153454
-3.631592
-9.733027
-2.583617
-2.095967
-8.466909
-4.364182
-9.828016
-12.620013
-7.229527
-1.704829
-1.132767
0.781440
-2.678273
-9.995832
-0.614292
-2.647019
-8.525478
-2.021591
-7.816566
-11.322400
-0.229423
-5.625228
-12.359129
-6.966313
0.954867
-5.222663
-4.492941
-2.923201
-12.163654
-11.484873
-2.151844
-7.992460
-11.747663
-6.674149
-7.017558
-9.829258
-9.119757
-7.723826
-4.142199
3.877681
-12.835737
-6.042015
-3.530438
-10.478437
-2.609303
-2.137356
1.229345
-4.564873
-8.762687
-11.093148
-3.817835
-7.158948
-5.346936
-4.946481
-5.279072
-4.902478
-7.459045
2.022185
-1.562695
-5.022665
-1.013617
-1.741920
-2.295863
-5.424367
-0.008896
-2.173470
-0.309263
-7.040803
-0.638635
-10.094496
-0.342770
-2.604703
-2.097935
1.330788
-2.498521
-6.118258
2.029349
-14.708843
-10.423946
-7.307533
-8.393329
2.170498
-7.244604
0.049901
3.128401
-2.764252
-5.588445
-3.661035
-4.107346
0.078315
-5.302922
-4.435135
-7.855144
-3.305569
-10.254420
-6.042769
-3.801885
-10.209062
2.064651
-9.939610
-6.173780
-2.215760
-2.279762
-8.342000
-6.520884
-1.185184
-5.316186
-4.662611
1.481604
-2.799525
-5.582294
-6.043724
-6.382929
-10.427472
-2.929986
-11.314592
-2.544193
-0.273792
-3.056330
-6.192548
-8.468459
-2.579301
-4.714149
-0.944402
-0.586012
-10.601112
-4.411428
-4.165236
-2.763179
-4.008240
-8.457798
-9.336330
-9.121722
-3.855402
-8.991413
1.665135
-9.196600
-6.003393
4.929364
-7.798612
0.701806
-2.983203
-8.162914
-2.621604
-1.616648
-2.791611
-11.059124
2.000991
-9.168998
-3.880972
-7.367567
-5.212402
1.314176
-1.397310
-10.597129
-7.942903
-7.669851
0.000499
-4.874063
-2.226223
-4.579912
-5.959772
-9.017997
-6.348676
-7.258512
-6.509442
-1.783614
-6.879146
-5.199914
1.133703
-11.412738
-10.823881
-9.084900
-11.878307
2.103801
-2.027011
-5.640503
1.624292
0.964835
-5.463423
-1.646743
-2.539876
-2.525373
-0.027973
2.183410
-9.422829
-10.804932
3.372840
-3.286273
-0.466366
-1.576633
-11.115723
-6.469713
-2.859983
-3.828070
-1.713439
-5.353332
-8.276033
-3.583286
-7.072546
-4.451816
0.053301
-8.109679
0.386078
-8.143515
-1.047654
-3.434852
-2.709124
-9.400762
-15.944354
-1.000732
-1.907822
-4.510637
-5.559111
-2.860758
-7.659052
-11.753333
2.037483
-10.166191
-8.641171
-1.387024
-8.116881
-1.905618
-11.285119
-10.751848
-5.833706
2.696844
-1.751853
-1.017723
-9.995111
-6.569653
-7.652285
0.714886
-9.130761
-4.532931
-0.847004
-5.166030
-8.491117
-6.998496
-5.741553
-4.701605
-4.734357
-7.322017
-3.091495
-0.874240
-11.952738
-4.546348
-0.227675
-5.120940
-3.270096
-8.224487
-9.887928
-3.127249
-8.588037
-5.140932
-8.935652
-9.782535
-1.168970
-6.476345
1.302543
-6.834850
-7.573356
-5.115047
-4.633083
-2.478434
-4.918811
-8.475590
-11.093869
-11.776791
-3.370459
-5.976771
-8.719507
-2.257936
1.529107
-2.904292
-3.100851
-5.738376
-4.750473
-3.859217
-10.968802
-5.547569
-8.167722
-5.674770
0.324280
-0.988483
-3.223057
-5.172235
2.353155
-8.735537
-3.075923
-0.129021
-5.538850
1.035154
-9.538218
-2.199034
-7.273082
-3.792528
-5.713082
-8.167554
-3.823379
-1.449307
-3.686011
-11.837388
-2.716473
-5.691089
-8.057823
-9.796938
-8.786227
-1.144894
-5.611349
-7.003853
-10.068970
-4.096691
-3.235856
1.675526
-3.904258
-6.752538
-4.801460
-7.190910
-7.045224
-1.312504
0.792674
-0.458488
1.721921
-5.319279
-9.475574
0.100532
0.658786
-9.607533
-1.259738
-5.637665
2.696692
-3.487029
-3.867536
-1.507367
-2.047941
-7.914264
0.117757
-1.250169
-5.430455
-1.770859
-7.527864
1.952052
-12.184951
-0.970557
-12.786029
-1.763793
-5.443959
-2.008200
-1.986410
-5.184467
-6.212428
-3.773452
-2.365314
-7.059796
-2.263530
-1.401324
-2.984607
-9.368754
-7.658175
-6.987446
-4.289523
-5.545575
-4.931913
-12.252258
-11.062619
-6.069481
-13.932349
0.061875
-2.928025
-0.143588
-8.411493
-2.812114
0.973652
2.453874
-8.895017
-4.502537
-0.685687
-3.772084
-1.686442
-1.664186
-4.847325
-4.247291
-4.143596
-10.734424
-0.506285
-14.068614
-10.910143
-2.655187
0.988677
-3.397009
-5.040805
-1.479368
1.772903
-6.177176
-12.935570
-7.177534
-5.864310
-6.052360
-13.706242
-2.217749
-4.119166
-0.641061
-8.260389
-7.275167
-10.293381
0.252228
-6.049023
-5.069848
-14.132504
-4.980053
-0.510561
-0.387329
-4.167020
-10.155021
-4.158273
0.117654
-4.374677
-2.647007
-3.378306
-7.739976
-10.016784
-6.390501
0.900815
-1.094795
-3.931467
-7.049043
-3.514141
-4.792187
-8.271159
-4.706568
-11.333125
-6.862738
-5.607656
-6.584935
-1.704281
-10.799803
-4.557187
-0.132022
-3.629859
-3.577313
-8.874946
-0.441909
-3.499158
-3.966716
-8.255435
-11.002630
2.576433
-11.407548
-10.178958
-4.832528
-5.558741
-0.317393
-8.633803
-10.153600
-8.469218
-8.904696
-4.315748
-6.153027
-11.687049
-4.647648
-4.224862
-5.802765
-4.831843
-2.011449
-5.668166
-3.122007
-13.377404
-2.150671
-2.435617
-2.458457
-5.782146
-4.090126
-8.123002
-10.710139
-12.580194
0.456582
-2.087214
-5.556289
-10.532535
-8.439485
-2.235659
-10.469672
-9.724296
-7.611924
-7.354142
-7.529913
-5.072823
-0.398876
-4.470459
-8.148403
-2.926942
-12.930027
-4.316955
-6.768315
-9.644064
-10.696512
-5.012145
-4.071351
0.270781
-5.568644
-8.982611
0.617691
-4.476624
-0.933933
-11.166724
5.314150
0.709162
-8.244627
-0.346314
1.941131
-6.017619
-5.233018
-6.227020
-8.438726
3.877477
-1.780002
0.012750
-6.806518
-4.266938
-8.568236
-12.078046
-4.024176
-10.092334
-0.420282
-13.994084
-7.917933
1.057760
-8.911099
-4.661294
-2.994607
1.955067
-8.570135
-4.500139
-7.242163
-2.697726
-8.376853
-3.649587
0.970557
-9.863889
-2.510035
-0.978813
-1.736945
-1.515524
-1.542822
4.377006
-9.828847
-2.218806
-10.098068
-6.420086
-3.142564
-4.148205
-9.791469
-9.275037
-9.833929
-1.380790
-3.891743
-1.108173
-3.386283
-6.640159
-6.295607
-0.893798
-8.070006
-6.807852
-8.679516
-5.737940
-3.880662
-2.006326
-2.071996
2.567993
-7.484192
-14.791763
-4.074138
-3.367667
-8.976892
-7.934590
0.472901
-5.788392
-11.078012
1.817553
-8.007224
3.678491
-6.196074
-7.750120
-11.993907
-8.826933
-7.512231
-3.183563
-5.613162
-1.839184
-9.195879
-1.822182
-0.255576
-8.928962
0.829252
-3.731619
-3.808954
2.072594
-6.665609
-1.853383
1.142549
-2.600773
1.037920
-5.949218
-5.253561
-3.579113
-8.293068
0.031174
-1.750726
-6.237573
-0.331483
-8.719594
-2.690485
-2.686856
-2.372018
-7.501212
-3.571650
-6.729680
-11.927875
-2.610294
-3.284187
1.841867
3.906906
-2.732444
-7.019083
-6.570489
-2.490357
-1.927277
-9.092474
-5.477632
-2.655242
1.159371
-3.780604
-2.600352
-0.698057
-10.251054
-8.462583
-10.105564
-11.747472
3.044179
-10.344081
-4.530051
-4.760979
-8.264818
1.699624
-7.895570
-8.380436
-6.633411
-5.266536
-8.938795
2.432316
-6.837860
-2.918387
-0.883983
-9.679062
-0.738899
-7.434439
-6.427751
-6.412301
-8.473017
-5.777965
-10.874439
-6.593447
-5.057906
1.353525
0.945046
-6.131142
2.070450
-6.742838
-3.816637
-5.002845
-8.278873
-7.382197
-0.742442
-3.977273
-7.517488
-6.394713
-5.482606
-5.095551
-2.766182
-1.041424
-3.093185
-0.465960
-6.060822
2.239519
-4.202759
-5.768490
-8.386181
-2.629507
-2.392102
-4.086682
-9.934650
-12.531576
-4.544688
-2.731113
-7.713627
-1.696302
-9.372750
-11.402134
-7.277882
-9.509363
-2.654927
-3.690023
-2.052289
-3.408025
-0.975690
-2.674983
-1.654856
-14.724220
-12.431456
3.927579
-1.750176
-3.857574
-11.030807
-1.633880
-4.784767
-11.184542
-1.620062
-9.405301
-4.346432
-10.470898
-5.402265
-2.991303
-3.008941
-7.367238
-5.215486
-8.144275
1.696130
-9.781674
-7.900715
-10.861182
-11.492551
-5.416499
-7.073586
-5.079782
0.982327
-3.540273
-11.867336
-10.038922
-8.348308
-2.344176
-8.944746
-5.680125
-3.903046
-10.908363
-5.620611
-1.384599
-7.946507
-3.569846
-2.555905
-5.774115
-8.728669
-6.132127
-7.761546
-2.957239
-8.068988
0.521690
-4.247286
-0.192457
-7.746728
-1.375109
-9.000093
-1.593828
-4.741295
-6.789346
-0.994031
-13.300950
-8.854719
-9.652378
-4.579894
-4.506945
-9.766967
-2.564566
3.041090
-8.864777
-8.351611
-6.251139
-0.185744
-3.978093
3.471003
-6.322996
-4.271488
-12.483577
-0.676431
-6.669383
-10.998746
2.583978
-0.465523
-4.318645
-3.294926
-7.382743
-10.470367
-3.975242
1.178305
-5.448310
-4.380475
-2.256819
-12.475603
1.455617
3.314433
-2.277062
-7.121603
-10.058393
-1.379199
-7.899398
-3.203764
-1.394863
-2.315674
-8.821268
-10.270060
-3.007477
-10.434194
-5.511824
-0.657205
-3.421383
-3.707252
-4.275260
-8.837597
0.841279
-9.315818
-6.855635
-2.470710
-7.013333
-8.927108
-6.123091
-1.496008
-2.803592
-2.889121
-4.568650
-9.017056
-3.601926
-5.898500
-8.077245
5.967787
-11.818913
-13.246935
-0.895740
-9.343347
-2.221912
-9.214424
-8.239550
0.406643
-5.018125
-6.941362
-4.573922
-2.224774
-3.201134
-6.292334
-10.732380
-6.643046
-9.409712
-8.282327
0.875793
-5.720923
-0.333927
-2.347261
-1.312133
-8.157926
-6.374804
-9.790255
-4.850886
-8.256893
-10.632090
-13.684068
-8.245812
-1.016700
1.653106
-3.500330
-8.497650
-1.142500
-4.354953
-9.054480
3.040197
-6.069713
-7.405739
0.271730
-1.794964
1.599611
-11.627526
-10.408270
-4.290390
-4.720137
-11.221507
-9.757726
-6.006582
-10.020926
-1.794602
0.390773
-0.943506
-0.415847
-1.347666
-2.452749
-10.126862
-7.400197
-13.575537
2.726062
-3.180068
-3.364939
-6.542687
-5.706969
2.304513
-6.691014
-5.465387
-12.046542
-8.463191
0.852036
-4.921816
-5.725733
-7.994901
-7.433570
-9.174647
-9.193248
-7.338627
-7.681783
-8.330623
-13.339762
-0.635562
-7.212269
-4.808538
-6.217945
-1.583455
-5.533947
-8.293023
-4.492619
-6.195875
0.548124
-2.251653
-1.893501
-1.137390
1.533666
-9.186936
-9.680769
-0.815372
-4.028326
-0.307574
-4.835304
-0.517810
-11.114390
2.640056
-1.150851
-9.574031
3.423858
-1.431762
-7.530380
-0.865107
-5.872681
-2.545703
-13.249799
-0.059108
-1.346329
-7.332011
-4.326843
-1.459560
-1.955755
-8.742676
-5.325865
-0.687392
-3.681221
-2.082244
-6.881874
-7.047899
-3.459102
-2.108522
2.796019
-10.098195
-3.280757
-4.481799
0.475128
-12.244866
-0.245739
5.695299
-0.798922
-2.289039
-7.187011
-6.056083
1.086134
-3.152134
1.177604
2.087928
3.777170
3.406685
-6.887024
-12.005543
-0.466238
-13.015347
-5.870442
-5.243978
-5.490228
-10.785512
-5.343143
-2.488464
-7.325484
-7.536389
-2.920243
-2.615853
-0.381174
-5.553248
-2.114866
-10.470382
-3.619210
-10.064296
-3.937991
-6.473530
1.384126
1.942370
-2.413702
-0.200643
-3.693663
1.024115
-1.178177
-2.614994
-1.102997
-10.060720
-0.596781
-9.935969
-1.429825
-4.735463
-5.802982
-6.411349
-5.237417
-3.524394
-9.118542
-5.962131
-3.670577
-1.352588
-2.315937
-4.188740
-4.145180
-3.622267
-2.746167
-2.858083
-10.179330
-4.499244
-7.261397
-4.711472
-1.805436
-6.834682
-11.130276
-9.317844
-2.978216
-4.160018
-6.815873
3.035108
-10.117384
1.655174
-12.945547
1.045156
-1.566708
2.610627
-5.858499
-3.445446
-1.149442
1.843326
-11.782729
-7.172088
-3.793488
-6.185281
-7.436037
-5.943955
2.530534
-3.169176
-9.066273
-4.078712
-4.124849
1.053189
-0.270305
-9.475535
-7.611312
-10.964743
-12.640779
-2.857993
-3.369750
-3.335240
-7.445346
-4.206199
-0.080598
-6.555733
-6.029177
-2.518552
-10.547818
-8.365181
-4.074173
-4.327087
-4.195383
-5.747023
5.604068
-2.547503
-3.132114
-5.143115
1.453425
-8.345819
-3.823508
-6.366627
-6.613158
-8.195712
1.467911
-6.598881
-8.704189
-6.241288
-11.703279
-2.405013
-4.760015
-5.299123
-4.103723
-3.584862
-9.207938
-4.201779
-3.486081
-2.934262
-6.203512
-0.557554
-6.771338
-0.771000
1.868157
-3.135763
-2.455135
-3.443283
-7.573487
-0.033827
-6.537265
-10.635806
1.359644
-1.184231
-11.678585
-3.270657
0.684684
-14.223793
-7.670895
-6.060273
-5.062871
-8.281671
-5.876468
-6.731670
-4.318960
-5.700101
-9.136499
-6.914971
-10.556129
-0.937980
-3.005757
0.983434
-3.510367
-6.880489
-4.875159
-12.319902
-3.839229
-5.186613
0.734100
-1.201097
-4.033878
-3.620049
-4.809381
-8.762774
-7.146490
-0.112837
-5.010688
-11.265281
-5.035264
-10.521063
-2.421672
-16.625633
-4.887075
-0.988780
-3.539008
6.962569
-2.142331
-1.233661
-4.311507
-4.917006
-9.332969
-5.055303
-3.506166
-3.289940
-2.549228
-11.097469
-5.457440
-5.920470
-2.330459
-4.625850
3.157986
-4.490727
-8.702424
-2.583293
-8.937970
-2.403287
-9.168423
-10.609005
-4.873871
6.522201
-9.517323
-4.912688
-1.589713
2.775197
-2.301039
-4.368984
-6.060003
0.550728
-3.327560
-8.108450
-5.629829
-0.048984
-11.065045
-11.206710
-3.948036
-2.245446
-7.631454
-4.910634
1.808868
-7.314477
-7.729239
-8.818524
-10.076546
-5.783605
-3.161841
-11.002006
-0.368237
-6.390853
-3.652623
-8.512624
-9.120139
-3.017774
-3.254498
-5.765630
-5.745997
-1.972932
-9.143100
-10.583446
-9.132178
2.079249
-2.678423
-3.897376
-5.658750
-9.564523
-8.030520
-11.535632
-9.426769
-2.433932
-0.075760
-6.212165
-10.434642
-7.658113
3.956456
-8.660907
-3.894560
-2.441079
-3.424464
-0.858169
2.695449
-8.357046
-10.598188
-7.109438
-2.406032
-0.692255
-6.199373
-3.000630
-10.173634
0.321126
-9.132786
-5.033269
1.377068
0.397694
-6.364694
-5.298728
-8.325474
-9.620074
6.140210
-2.299597
-8.194937
-8.280077
1.589275
-1.219720
-0.664788
-0.562314
-3.774333
-2.771309
-8.061966
-3.146069
-0.853195
-8.146767
0.551636
-9.261860
-8.149002
-2.046385
-8.719145
-8.175270
2.977657
-6.798998
-8.193012
-1.758276
-7.557579
-3.914081
-4.734235
-6.766867
-8.158215
-6.216438
-4.086613
1.448903
-3.433206
-0.077193
-3.874447
-3.594677
-2.961086
-7.793524
-10.835012
-5.926805
-8.386591
-8.853629
-9.029840
-6.967714
-6.622811
3.792025
-8.413148
-3.334120
-3.652459
-2.896222
-4.772680
-2.248969
-10.452036
-0.990687
3.270352
-11.365072
-11.337858
-6.108558
-9.985765
-3.689534
-7.711793
-2.230351
-5.365696
-7.300870
-7.262917
-2.279489
0.130635
-14.882812
-7.917404
-4.740158
0.423572
-3.125293
-1.257313
1.880080
-11.304869
-9.041515
-10.537752
-4.177527
-7.908989
-1.817753
-9.442727
0.532398
-1.224895
-1.448641
-4.753816
-4.590568
-8.398024
-3.055311
-7.472753
-0.640484
-11.364148
-6.344270
-1.863210
-3.073886
-8.625933
-1.875635
-12.145404
2.429930
-2.962606
-0.520196
-6.358375
-0.509818
-6.067870
-4.921376
-2.746621
-4.688139
-7.263988
-0.348073
-4.604262
-2.741269
-10.220629
-3.268478
-11.410425
-7.850915
-4.759377
-3.010402
-8.296764
-10.085509
-4.457104
-6.177060
-3.306460
-3.745407
-5.423224
-10.081655
2.505098
-0.779425
-4.728062
-8.368604
-3.672675
-9.192236
-4.786882
-3.380719
1.471702
-4.084041
-5.294711
-0.319438
-9.439262
-1.546078
-6.668974
-4.264407
-7.901500
-9.374640
-10.935031
-3.863181
0.508019
-2.573189
-7.734992
-7.667717
-6.972842
-8.729853
-4.452593
-0.302507
-0.426169
-2.455451
-0.366191
-0.425479
-9.721716
-3.721067
0.166825
-4.259003
1.585368
-1.639190
-2.149095
-13.901926
-11.708968
-8.222098
-9.611337
-3.541413
-7.207990
-1.158184
2.191841
-9.264832
-6.770105
0.201228
-2.905370
-3.053696
-9.899644
-5.676404
-11.895864
-12.580913
2.905101
-4.540166
-2.194562
-1.347378
-6.630137
-7.984673
-7.018538
-6.788160
-3.244392
2.189937
-4.839039
-6.857914
-8.165952
-4.625117
-1.469976
-12.080688
-7.736375
-6.231477
0.281486
-8.983032
-0.501859
-5.393300
-7.999832
-8.324281
-3.130170
7.933563
-8.625246
-3.098523
-1.245075
0.417990
-2.057316
-3.386563
1.517853
-7.445484
2.867679
-0.988536
-0.969683
-0.970905
-9.306902
-4.544172
-7.542127
-0.456701
-10.555098
-1.026847
2.684499
0.056664
-3.129555
-3.479743
-11.638256
-1.266800
-9.501385
2.917218
-7.577177
-2.747224
-11.843450
-3.913028
-1.303748
-11.581230
-3.767806
-5.422814
-7.418059
-2.859313
-7.980342
0.092498
-5.912341
-10.966694
-7.310460
-10.365969
-6.967716
6.226962
-6.719931
1.565232
-4.149839
-2.162079
-4.068985
-12.426624
-5.676278
-1.915970
-3.405011
-2.960277
-1.987281
-3.747101
-1.841027
-1.280770
-5.618308
1.861411
0.115558
-2.962377
-9.662635
-6.174558
-9.475288
-6.360704
-7.071819
-9.310346
-5.571018
-3.138942
-2.517686
-7.530984
-4.443183
6.282041
-10.237393
-0.242466
-4.353915
-3.143347
-5.106825
-3.733718
-3.376968
-6.307627
-3.171211
3.176560
-6.301263
-9.952760
3.544609
-8.599867
-2.255972
-9.600932
-6.115940
-10.471198
-7.811665
3.490581
-5.605391
-4.347736
-9.604363
-2.068053
-9.960155
-1.016038
-1.488941
-10.703058
-9.874835
-12.812077
-8.825252
-9.717949
-5.935579
-8.825227
-7.141097
3.665226
2.227878
-5.038158
3.812182
1.441572
-3.534758
-4.213896
4.047098
-7.001279
-4.239583
-5.174603
-5.144770
-8.136800
-0.927387
-5.941572
0.749568
-3.075305
-2.128249
-8.224318
-4.973861
-1.098876
-4.794210
-3.856746
-6.325051
-11.534597
-7.413947
-9.502178
-2.297861
8.087439
-5.514310
-2.148827
-9.337811
-9.544360
-5.910297
-3.150302
-5.728619
-7.207276
-2.282504
-4.911578
-4.338032
-5.655407
-4.115324
-2.519950
-6.729239
0.167740
-2.501937
-5.780657
-10.304111
-5.270563
-3.443397
-8.400771
-0.962174
-7.596598
-1.747227
-9.336459
-2.892318
-4.593780
-1.222030
5.751032
-2.332104
-3.781978
-10.740588
-5.236968
-8.578732
-5.739890
-4.530118
-3.509264
-11.282503
-0.756092
-8.016596
-10.020459
-0.989799
-3.845949
-8.337933
-5.753169
0.158976
2.617957
-0.499889
5.698343
-2.398908
-1.892279
-3.598646
-7.466102
-1.108588
-0.134062
2.905181
-6.824198
-7.805254
-11.236633
-6.538222
-6.391571
-7.828671
2.430024
-3.054723
-8.515959
-1.681453
-3.412731
-7.322323
-9.037014
-1.791294
-10.370144
1.959980
-4.959566
-9.539564
-7.112852
-1.720725
-2.893309
-3.090479
2.327280
5.127348
0.702653
-5.410372
-11.544807
-4.282514
-4.058585
-11.324176
-5.566527
-4.584032
0.402596
-4.079695
-7.644238
-12.534380
-0.001001
-6.469137
-3.089209
-4.567327
-11.158077
-0.792673
-9.241341
1.009784
-2.290649
-3.787340
-4.156868
-0.124792
-6.162305
-12.781723
-1.871863
-11.198944
-1.211254
-3.896035
-1.043364
-4.351306
-9.425731
-4.121643
0.610620
-4.915587
-8.217024
-7.376302
-4.445629
-11.987003
-4.064470
-5.461802
-5.137714
-9.028216
-0.638864
-4.411797
-12.609447
-8.896940
-3.799855
-10.239191
-4.078682
-9.711404
-3.610447
-7.774286
-7.424148
-10.510813
-7.433647
-5.169221
-6.774680
-2.567787
-8.180182
-1.066086
-12.614376
-12.241392
-7.608887
-6.534969
1.410117
3.207599
-8.139153
-12.698017
-7.031366
-2.753584
-5.151417
-7.278655
-0.418526
-0.822820
-1.173422
-4.071609
-0.499326
-1.843513
-9.012571
-3.801377
-3.388197
-1.287275
0.535840
-2.633623
1.054480
-3.607251
-3.964356
-15.254618
-4.525169
-4.054097
-6.598835
-8.617518
-6.216720
-7.251073
-10.655729
-0.141446
-5.222822
-7.233017
-3.926641
-11.229235
-4.018307
-3.303333
0.085022
-4.630461
-6.542527
-4.093176
-7.492679
1.483908
-0.749916
-0.176025
-3.495962
-1.578127
-1.286264
-9.450591
-8.140924
-5.426414
-6.140563
-8.225052
-9.857006
-9.428966
-1.448076
-3.739665
-3.999132
-3.977164
-5.521677
-8.645570
-3.386166
-4.988655
-9.304755
-7.332757
-3.871685
-2.574769
-0.828555
-1.889928
-6.399574
-11.332787
-2.575707
-9.697517
-9.029836
-8.373010
-1.670883
-1.811952
-2.543151
-6.087503
-7.563920
0.758047
1.505846
-4.636500
-7.522068
-3.472212
-8.567006
2.641072
-4.242137
-4.273289
-7.790364
-4.891179
0.517583
-4.505352
1.832055
0.479681
2.043597
-3.919468
-1.973663
-0.947876
-7.360474
-5.807229
-3.308740
-7.327833
-1.949874
-6.964890
-6.554508
-2.357065
-0.565655
-4.564936
-10.116606
-5.030130
-0.514539
-6.918132
-7.269368
-8.934815
-2.761465
-11.293770
-3.547444
-2.449516
0.364172
-1.911660
-3.055338
-3.283703
-4.895361
-3.795737
-9.155006
0.319471
-5.070343
-4.820159
-3.359837
-8.392817
-3.264509
-8.135750
-1.520829
0.364549
-9.701648
-10.754900
-5.162498
-8.793868
-11.627284
-1.271019
-0.194080
-9.948278
-2.069898
1.401084
-7.469207
-5.847239
-11.065902
-4.818855
-4.107800
-5.384820
-5.674963
-3.513670
-9.752786
-6.500366
1.457404
-3.661881
-3.484345
-2.043035
-1.603204
-5.498424
4.172536
-5.495429
-5.724508
-5.909535
-6.363789
-1.209647
-4.687428
-4.360447
3.117776
-4.917857
-1.144128
1.689731
-11.957490
-10.570539
-4.602323
-5.088130
-0.552863
2.134579
-4.257925
5.960722
-1.762739
-3.805302
-2.109463
2.056389
-13.759445
-6.196797
-8.210560
-3.296900
-10.035948
-5.730899
-8.283417
-1.316108
-13.769790
-2.687512
-9.830146
3.330110
-5.959831
-4.467894
-8.156383
-4.498878
-6.363775
-4.438502
3.701837
-10.023073
-5.776395
-0.448744
-1.873319
3.070226
-2.936130
-6.549544
-8.319801
-0.865505
-5.008327
-11.835941
-0.984120
-4.111127
-1.819407
-7.813563
-1.698691
0.734539
-6.101659
-2.664855
-1.756513
-7.475629
-4.394763
-3.884059
-8.899301
-5.163069
-7.198905
-1.631315
-10.798957
-7.608761
-0.976492
-0.449025
-1.700044
-0.699199
-11.789205
-8.758903
0.717260
-13.282711
-7.849143
-4.206599
-1.166095
-4.686195
-12.591894
-3.157796
-8.954585
-6.850050
-8.429152
-5.810029
-2.762427
1.606056
1.125999
2.300462
-5.005898
-6.341971
-6.526571
-5.467962
-1.846884
0.807602
-3.735569
-6.331074
-8.939026
-12.030961
-11.619514
6.366983
-2.288720
-4.563577
-11.672233
-5.715597
-4.229311
-10.462804
0.409241
-10.148129
-6.474071
-11.591387
-3.287384
2.944386
-8.070351
-8.587592
-7.498097
1.228346
-2.705034
1.011596
-2.465131
-3.854985
-6.748631
1.237229
-1.507487
-11.999004
-6.268141
-6.037353
-4.122180
0.342844
-5.325807
-10.938512
-0.479811
-2.889211
-1.937509
-10.891144
-4.861366
-4.452940
-6.856540
-4.659891
-2.914743
-3.811391
-6.631840
-1.742618
-13.145700
-1.572683
-4.964754
-5.657734
-2.803177
-1.274956
-1.381800
-8.338059
-3.356927
-6.738732
-5.623467
0.922385
-10.876029
-4.147815
-4.221114
-3.423382
-2.250441
-4.454538
-2.644337
-2.167116
-7.646146
1.077827
-9.162309
-4.618481
-11.205522
-4.827511
-5.200796
-9.223778
-6.933200
-8.369963
-7.189172
-7.765612
-10.485286
-6.424245
-6.539032
-3.070657
-2.910405
-7.522216
-4.692932
-2.883776
-1.903753
-3.084664
-1.759193
-2.915460
-6.432345
-4.806519
-10.511352
-3.934610
-3.413127
-10.156119
-5.411639
-3.648896
-3.643579
-5.974113
-3.918932
-3.465375
-3.636775
-2.161178
-9.160715
-2.421021
-9.792529
-0.946816
-7.469570
-5.362247
-6.645572
-12.591797
-5.766179
-11.282953
-4.024299
-4.692416
-1.015030
-1.353044
-0.829463
-4.206951
-8.511079
-7.125496
-8.999631
-7.582482
-8.850434
-8.175077
-6.714156
-2.787813
-8.231236
-3.793322
0.323704
0.447926
-2.532818
-5.002480
-1.977592
-12.797693
3.072094
-5.084275
-1.138103
-1.517026
-7.300097
-5.557065
1.177212
-4.404705
1.352565
-1.262752
-2.932204
-5.920216
-1.737856
-0.590188
2.259089
-3.290203
-7.991411
-9.892608
-9.102974
-6.891931
-12.241839
-10.122707
-4.991731
-6.687024
-5.133750
1.059687
-1.598763
-4.860630
-10.458074
-4.129886
0.415094
-2.969038
-6.111125
-3.757755
-1.158149
-4.703140
-0.486790
0.953364
-8.084286
1.495664
1.295461
-11.287219
-3.164224
-6.827625
0.540406
-8.094048
-3.585379
-0.993236
2.110646
-4.126479
3.699906
-7.952139
-2.700723
-4.695301
-5.299601
-8.489583
-2.953319
-7.175510
-3.418872
-7.845676
-9.653292
1.096410
-11.292663
-3.416994
1.217210
-6.681008
-9.003008
1.949408
-4.076550
-3.631725
-2.138066
1.391195
-8.249495
-2.910332
-9.890557
-7.526800
-1.598925
-5.026876
-6.012054
-14.067781
-11.134628
-7.943600
-10.735861
-2.083932
-3.611609
0.497385
-3.333779
-8.845147
-5.761708
-8.901026
-8.179046
-7.107028
-7.213145
-0.480285
-2.597656
2.029904
-8.117893
-6.625495
2.383388
-4.657043
-3.063623
-8.129548
-8.336775
-7.002394
-6.531743
-7.147234
-4.754817
-9.255109
-6.896688
-6.606133
-9.394217
-1.728454
0.184336
-1.286358
-6.159810
-11.673038
2.586324
-0.666433
-0.673954
0.628194
-7.046217
-6.745564
-3.652675
-6.932372
-4.764537
-4.983998
1.341968
-4.501442
-4.589989
-6.908084
-7.926820
-2.470342
-9.852258
-6.645521
-7.082790
-4.580861
-2.068913
-7.257170
-1.725582
-7.193355
-3.502880
1.292498
-6.157911
-2.588658
-6.512076
-0.583533
-0.706514
1.565750
-1.203883
-5.678268
-10.337399
-5.786234
2.553183
-9.458450
-4.416926
-5.085064
-7.903847
-11.184237
-7.794567
-4.363615
-9.644801
-7.781171
-4.520174
-7.251879
-3.511901
-2.200885
-4.750865
-2.176169
-5.594382
-3.360604
-4.692779
-8.499016
-3.358703
-3.374583
-5.545119
-10.037073
1.078022
-7.748489
-0.480349
-8.938305
-2.922807
-3.648707
-2.070896
-3.353531
-7.204190
-10.584013
-8.705011
-12.495853
-7.799459
-5.984298
-4.464242
-2.743511
-7.257255
-5.998330
-1.724894
1.615050
-2.057131
-7.720603
-0.946196
-7.077343
-8.996928
-3.922233
-6.137969
-0.397733
-4.098094
-10.786768
-1.369696
-8.327631
-9.498316
-3.588654
-8.051132
-7.929688
-1.344883
-6.149899
-6.364528
-1.067105
-2.875931
-3.828881
5.801252
-5.467589
-8.581818
-8.983251
-4.012033
-3.924733
-4.910798
-2.316970
-3.737077
-9.377028
0.971262
1.789012
0.035225
-0.704226
-6.664194
-7.853990
-10.036586
-4.399367
-8.532308
-8.095004
-5.846215
-10.492011
-4.117471
-5.639648
-11.020642
-2.799784
0.838373
-2.600336
-11.281566
-6.744899
-0.071896
-4.140389
1.770849
-3.154895
-6.829005
-4.206809
-7.354753
-4.058686
-9.234178
-6.493320
-6.484007
-2.034188
-5.396090
-4.241653
0.662643
-3.209559
-4.176176
-5.935900
-11.603602
-6.933231
-5.869891
0.255073
4.851127
-8.581262
-2.853807
-2.584012
-6.539373
-6.780433
-6.842252
-9.698017
-10.347624
-1.092981
-11.715016
-6.252086
-6.000514
-4.829141
-11.752816
-7.353441
-2.857687
-4.220164
-1.809185
-0.931201
-9.477206
-6.627087
-8.604246
0.719204
-9.281860
-8.394102
-10.666185
-0.323777
0.332891
1.324203
-7.112026
-3.276008
-7.635757
-5.508389
-2.788841
-4.374118
0.330770
-4.758030
-3.269136
-6.293381
-6.536710
-1.610580
-12.067750
-5.062293
-4.645432
-2.505213
0.171670
-4.827034
1.592070
-6.526372
-8.034924
-0.227269
-5.317737
-5.577089
-0.307146
-0.678284
-8.885487
-0.706009
-3.375371
-9.901609
-5.130139
-4.870795
0.329099
-5.473308
-7.435287
1.980787
-0.310051
-8.513360
-4.030303
-0.766369
-5.978082
-12.607634
0.260754
-10.619566
0.882571
-5.545142
-0.446169
-10.228784
-3.872863
3.239843
-6.430133
-5.042592
-5.880962
-1.251591
-4.421864
-10.030419
-2.304155
-8.836123
-7.848374
-5.989746
-6.352211
-0.472733
-9.344726
-2.988016
3.686933
-2.716255
3.327233
-7.271545
-3.104823
-3.017147
-8.900035
-4.879086
-5.696499
-5.735953
-5.997822
2.044401
-11.468701
-3.254007
1.060906
0.801319
-4.112377
-4.337633
-7.033967
-1.303473
-11.618587
-9.390151
-3.795274
-4.193826
-8.906967
-3.353464
-0.624883
-10.893250
-4.937265
5.798243
-5.724136
-0.264223
-7.397990
-9.741765
-12.897671
-7.027094
-6.692981
-11.766871
-4.246785
-6.686999
-5.348431
-6.925444
-11.634190
-7.821686
2.238020
-1.889249
0.750803
-3.350357
-3.021700
-0.893189
-3.600968
-2.512091
-0.439197
-7.828053
-5.512537
1.798567
-4.827815
-6.758789
-7.787791
0.706183
0.750582
-9.731878
-10.425410
-5.317584
-2.114892
-5.690233
-5.050316
3.093215
-0.493451
-5.391773
-4.082141
-3.298949
-1.944698
-5.369982
-1.936076
-0.188022
0.202230
-7.064560
-6.307669
-3.369782
-5.192307
-3.859968
-6.505063
3.569672
-5.813856
-7.584957
-3.851603
-8.092112
-6.871679
-4.847384
-5.175083
4.050648
-0.522602
-2.333184
-9.564400
-3.172200
-7.509549
-7.294535
-6.448197
-12.751172
-1.519226
-0.742044
-4.032180
-7.034790
-5.210970
-10.159765
-5.210894
-7.011186
-3.031941
-3.000549
-2.471809
-2.951082
-7.031331
-7.641455
2.378628
-9.875718
2.774091
1.074531
-6.709234
0.529216
-0.987491
-3.570623
-2.803622
-4.512494
-2.483142
-9.254591
3.894428
-2.092397
-1.191861
-3.156065
-9.936359
-2.554850
-1.402312
-4.922291
-7.999044
-2.869021
-2.295380
-0.723622
-1.025583
-5.431415
-2.241084
-0.400538
2.145746
-8.562441
-4.270190
-4.675812
-3.937723
-0.471765
-8.771691
-10.561482
-9.278891
-2.803133
-5.063421
-3.454874
-5.075543
-1.808353
-4.230139
-6.910666
-5.469933
0.078664
-10.051703
-8.279844
-8.364991
-4.997481
-2.292324
-4.536071
-2.884030
-1.009336
0.344163
-0.544951
-1.015220
1.786333
-5.066256
-7.140868
-8.567028
-4.528920
-4.974895
-9.151655
-1.309011
-8.738008
-6.022380
-6.660730
-5.490830
-4.885449
-5.066364
-2.490286
1.020689
-3.491905
-11.006287
-2.187259
-4.381773
-7.609915
-3.703393
2.216106
-2.740032
-7.723470
-2.454772
-6.938884
-7.130648
-3.844070
-1.168130
-8.715963
-4.679987
-2.773380
-6.464256
-8.691527
-7.492557
-5.656630
-12.080147
-1.374237
-6.137751
-3.359706
-6.780304
0.659082
-4.774965
-4.669729
-6.314576
-2.305236
-13.038389
-7.640467
-8.663694
-7.358238
-1.517807
-8.353446
-8.217752
-3.139936
-7.231964
1.218498
-3.581500
-4.633335
-7.197544
-2.641124
0.190812
-10.615004
-9.041610
-2.006531
-10.452750
-8.701153
-10.657644
-7.889606
-2.751425
0.553378
-5.051418
-3.393801
1.104221
-1.624948
-4.334498
-7.822083
1.787063
1.451905
-2.163479
-1.981532
-7.906253
-8.195410
-10.527546
-5.802796
-4.260893
-9.933958
-2.297045
0.851069
-7.783569
-0.221011
-2.140736
-4.941646
0.136734
-0.987583
-5.156120
0.697129
-5.890693
0.830136
-4.511981
-7.753065
-4.102952
-8.236493
-11.646995
-10.263283
-5.954598
-2.067066
-3.482344
-8.101840
2.442205
-7.057678
1.736949
-5.223572
-4.935568
-6.844415
-4.142565
-6.171858
-2.104079
-5.736132
-2.676576
0.978550
-8.414671
-10.387560
-9.487185
-2.927214
-4.581294
-3.584959
-1.943864
-1.794980
-6.487603
-3.259402
-8.301605
-3.464015
2.336901
-5.093236
-2.002890
1.916932
-2.750037
-7.424373
-0.051761
-10.974647
-1.160963
-5.824700
-9.030445
-2.269588
-3.966618
-3.873247
-2.110065
-5.636338
-10.106219
0.422247
2.709764
-5.684057
-8.219603
-0.603170
-4.233724
-8.309884
-8.896095
-2.856773
-12.594734
-2.077962
-6.015084
0.594936
-5.290490
-0.158347
-8.711377
-4.249811
-3.209926
-7.263445
-3.702011
-9.415647
-3.427068
2.012733
-9.546738
-7.768292
-6.542613
-0.994503
1.423270
-1.694397
-6.126628
-5.926442
-1.204992
-2.678594
-11.539383
-9.651541
-4.800357
-6.320899
5.710895
-1.691384
-7.528704
-4.545018
1.377631
1.909755
-4.432651
-5.346467
-1.909756
-5.770761
-9.435975
-4.825513
0.765791
2.902125
-3.915298
-7.682146
-0.946139
-1.439708
2.338985
1.210455
-11.368784
-5.860376
0.520642
2.247417
-11.014254
0.634162
-1.404865
-2.279067
-4.827186
-12.017310
-2.857869
-8.465671
-2.052517
-5.644527
-8.141745
-9.288645
-8.653303
0.088392
-4.744169
0.406673
-5.967998
-3.554791
-0.629478
-6.874420
-0.558859
-5.204057
-5.922435
-1.318464
-6.412782
-6.732873
-5.129847
-9.614407
-8.879222
2.058234
-3.475709
-7.228287
-8.849443
-3.627537
-2.861009
-5.576934
4.328615
-12.688201
-11.203812
-5.982187
0.391598
-9.440048
-4.821170
-7.986174
-2.622231
-3.159905
2.536809
-3.248678
-1.298601
-13.039727
-4.836741
-0.488756
-4.645545
0.232366
-8.127803
-8.033348
0.274932
-3.684359
0.315183
-2.944535
3.736253
-6.550883
3.344020
-9.641052
0.320866
-7.052611
-0.924266
5.662522
-5.034619
-8.249667
-6.624362
-4.973749
-8.886558
-4.996891
-1.582248
-6.071126
-6.268346
-4.166234
-2.145621
-3.287864
-2.720570
-6.794003
-0.462332
2.902382
-2.402992
-3.266311
-0.537318
0.211236
-2.657424
-0.307468
-10.279703
-2.268909
3.460793
-10.276734
-1.025261
-3.202685
-3.826686
-10.047216
-4.208935
-0.792535
-3.706461
-8.371037
-4.151264
-2.757413
-1.572759
0.061225
-4.578419
-1.845669
-11.090639
-6.899717
-4.108290
-1.791896
-6.647569
3.126251
-1.650929
-7.947663
-2.773859
-8.800755
3.138854
5.005650
-0.953694
-0.881661
1.971736
2.542244
-6.158575
-4.804667
-7.085663
-3.137320
-5.677269
-1.220278
-3.535825
-7.214970
-4.876527
-4.372185
-3.227157
-7.342695
-7.481299
-3.415341
2.406701
-3.938066
-6.711196
-7.903996
5.033541
1.360877
0.315950
-2.937753
-10.691446
-12.809031
-4.956108
-4.850939
-5.214369
0.666394
-9.545602
-10.827229
1.238494
-6.173918
-2.337063
-6.698961
-5.021143
-8.549251
-9.544859
-2.602777
-2.891256
-3.808641
-8.486693
0.888481
-10.391462
-6.168855
-7.762915
-5.979116
-2.906933
-2.225797
-0.888078
-1.162605
-7.761181
-2.483653
1.888696
-3.569750
1.095472
3.517010
-8.343536
-6.899749
-5.317052
5.621565
0.978620
-7.286966
-4.657859
-5.911832
-0.704570
-4.656816
-5.741997
-2.685623
-1.642405
-3.003968
-5.833797
-3.284023
0.039921
-7.088993
-2.809285
-3.249508
-4.536700
-6.090704
-3.198159
1.109733
-1.150139
1.630464
-2.955189
-3.942156
-3.944384
2.009181
-4.662984
-7.655334
-7.398439
-10.770096
3.211795
-1.839646
-6.709269
-3.890581
-5.350550
-1.631506
-7.297077
-3.681163
-6.890677
-6.570867
-11.047875
-4.537899
-3.121524
-11.102228
5.031882
-4.553375
-2.503860
-7.763442
-3.341267
-7.972528
-2.628103
-2.700365
-7.023953
-4.361700
-3.207127
-7.343311
-8.898428
-12.601841
-1.057868
-11.440394
-5.600869
5.223755
-3.680734
2.574210
-10.414584
-8.702201
-4.398885
-3.646468
-5.282863
1.669038
-6.657603
-5.885090
-10.271550
-1.600838
-10.983797
-11.060759
-2.134616
-0.105254
-4.168366
-5.653420
-7.829355
-8.458006
-4.535231
-11.115176
-2.688576
-7.434254
-3.166988
5.246120
3.766958
-4.661212
2.029047
3.262136
-4.980783
-5.590462
-8.061434
-5.681601
-3.477540
-3.324770
-8.513696
1.867453
-4.759863
-6.873649
-6.125598
-1.175445
-10.085079
-1.756052
-6.118766
-2.021853
-2.402146
-0.858585
-9.708757
-4.245783
-2.039745
-4.279651
-4.288552
-11.404173
2.379555
-8.684941
-5.819071
-4.702326
-4.329853
-5.810650
-8.704961
-7.240915
0.421402
-2.649221
-7.526608
-3.793544
-1.650039
-5.701720
-0.233892
-2.693822
-4.726908
-3.602373
-2.028161
-7.225526
-10.070851
-3.251846
-8.518532
-0.172789
-6.681520
-8.084652
-6.137184
-7.351655
-2.686400
-8.105125
-7.202882
1.151340
-3.565146
-11.868773
-0.857175
-9.297560
-3.442752
-3.022797
-5.518480
-4.309745
-7.419115
-3.853377
-6.608229
-2.686846
-5.683352
-9.412091
-2.245501
-4.811349
-6.721047
0.887108
0.400455
-2.063218
0.461678
-7.312176
-4.596186
1.674283
-9.721372
-6.661084
-5.579240
-6.184011
-7.139837
-8.966470
-8.193029
-2.450418
-4.232340
-6.075788
-7.281217
-2.529566
-3.808220
-3.174796
0.880829
-0.663235
-13.024981
-2.751010
-7.229784
1.072695
-6.928597
-3.553696
1.489644
-1.889854
-7.288244
-9.215291
-5.565415
-3.707524
-5.413926
1.874921
0.013406
-0.593536
-1.653352
-14.984963
-6.337481
-8.659673
-7.872348
5.802621
-2.595357
-0.835432
-10.150475
-0.811362
2.374601
-1.360318
-7.029724
-2.286377
-4.909257
1.717072
-5.272158
-14.811775
-8.630758
-7.140877
-4.328001
-6.820078
-6.868671
-4.432916
-8.203732
-0.362458
-8.674285
-1.608428
-0.095046
-7.396921
-11.431957
-1.942461
-6.336898
-5.028587
-4.866279
0.077201
-3.294834
-5.835869
-8.310141
-7.605818
-10.293360
-4.826838
1.453466
-4.180904
-12.642723
3.012693
-1.541424
-4.025666
-6.971828
-6.543923
-0.876457
-7.801180
0.548313
-7.874236
-5.140963
-5.014213
-1.694320
-11.545258
-1.597836
-6.526816
-12.320822
-2.674666
-3.536085
-9.358780
-6.800480
-9.466223
-5.030954
-9.137131
-1.596411
-3.551695
-9.068724
-7.461513
-4.986019
-9.370122
-8.392941
-7.186770
-14.427350
-3.380084
-6.899197
-6.341156
-3.858121
-8.720768
-7.914875
-14.403939
-1.557637
-15.303288
-0.277351
-4.566469
-4.074771
-0.535021
-0.918448
-10.291469
-3.964524
-10.943401
0.656170
-6.291695
-9.132362
-3.058995
-6.593435
-1.476072
-4.554127
-4.110492
-1.892188
-7.609533
-3.369379
-3.290913
-10.468877
-13.361183
-3.677546
-10.511667
-6.872098
-9.030291
-0.734801
-7.440758
-7.294544
1.103898
-5.884021
-0.956915
-7.067180
-4.421734
-6.390337
1.732045
2.633334
-7.339147
-8.051928
-0.335596
-7.075864
-5.023074
-5.164540
-5.291575
-2.163437
-0.799381
-14.950642
-6.821137
-1.749484
-9.481485
-0.799810
6.246317
-8.620290
-1.988693
1.124822
-5.228257
-7.788285
-10.778894
-0.231624
-2.540679
-1.735937
-8.805725
-4.737037
-9.183360
-3.317828
-7.354546
-6.983672
-4.750668
-2.949755
-7.375170
-9.027593
-7.917579
-8.700860
-5.840667
0.145102
-5.139671
-4.103148
-2.699382
-12.354512
-5.649610
-8.240554
2.698723
-2.790793
-1.441586
0.261494
-7.696892
-4.139920
-6.981135
-1.131912
-6.702928
-4.969418
0.491831
-3.262980
-5.636792
-4.328801
0.307172
-7.850634
-6.443198
-4.338558
0.542007
-1.059662
-3.500446
-2.178049
-0.101905
-10.460419
1.057263
-6.389831
-5.077404
-1.931559
1.736356
-4.042740
-4.545050
-6.629199
-2.146220
-7.615974
-2.550009
-5.134261
-2.933697
-1.834992
-5.857061
4.552913
-7.354779
-4.390868
-9.522235
-5.306673
-2.709549
-6.469869
0.143286
-3.932868
-6.216139
-3.181658
-3.521109
-1.056809
-4.629158
0.191334
-4.949418
-6.861203
-5.813977
-6.007562
-0.248550
2.615909
-4.135067
-9.195830
-0.382123
-5.030079
-9.350455
-4.453022
-11.393360
-6.997355
-6.881139
-1.256421
0.590483
-1.000966
-0.460944
-10.283373
-2.823930
1.404660
3.828006
-10.440557
-6.722633
-5.687943
-6.174144
1.504025
0.051279
-4.699288
-3.784090
-2.075701
-6.043020
-0.938615
1.161344
-5.600424
-1.170493
-2.847856
-2.999079
-9.479172
-4.104724
-8.276576
-4.436200
4.217879
-9.177274
-8.835018
-11.695935
-3.508269
-2.572087
-1.208792
-4.964425
-8.573408
-5.194904
-8.765714
-4.308257
-4.881357
-5.886403
-2.651122
-4.126527
-1.532214
-1.860191
-7.827762
-8.070697
-1.213606
-4.879872
-4.654113
-7.792124
3.816528
-3.932117
-2.650100
-0.143758
-8.700448
-10.475230
-2.359219
-4.247083
-4.672937
-7.657484
-4.412602
-1.854306
5.980799
-1.893130
1.326382
0.409851
-8.599871
3.831232
-3.360733
-1.158706
-1.205777
-3.978728
-2.722152
2.202566
-2.912085
-6.162354
-0.384499
2.213614
-2.429407
2.152421
-8.588481
-9.111887
-10.617490
-7.416709
-0.916633
-2.225990
-4.799185
-1.466959
-8.326420
-6.062180
-11.043578
0.563603
0.949913
-9.032873
-10.888419
-6.276814
-7.143121
-6.811467
-2.633192
-7.601060
-6.946957
-4.105875
-1.129302
-4.624579
-2.704167
-8.312470
-6.793214
-3.787394
3.950974
3.332576
-1.765473
-6.690481
-5.598824
-7.007622
4.465586
-1.920672
-4.360526
-7.193909
3.460026
-1.727395
-7.636234
-2.432744
-6.979287
-3.030035
-4.060981
-4.767029
-1.562591
-9.052366
0.324086
-5.869970
-0.286842
-4.167517
-5.870198
-12.150065
-4.498316
-7.714794
-3.099443
-0.708580
-2.856752
-5.137929
-8.454773
6.040175
5.703453
-6.215112
3.439437
-4.916660
-6.859330
-4.359580
-7.548808
-9.752114
-0.857643
1.369067
-7.534181
-11.108395
-1.444423
-9.403299
-8.684050
-5.410207
1.284142
0.514494
-3.482178
-9.533933
-6.145666
-3.010802
-11.868540
-6.004006
2.944383
-4.757205
-6.808631
-3.254314
-3.734106
-3.309752
-2.346492
1.685892
-6.994835
-9.665154
-0.848436
-8.279263
-4.534841
-1.999743
-2.817097
-1.190486
-5.281155
-6.842197
-5.506779
-1.830999
-3.198566
-7.095893
-3.498882
-3.558837
-5.984208
0.948319
-10.711755
4.218094
-5.631308
-2.931487
1.143717
-5.346077
-7.684597
-2.430497
-5.740960
-2.103689
-6.536499
-9.759296
-5.325659
-3.235846
-7.108788
-1.378579
-8.800954
1.718051
-4.680791
0.241914
-7.167114
-8.970375
-5.424889
-0.747621
-2.733383
-6.110661
-10.059769
-7.070987
-0.394446
0.024501
-2.887104
-5.857476
-10.251865
-6.255703
-6.364529
-6.442921
-5.125707
-0.449038
-1.370924
-10.767024
-0.472508
-3.924368
0.533465
-1.113441
-1.270201
1.324704
1.206419
1.323198
-2.509629
-5.972157
-7.502562
0.106738
-2.992313
-3.072922
-4.701308
-7.660698
-4.787345
-9.528275
-2.700664
0.292713
1.569152
-1.099767
-11.811092
-8.502325
-10.041798
1.808272
-8.186500
-13.783881
-4.281633
2.192447
1.193633
-3.297790
-7.248611
-2.809843
-2.216711
5.149727
-9.181900
-4.509705
-1.923128
-13.170225
-5.254557
-7.217023
-8.403642
-5.204077
-1.668221
-0.009788
-0.993831
0.105994
-1.801834
-3.897052
-1.106802
2.899065
-3.858157
1.110686
-9.526672
-4.132298
-6.890108
-4.611044
-8.938121
-7.164246
-2.203531
-3.431445
-9.627195
-5.366928
-2.236567
-4.684118
-5.961612
-4.469823
-6.116645
-0.003850
-4.656680
-6.146765
-10.278411
-6.609167
-0.377909
-3.173033
-5.040670
-11.514778
-12.001810
-5.647276
0.410965
-4.152165
-9.125279
8.575578
-4.433393
-4.476716
-0.455698
-4.627587
-4.159045
-9.096957
-5.605653
-0.956550
-5.396747
-10.168945
-4.165259
-8.062363
-3.126348
-0.798796
-5.944261
-4.513542
-3.863692
-6.459517
1.702977
-3.492621
-5.760048
-2.906518
-2.528603
3.180620
-8.336067
-7.925997
-0.226154
-5.842803
-13.906702
-9.539687
-3.890955
-0.367407
-4.491283
-5.103887
-7.797307
-3.650894
-4.380047
-5.127882
-8.928626
-2.450345
-12.363502
-5.332608
-8.073692
-5.740308
-10.097226
-0.280359
-3.351482
-3.433564
-6.114652
-7.956161
-7.768203
1.862407
7.150452
-5.087936
0.616039
-8.387955
-2.100687
-6.763937
-8.060259
-4.609926
-2.656016
-4.468001
-4.926742
-9.593780
1.663602
-6.677194
-12.835829
-7.388327
-6.545577
-5.946864
-10.554244
-0.108293
1.241790
-10.737972
-8.924310
-9.365760
-8.367162
-4.665669
-3.970320
3.404450
-2.168989
-6.383168
-3.072985
-2.570738
1.185404
-3.924024
-5.067869
-9.007873
-7.666311
-7.879746
-2.282731
-8.934299
-3.127502
0.820760
-3.605992
0.118023
2.405909
-4.057442
-4.092259
5.984540
-6.312687
-9.957749
-2.777170
-3.763796
-3.017028
-10.820379
2.778131
-2.232749
-3.924089
2.281208
-7.321666
-9.430829
-2.906157
6.515126
0.919860
0.570115
-0.649894
-5.777496
3.046813
-3.519074
-1.443071
-9.390908
2.325366
2.471763
-11.211287
-2.827627
-10.733801
-3.429647
-1.752959
-4.417538
-6.379542
-6.995510
-1.660332
-6.451860
-3.791658
-0.784087
-10.524773
0.846978
-5.730951
-5.903346
-3.748331
-2.073805
-1.460528
-7.424127
-2.356109
-2.560453
-5.337012
-5.364825
-6.491940
-0.946119
-5.927613
-4.521469
-4.067822
2.441034
-5.711173
3.565399
-3.361009
-9.935381
-3.292082
-7.567767
-4.870987
-7.879019
-7.155857
-0.310132
-0.169278
-7.929929
-8.120958
-1.119901
-4.613353
-4.352287
-2.927088
-4.007482
3.108194
-2.828696
-6.396646
0.667582
-6.368140
-2.128350
-7.495841
-3.390503
3.969785
-8.176059
-1.224221
-6.008696
-4.577548
-1.679220
-0.575191
-3.239395
-2.898178
-7.952754
-5.796445
-6.659192
-3.941252
-5.286668
-3.555079
-7.720598
-5.326828
-7.966587
-3.951307
-7.648609
-5.969398
-1.518274
-8.978625
-3.472235
-1.950635
-9.928058
-5.815578
-9.542692
-1.934101
-8.066087
-2.191455
-1.275415
0.456401
-7.024887
-0.682512
0.743672
-2.406123
-3.675658
-1.197442
-1.784209
-6.790432
4.183899
3.770635
-5.826389
-7.960179
-5.322881
1.995568
-6.171687
-8.026690
-4.810999
-0.212254
-4.861403
-4.479829
-6.529181
-3.766043
3.725016
-2.907907
1.476064
-1.133405
-4.082099
-3.569994
3.682923
-9.887242
-6.934887
-4.273359
-2.066344
-0.768758
-4.598654
-2.753706
-5.455952
-7.074187
-7.925391
-5.774001
-1.183082
-4.355482
-5.514288
4.308614
-1.121263
1.154144
-5.498921
-6.704389
-6.717766
-7.183835
-2.682316
-9.712697
-0.161142
-1.953660
-2.142117
-4.576531
-11.930994
-6.792696
-4.097922
-3.601090
-12.615971
-10.195730
-7.913253
-4.978683
-7.554657
-9.618877
-2.214899
-6.196721
-8.553407
-8.515533
-3.819705
-1.847976
-11.536739
-12.544652
-0.081056
-4.721754
-0.722924
-1.080776
-0.217534
-4.932661
-8.404085
-1.520819
-3.220972
-5.067818
-6.372054
-4.338395
-10.872138
-5.484221
-4.502844
-2.506994
6.755504
-0.002823
-4.843633
-0.627375
-4.585964
-4.376796
-5.129003
-6.508742
-6.619627
-8.198030
-9.754288
-4.810070
-2.747152
-5.749675
-1.363668
2.951047
-6.571330
-2.580353
-8.275077
-4.340136
-7.728162
-3.031269
-0.488652
-7.763297
-6.366702
-7.048763
-6.631743
-6.446085
-5.055369
-3.598755
-0.268991
3.295460
-4.840106
-0.995651
-3.205572
-2.284828
-0.800235
-8.994081
-7.972600
-8.539116
-0.576625
-1.638339
-7.436683
-3.762055
-12.592887
-4.978473
-5.805910
-0.619132
-8.457144
-3.615852
-5.758851
-0.213261
-7.884550
1.836302
-4.817765
-8.508038
-8.530684
-3.557831
-5.281713
-1.712635
-1.844758
-3.972779
1.411963
-3.913820
-2.640850
-8.396578
-11.549713
-3.799798
-1.700821
-7.551001
-4.599072
0.809839
-6.450702
-0.270289
-8.920004
-3.812598
2.104184
-1.960849
-8.806332
-6.091586
-6.144171
-3.509507
-0.663744
-5.090644
-8.472392
-5.304634
-8.611236
1.507091
-4.689229
-2.971178
-10.153370
-6.558310
-8.767200
-7.301619
0.420706
-3.495307
-10.996510
0.482362
-4.785329
-4.880588
5.311317
2.600567
-9.531358
-6.559568
-0.720104
-4.728030
-4.504347
0.834561
-3.605017
1.159034
-0.252658
-0.839815
-6.232106
-8.844213
-12.273927
-2.659827
-4.810811
-1.470464
-3.519924
-3.526502
-2.459075
-1.632649
-3.719712
-5.510800
-5.613984
-6.605450
-12.718370
-3.722882
-5.899242
-2.300579
-7.947448
-7.752755
-3.405136
-1.788593
-9.571651
-10.650116
-10.005830
-1.251565
-1.679213
-10.205262
-7.201863
1.956126
-4.902042
-3.318390
-8.678028
-6.041519
-7.323195
-4.496622
-9.941257
-3.115345
-9.814848
0.357033
-7.492527
-4.024542
2.379591
-2.405160
-3.275964
-7.732256
-7.831144
-1.311828
0.174661
-9.830942
-1.836179
-4.848019
-3.705909
-5.747746
-5.388907
-1.081571
-6.371748
-1.400731
-1.877621
-0.173108
-4.314417
-2.399402
-3.426851
1.442739
-8.533220
-6.717686
-2.819280
-6.907789
-5.548437
-3.803525
-7.640928
1.409899
-7.378162
-9.856815
5.385283
1.692154
-9.306505
-4.417823
-2.055179
-6.804041
2.218069
-4.008730
-9.564269
-6.186064
-2.149426
-3.893996
-6.541042
-9.685108
0.424052
-4.548285
-4.082328
-8.002270
-9.769707
3.725797
-8.189198
0.269033
-2.684034
-9.125581
0.434482
-4.571146
-8.368930
-9.364887
-8.050067
0.637467
-6.887125
-7.940590
-1.020946
-2.812575
-10.156899
-11.506701
-11.398541
-3.439474
-5.097013
1.252633
-2.788465
-3.472636
-0.520916
-6.011948
-11.394092
-3.847976
-2.914387
-3.537443
-1.956534
-10.999825
-4.280427
-5.408690
-0.739239
-0.688957
-3.216875
-9.835675
-0.055297
-9.951247
-6.447227
-6.420652
-3.710098
-4.446502
-12.220922
-2.661651
1.822176
-3.718546
-13.725694
-4.166919
-9.389815
-5.444900
-6.558457
-6.696986
-6.174063
-10.150051
-2.963643
-3.167293
-7.439943
-0.433524
-6.588594
-1.442180
-6.050454
1.591876
-1.931859
-4.282875
-8.527980
-0.322274
1.002092
-1.756900
0.691670
-7.485075
-9.452455
-10.148451
-3.982342
-9.622429
-8.922176
-7.626143
-7.980160
-5.605155
-9.924718
2.920067
-5.346376
-2.643148
4.201408
-1.418541
-2.537393
-1.058297
-6.227769
-4.858716
-1.782799
3.883000
-1.835278
-10.254058
-3.574666
2.322021
-3.514200
-0.705542
-10.159218
-2.647360
-9.527615
-8.437506
-1.679298
-2.698787
-5.197991
-13.093849
-0.081020
-3.752277
-5.979240
-1.216801
6.500038
-4.445732
-9.117988
-8.742579
-7.168427
-1.541305
-1.835362
-6.671996
-7.367240
-2.689135
-4.547349
2.643251
-0.038597
2.204726
-4.534196
-7.820645
-6.611576
-7.782825
-9.168038
-4.693300
-0.176373
-0.658296
-2.685236
-8.679565
-8.594919
-5.642766
4.577089
-5.733228
-10.719887
-10.349956
-2.027158
3.729486
-5.196448
-10.040977
-4.519532
-7.193834
1.243275
-8.510898
-8.001663
2.344300
-3.189922
-3.714399
-6.642252
-0.708710
-5.912786
-3.018111
4.500381
-9.198881
0.693579
-3.281050
-8.968685
0.823830
-1.489512
-5.533603
-9.658801
-4.055333
0.922018
0.247781
-6.224038
-2.706608
-9.332374
-1.656059
-0.553664
-3.329376
-5.106121
-6.534877
-9.061825
-6.855207
-6.366732
-5.663641
1.786324
-8.258184
0.942837
-11.550006
-6.080288
-5.004480
2.454925
-1.957452
-8.348692
-2.917633
-0.876885
-9.603689
-2.779462
-10.504509
1.319557
-6.493695
1.036238
-3.872276
-7.717575
-4.375878
-2.832353
-2.017745
-4.460360
-6.242619
-7.992790
-3.896823
-6.233247
5.480211
-7.554083
-4.803026
-13.899187
-0.449675
-4.845196
-8.213402
1.456466
-8.131855
-9.051947
-2.338563
1.125268
-10.319258
-7.810787
-8.973579
-6.158495
3.452010
1.375217
-4.639218
-2.221758
-10.220487
0.244060
-3.802796
-8.225738
-2.513836
-10.096506
-0.564282
5.995785
-7.340979
-8.625076
-6.636560
-8.620605
-6.779532
-3.992145
0.504007
-1.562354
-9.257635
-6.418838
-2.329764
-12.639729
-4.604945
-5.452543
2.364555
-9.820031
-6.047230
-4.138083
-6.401570
-11.562383
2.035445
-8.332966
-3.195383
-7.967264
-6.153721
2.971609
-0.128322
-11.092823
-1.851617
-4.593548
-3.756364
1.021358
1.480692
2.636897
-6.367408
-4.176752
-4.478294
-5.371154
-1.443785
-0.957245
-8.701391
-6.952009
-2.943322
0.292011
-1.498988
-6.034231
-0.412267
-3.659047
-13.539986
-9.233000
-2.163700
-6.356610
-8.730463
-1.099023
-3.377958
1.021751
-5.114789
-6.504955
-4.319314
0.331162
-0.729959
-1.486742
2.743591
-2.638474
-1.332014
-12.584806
-11.126834
-6.604472
-10.848691
-1.349532
1.679657
-13.311641
-0.936106
-1.742905
3.946980
-0.438768
-2.005348
-3.144128
-4.946580
-4.082609
1.704712
-5.037855
-5.829411
-8.193825
1.621793
-5.272918
-2.533638
-5.593406
-6.611636
4.077848
-5.000101
-3.321477
-5.680960
-6.448458
-9.226774
-8.722221
-5.618299
-4.647919
-2.163933
-2.084724
-4.180913
-6.785852
-2.677437
-2.325481
-11.276073
-4.353370
-10.571861
-1.199950
-2.540089
-2.271206
-6.019547
2.377026
2.612763
0.094649
-6.047610
-9.221540
-2.613888
-3.978216
-7.600982
-1.430860
1.922499
-1.939391
-11.280205
-12.172653
-2.635680
-3.704710
-1.186718
-2.802623
-0.142561
-0.416856
-5.280044
-6.279170
-6.553395
1.777344
3.411258
-8.878164
-0.967319
-0.770346
-9.617534
-5.235697
-0.543827
-11.780627
-0.901427
-7.295734
-1.034320
-5.827833
-7.939304
-7.733883
-4.172699
-9.617360
-4.010941
-8.671754
-4.236423
-2.294383
-5.429652
-6.495251
-0.983031
-1.448002
-5.461434
-7.313175
-7.558517
-4.056108
3.208810
2.961648
0.935278
-3.572084
0.073989
-2.357394
-6.283598
-4.341238
-6.872553
-4.176955
-7.755480
0.373855
-2.426188
-2.255512
-6.394309
-3.573855
-2.146784
-5.653978
-4.403114
-1.747878
-6.027735
-6.223293
-4.311646
-11.197496
-1.863528
1.882511
-2.838736
-8.332393
-0.486558
-6.254181
-7.158138
-4.042174
5.544260
-1.149859
-4.683985
-3.458319
-7.140770
-6.401456
0.189115
-1.819996
-5.093949
0.235003
-5.472051
-5.212402
-2.810309
-3.692690
-2.389097
-4.294687
-7.946503
-2.452410
-3.758858
-5.680697
-6.627829
0.379097
-5.812245
-2.661390
-5.926100
-1.759949
-7.039251
-1.911138
-7.365294
-2.579377
1.303146
-7.765707
-5.269070
-4.259229
-9.649367
-0.758194
-6.949726
2.429889
-10.319915
-6.641611
-1.117421
-8.600279
-6.047190
2.746775
-3.229567
0.446086
-0.731158
-5.221586
-3.147042
-9.477827
-8.770769
-1.544076
2.136940
-3.644085
1.451012
-11.765040
-7.587384
-8.417109
-6.140753
-3.294669
-0.761801
-1.130295
-3.177794
-2.823143
0.537436
-7.097683
-10.099463
-2.425974
3.157943
-6.557199
-0.617305
-5.136445
-9.258089
-2.986167
-4.691926
-0.305463
-5.119500
-2.056301
-12.353665
-5.818991
-8.305525
-3.611986
-1.723838
-7.652777
3.574316
-9.585398
-13.166815
-4.805141
0.621795
-6.642369
-3.835686
2.240469
2.107548
-1.585060
-6.295680
-9.386930
-3.870379
-5.509586
-6.448840
-4.191536
1.332908
-4.679748
-3.318401
-8.579233
-2.986055
-0.866052
-8.162780
-7.678137
-7.664203
-3.103015
-2.797773
-4.879611
5.705638
-3.041982
-1.510685
-3.732448
-0.547235
-8.816801
-11.536655
-5.899599
-5.741414
0.239197
1.224722
-10.225021
-8.722590
-8.553210
-4.310524
-4.209715
-6.028274
-9.072313
-3.072336
2.957538
-10.240844
-5.845497
-3.645488
-7.966913
1.151017
-1.470534
-3.108313
-3.915287
-0.108274
1.564244
-7.980042
-6.901726
0.188512
-6.170099
-0.280350
-3.380181
-4.549749
-4.523954
-2.952928
6.701509
-0.403238
-4.172354
0.830883
-11.119893
-2.785530
2.383373
-7.080134
-3.962308
-6.143882
-9.943580
-8.373312
-4.596171
-5.870641
-2.709873
-6.450400
-4.521384
-10.781281
-6.212014
-3.882193
-4.837706
-2.443593
3.963183
-1.773818
-7.857225
3.648637
-7.206856
-2.145570
-4.090195
-1.686858
-4.875502
-14.424557
-5.218954
-3.472429
-4.487176
-3.846372
-6.843558
-1.584797
-2.081594
-3.573264
-3.730666
-9.997878
-2.840839
-9.601817
-5.884066
-5.279236
-5.707623
-2.955907
-0.914164
-8.841793
3.612336
-2.556767
-12.327009
3.972810
-0.752391
1.840373
-0.282026
-0.233617
0.016241
-10.028429
-3.312495
-4.696089
-1.211135
2.596941
-2.252153
-8.238844
-5.283791
-5.434834
-9.477887
-7.055318
-10.032527
-6.859045
-5.637521
-6.686107
-7.447512
0.851688
-3.608529
-3.566828
1.748508
-2.971359
-2.946370
6.372573
-2.586340
-7.946390
-5.794833
-3.419862
-1.903297
-3.176469
-7.782195
-1.304479
-4.081134
2.544728
1.095969
4.805319
-8.670891
-1.273199
-1.666386
-4.428180
-8.818204
-2.297885
-4.623603
-0.062117
-4.677226
-6.122446
-8.815407
-7.960900
-5.012828
-4.095995
-9.230099
-5.680018
4.576839
-3.919179
0.087094
-10.098189
-7.014739
-1.071302
-7.568036
-8.246609
-0.174939
-3.855784
-4.049961
-6.707342
-2.083993
-5.629298
-1.150408
-7.802495
-8.784441
-5.285788
-6.211137
-3.001291
1.345362
-2.700973
1.165538
-5.928406
-5.204797
-6.607257
-6.535297
-9.489552
-5.014277
5.200717
1.200838
-2.757628
-10.585586
-5.100626
-8.135458
-11.250048
-3.321315
-4.181911
-7.570912
-6.885416
-6.256208
2.345525
-6.197454
-1.475985
-2.285255
-1.878481
-6.593987
-5.845928
-8.192791
-1.673479
-6.029994
-4.243726
-7.036618
5.133057
-5.796610
-0.824529
-8.433254
-6.944890
-7.261820
-9.027669
-5.015825
4.058741
-1.004196
-7.175236
-8.425254
0.838055
1.515663
-6.777498
-7.620938
-8.890875
-10.218679
1.447611
2.144065
1.029087
-2.665744
-0.657362
-6.225245
-7.548485
-9.200349
-10.359682
-6.995009
-4.274477
-5.062650
0.020065
-2.551641
-8.508506
-2.960495
-4.736211
-6.131540
-2.037632
-0.737280
-9.478265
-0.119634
-2.827304
-6.449286
-4.290390
1.137208
-6.488797
-1.625190
-4.027768
-7.904195
1.005518
-5.571366
-6.825491
-2.478448
-1.405439
-1.817012
-2.815272
2.070560
-4.284596
-8.404936
2.709988
-8.370035
-2.909792
-1.845368
4.788334
1.787376
-4.434012
-4.591244
-2.621915
-1.554497
3.150851
-4.763474
-4.365591
-5.083370
-7.802428
-8.588351
-1.230522
-5.090735
-6.326285
-5.710043
-4.627483
-5.322598
-8.568884
-0.117175
-5.669757
-4.231334
-6.667139
2.466083
-5.249701
-0.305113
-9.784308
-2.555480
-4.212564
-5.275949
-2.274886
-5.110519
-3.796038
-5.901435
-2.456593
-5.722792
-9.120235
-2.562581
-1.814205
-4.560826
-3.544274
0.154485
-6.389184
-6.759517
-7.214705
-6.322555
-2.850339
-5.066155
-5.890405
2.802798
-5.111537
-2.029052
-5.270915
-1.568087
0.116945
-9.074520
-2.816041
-0.490230
-2.108435
-5.174320
-5.332875
-6.141673
-3.713463
-5.746070
3.897445
-7.089022
-6.582672
-1.294771
-3.047615
-6.710248
-3.293068
1.196266
-0.232063
-1.676872
2.476808
-7.224461
-2.313978
-9.064512
3.056789
4.515963
-3.353835
1.672147
-8.032746
-2.874966
-1.024563
-0.015930
-5.709984
-9.225594
-1.167197
-4.239872
-11.229997
-2.278300
-3.630749
-8.565734
4.508570
1.775718
-1.122142
-12.308183
-8.355370
-7.096531
-3.936184
-0.561163
0.839825
-9.876161
-4.535428
-2.934661
1.566451
-11.778757
-4.809137
-0.408095
-3.993817
-3.095868
-5.920071
-4.536522
-0.332180
-2.151528
-7.239396
-7.965023
-1.021728
5.445794
-4.644055
-7.720252
-0.429920
-0.644248
1.830482
1.506019
1.043345
-1.981950
-10.558702
-2.908471
-3.043156
2.810811
-7.837239
-8.911032
-9.574666
1.474958
-2.579752
-8.877140
-7.749527
-9.765252
-10.444243
0.208191
4.122214
-4.097507
0.333026
-4.028316
-1.810761
-1.876647
5.413031
-5.455203
-0.638094
-4.259331
-7.377140
0.983234
1.760918
-2.366987
0.679536
2.867662
-4.647994
-3.168761
-6.723172
-6.518288
0.554364
-10.582234
-0.902658
-4.699252
-2.763506
-4.498173
-9.731938
-1.209838
-4.177236
7.481150
-4.782686
1.459957
-8.145639
-6.223256
-3.265898
-1.794687
2.450708
-2.396321
-1.497912
-9.622798
2.473430
3.582273
-5.977734
1.169912
-10.849657
3.681165
-13.353635
-10.166701
-5.494499
-6.281378
-6.859647
-11.040481
-11.220889
-1.508646
-3.622571
-8.162621
1.336037
-8.708351
-0.292993
-2.751101
-7.525371
-4.027814
-7.874774
-2.883731
-7.401994
-5.305507
-5.501265
-1.389086
-7.089445
-7.847199
-5.204969
-4.224487
-3.318424
-4.669198
-4.319293
-4.831274
-7.126620
-8.900545
-5.011024
-11.316117
-6.536476
-3.743840
-9.365924
-2.012058
1.162490
-5.508389
-8.042996
-2.939293
-0.819294
2.020133
-4.424420
-5.140203
-6.020285
-0.180095
-4.976126
-7.005110
2.200228
-3.224676
-8.203447
-1.617702
0.405074
-5.690656
-5.327292
2.377629
-7.456842
-7.835298
1.519699
-7.270010
-4.966100
-8.631364
-1.114619
-6.178560
-7.333464
-5.643115
-10.569798
-5.757855
-6.212633
-2.290601
-8.473862
-4.687068
-7.692151
-2.021929
-7.253489
-9.768031
-7.442522
-8.138220
-5.567694
-4.346162
-3.594651
-9.696182
0.008688
1.533748
-1.733400
3.261641
-8.035393
4.405964
-3.257777
-1.454112
-7.141262
-3.489914
0.058372
-3.441576
-6.502529
-10.206027
4.821114
-7.784651
-0.768897
-4.775313
-4.278840
0.251714
-0.581560
-5.582228
-8.066277
-5.846385
-7.819978
-5.438079
-2.317442
-5.732574
-1.871128
-1.889530
2.421605
-2.040863
-2.636880
-9.010619
-7.645833
-7.539762
-1.488055
4.317222
-10.278801
2.087206
-3.175072
-5.194643
-6.615362
0.796539
-11.684052
-9.762444
-0.651961
-5.211387
-8.967771
-5.813044
-3.473977
-1.371946
-6.576240
-5.116161
-4.938904
-7.861704
-7.736221
-4.879240
2.624269
-4.185917
-0.499681
-5.889819
-5.675565
-4.017378
-6.845618
-6.918962
-8.322594
-2.089235
-5.677073
-5.048304
-5.537283
-6.572632
-4.923170
-6.525221
-3.221437
-3.060596
-6.900594
-0.572629
-1.978027
-3.177911
-6.456793
-7.651988
-2.358598
-1.651788
-0.776789
-2.968282
-8.907888
-0.618519
-2.231331
-13.550178
-3.226633
-7.154999
-2.886969
-6.652817
-10.710886
-7.403878
-4.235011
-7.344999
-12.520188
-6.272642
-9.796634
-4.186281
-7.451923
-1.231984
-3.248436
-6.812546
1.876920
-0.468162
-4.393740
-8.576788
-6.459115
-2.882009
-9.625064
0.153303
-8.904773
1.763930
-2.261964
-4.060244
3.942619
-3.722341
-1.097855
-2.871143
-0.320369
-3.532156
1.698977
2.290096
1.372520
-3.928385
1.440156
0.573482
-10.827539
-4.970456
-4.017098
-8.160263
-0.370143
5.897080
-7.931047
-2.855032
3.651247
2.608677
-7.281522
-12.344438
-8.539546
-5.176148
-1.244788
-1.427544
-2.806172
3.203055
-5.833697
-11.958946
-7.043297
-0.205588
-4.484754
-8.132970
-5.183003
-10.913237
-0.816029
-3.408129
-11.253217
-12.632900
0.442935
-7.313386
3.720896
-6.347718
-3.264533
-8.665178
-5.389023
-3.407256
-12.268402
-2.026554
-6.880160
-9.205349
-1.645675
-2.591354
-10.814366
-5.346955
-1.371170
-8.318353
-3.266083
-3.746394
-0.924664
-7.125845
-0.930642
-5.742168
-10.209883
-0.299830
-1.071302
-10.574726
-6.321451
-3.001912
-1.398566
-4.890082
-6.248065
-5.744489
-5.582551
-0.640480
-7.927568
-4.538483
-1.005183
-8.992310
-5.095947
-1.490891
-0.999399
-6.423999
0.086794
-2.317679
-9.916342
0.250569
-2.792280
2.103091
-9.332916
-8.062007
-1.221710
-4.811294
-3.944666
-8.134016
-3.767266
-5.262198
-6.467278
0.404740
-0.391688
-7.612081
-7.843224
-7.651479
-9.067526
-0.874711
-2.629817
-6.502823
-8.875376
-1.085114
-1.744463
-1.813851
-3.599177
-8.285713
4.682862
-3.462404
-3.567151
-7.782228
-0.290293
-0.951351
1.616642
5.273763
-1.801314
-2.461912
-1.536292
-7.430729
-9.014716
-3.972157
-2.948576
-3.823776
1.740404
1.839098
-2.860291
-5.627732
-6.125674
-4.480041
-3.540172
2.108146
-8.945650
-10.425226
-6.468867
-8.963302
4.486989
-1.513674
-7.300958
-9.244024
-4.770578
-6.673361
-7.727015
-4.833718
-4.356052
-5.138359
-6.110688
-0.555263
-2.461151
1.703333
-1.696387
-5.749352
-7.303972
-7.892137
-6.577466
-5.341765
-6.705938
0.456748
-3.140361
0.120252
4.709977
-10.977547
-2.207526
-1.812077
-3.366540
-9.327697
-1.206395
-3.581341
-3.443832
-2.554701
-10.486459
-8.160787
-10.126888
-8.001057
-1.513049
-7.266233
-0.419885
-6.226410
-3.953520
1.824826
-7.877900
-9.548040
-7.335183
-2.415997
2.015870
-0.419066
1.383185
-6.055007
1.845940
-0.637190
-1.177963
-12.202548
-9.395036
-5.143560
-7.328919
-5.612405
-2.456699
-3.660169
-0.055030
-8.939489
-3.958314
-5.169143
-2.399839
-7.952829
-5.561287
-3.728245
-0.046068
-0.636026
-4.619314
-3.082442
-7.981656
-3.045193
-5.269986
-4.470963
-0.670180
-1.888380
-6.493529
-2.542069
-5.384006
-0.734454
-4.335958
-4.015742
-1.899327
-1.263850
-6.619983
2.855598
-2.917725
-1.875032
-0.468423
-5.578813
-12.265456
1.323680
1.307933
-6.512630
-2.153298
-1.612192
-9.910733
-1.673511
-6.139631
-3.031639
-0.355232
-3.940183
-8.702734
-9.194888
-2.480030
-7.479695
-3.250240
-3.943083
1.081958
5.902104
4.514755
-10.419229
-7.051971
-5.970129
-4.787310
-2.615561
-5.390981
-5.964496
-5.379841
-3.903685
-3.733624
-7.927416
-3.389006
3.136467
-8.573914
-4.030614
-1.987919
0.737550
-2.898894
-1.469128
-3.099648
-5.348330
-6.246348
-3.506188
-4.255625
-7.815147
-9.791910
-2.423630
3.331079
-6.860817
2.267533
-5.399552
-6.243507
-7.312307
-1.411937
-0.221391
-10.514714
-5.205412
-0.575567
3.473551
-4.169372
-6.939649
-6.972725
1.657899
-9.064666
-7.010989
-7.544622
-3.875618
-9.817554
-6.308347
-3.564626
-4.304848
-5.305536
-4.930645
-2.619811
-1.261421
-0.866840
-3.347762
-5.465456
-3.170001
-6.036353
-12.533472
-1.078461
-1.668892
-0.979391
2.100357
-0.740722
-7.546108
-2.720611
-1.459779
-1.026600
-8.702232
-5.744777
-2.190185
-5.499890
-2.310187
-7.152267
-7.473647
1.261090
-6.928144
-4.322329
-2.191159
-2.191322
-8.198581
-11.700519
-2.024464
-9.977447
1.837897
1.554894
-7.262457
-0.058852
1.413378
-4.261506
0.371795
0.101073
-6.098445
-1.744266
-14.259033
-6.161306
0.264711
-1.453053
-1.970968
-5.036345
1.176138
-4.324725
1.242401
-1.507557
-8.342234
-5.311622
-4.442837
-1.489747
-3.913149
-5.508027
-5.333604
-6.173421
-4.760137
1.357386
-4.747187
-8.020298
-6.751266
-4.467111
-3.264305
-9.845770
-8.120806
-2.071575
-1.069983
-7.273858
-8.687966
-6.053789
-2.984499
-4.016647
-3.093145
-5.742520
-2.126893
-9.320471
0.697341
-0.925639
-4.740786
-4.072927
-10.260382
-9.739037
-10.908403
-3.687579
-3.722856
-3.356212
-8.189645
-2.765418
-5.086872
-1.049742
-1.622804
-0.990785
-0.896030
-11.173348
-3.782807
3.658416
-7.014069
-7.438975
-4.301578
-5.658967
-5.813349
-3.149544
-2.371293
-7.540580
-5.337316
-5.993603
-1.600839
-6.746758
-9.144572
-7.239081
-6.464384
4.847954
-6.485195
-12.011724
-5.276392
-3.378429
-8.834326
-0.914445
-5.119000
-2.798781
-6.184122
-8.275570
2.742140
-9.715723
-1.940375
-0.970874
-1.640917
-2.004683
-7.559795
-2.457529
-1.884742
-4.013072
-4.969157
-2.282045
-3.816876
1.480510
-7.643448
1.048896
-1.239700
-6.491536
-5.305096
-4.197671
-7.674290
-0.411754
2.699520
-2.633014
6.258022
-3.932006
-7.155199
-3.512948
1.385718
-8.570932
-4.729698
-10.357324
-10.412038
-6.209740
-5.497825
-3.691855
1.577383
-7.985964
-6.464462
-7.076208
-0.015117
-1.179793
-7.659607
-6.057684
-1.415757
-3.145502
-4.351850
-1.200681
0.298140
-1.077001
-1.533144
-5.448845
-1.147204
-1.667303
-1.051274
-8.984051
1.152756
-4.794060
-4.951015
3.965252
-7.773845
-2.585335
-7.802354
-6.992283
-5.124479
-4.467742
3.286264
1.385524
0.801496
3.994773
-4.505417
-9.619095
-10.412745
-7.119793
-4.686259
-6.651257
-7.694796
-1.830039
-1.778952
-4.315021
-3.773204
-2.917300
1.608550
1.492762
2.162173
-6.006223
0.233041
-7.340700
-7.601437
-6.039005
-2.385106
-3.328593
-6.953831
-8.811797
-0.857397
-5.501242
-3.949523
-2.596636
-1.313599
-2.796322
-10.032556
-2.259925
-0.574746
0.062296
-5.099777
-0.727955
-5.978320
-3.663847
-6.675177
-9.934848
-2.275333
-8.898815
-6.425156
0.271892
-4.459354
-5.932213
-0.349293
-7.105507
-0.406577
-7.825888
-1.132894
-8.787254
-7.999803
-1.987730
-1.058669
-10.603779
1.636849
-5.646773
-5.808681
-7.558388
-7.885173
2.117568
-5.402642
-6.804802
-6.852668
-7.598339
-6.153031
-7.444976
-5.475654
-13.072087
-2.244888
-10.655121
-2.622082
-4.114178
-3.144269
-6.119631
-0.762065
0.375952
0.234311
-6.020163
-1.034583
-1.691725
-4.094395
-12.814987
-3.947273
-8.079693
-3.115652
-3.120173
-0.861650
-1.465050
-4.073400
-10.205605
0.938890
-8.969754
-11.468290
-5.688918
-4.849789
-4.141013
7.736917
3.004422
-9.552678
0.840890
-4.484741
-1.298820
-4.434998
-5.973375
-11.179677
1.664708
-7.510643
-5.053312
-3.674053
-1.522234
-6.153166
-2.772075
-9.180850
-0.654936
-8.934409
-4.980929
-0.299100
0.138488
-4.496334
2.722858
-4.094478
-8.901684
-3.530092
-1.808967
-2.139259
-3.229447
0.932447
1.790245
-3.539586
-4.598490
-8.986597
-9.075362
2.454502
-5.244609
-0.630890
-1.345970
-0.033673
-8.208827
7.147723
-6.083182
-7.339137
-0.906892
-8.247737
-6.325112
-3.182163
-4.441486
-4.695490
4.439385
-6.216247
-6.965831
-3.932297
-1.825811
-0.019649
-8.034518
-5.642117
-0.968805
-0.737871
-4.859923
-2.147699
-6.923267
0.669187
-6.070301
-5.333551
-7.383116
0.567528
-0.831054
-3.993956
-6.559417
-6.101943
-3.710925
-6.593299
-5.381022
-4.123896
3.456159
-3.227147
-1.693012
-1.523986
-2.734342
-2.832285
4.450674
2.099883
-4.438291
-3.293889
-4.630012
-1.478387
-2.766986
-2.420928
-6.183279
-1.704108
-7.969758
-0.211443
-1.351559
0.636750
-0.209066
-8.921850
-6.815601
-4.872937
-7.122241
0.630856
-0.029727
-6.110739
-2.204270
-6.553126
-0.632236
-3.289465
0.082743
2.166689
6.170048
-9.139138
-5.226902
-6.651506
-5.041714
-2.990654
-2.043347
-1.210379
3.009483
-6.557731
-5.428369
-5.419518
-7.961231
0.468327
-1.497048
-1.445209
-9.542109
-0.410211
-6.771477
-5.767382
1.806650
-7.558341
-8.157937
0.354624
2.112171
-0.730330
-4.506495
-0.741551
-6.640430
-3.106554
-8.653899
-3.632510
-5.685834
-8.217654
-5.317940
-8.512603
-7.244776
-6.007516
-1.432654
-3.107265
-0.298599
-2.117644
-1.481863
-2.841354
-9.759664
-7.279891
-2.553675
-0.259922
-4.802445
-7.212393
-1.929977
-3.551011
-8.573107
-6.156992
-0.930139
-5.874828
-11.820697
-5.054525
-2.545753
-6.790230
-4.847103
-5.476837
-1.317260
-4.456108
-4.787285
-5.933383
-1.491132
-1.593820
-5.282670
-1.940918
-7.950210
-6.901802
-11.116705
0.604207
-5.397345
-2.712726
-0.532647
-5.638875
1.089948
-8.111032
-0.549709
-0.504994
-7.071136
-4.054976
-7.752188
-6.528028
-4.512169
-4.333210
-6.749754
-8.434021
5.557439
3.099718
-7.956589
-1.627109
-1.623057
-0.405328
-4.719326
-1.339961
0.024179
-1.592828
-3.051934
-3.195380
-2.607891
-0.292960
-0.796215
0.874620
-1.668901
-5.908373
-0.739861
-4.631098
-7.676880
-1.811612
-5.360137
0.033061
-4.369930
-2.822863
-5.298385
-1.894879
-3.154975
-4.512934
-3.667313
-2.959521
2.356049
0.497039
0.274185
-4.580404
-5.500857
-3.304524
-4.496965
-7.043435
-5.202138
-8.291541
-6.604315
-5.658698
-3.484056
-2.678179
-5.929552
-5.197874
-2.335065
-7.292115
-7.144699
-6.831379
-5.812672
-6.414704
-6.994764
-4.468236
-8.415792
-11.199390
-6.165861
-2.473221
-3.888829
-6.044415
-6.173189
-9.467620
-1.005902
-6.771307
-4.209741
-2.576185
-4.310651
-2.835966
-5.571953
-6.297092
0.751275
-2.389724
-5.682711
-8.478294
-8.970132
-3.956219
2.129519
-2.614948
-5.218571
-3.924964
-3.058635
-5.623089
-3.363870
-7.683514
-4.630127
-4.188251
-3.847436
0.936363
-7.016082
-4.490330
-5.927104
-6.506615
-4.688351
-5.005452
-1.994139
-3.245294
0.177622
-5.919888
-2.064812
-2.196779
